Timestamp,User Count,Type,Name,Requests/s,Failures/s,50%,66%,75%,80%,90%,95%,98%,99%,99.9%,99.99%,100%,Total Request Count,Total Failure Count,Total Median Response Time,Total Average Response Time,Total Min Response Time,Total Max Response Time,Total Average Content Size
1728817484,0,,Aggregated,0.000000,0.000000,N/A,N/A,N/A,N/A,N/A,N/A,N/A,N/A,N/A,N/A,N/A,0,0,0,0.0,0,0,0
1728817485,10,,Aggregated,0.000000,0.000000,110,120,120,130,130,130,130,130,130,130,130,10,0,110.0,115.35463749896735,102.68112504854798,129.5555830001831,14.0
1728817486,20,,Aggregated,0.000000,0.000000,110,110,120,120,120,130,130,130,130,130,130,23,0,110.0,103.36209413008359,48.50554105360061,129.5555830001831,14.0
1728817487,30,,Aggregated,10.000000,0.000000,100,110,110,120,130,150,170,170,170,170,170,43,0,100.0,96.67199223605526,48.285334021784365,166.03941598441452,14.0
1728817488,40,,Aggregated,10.000000,0.000000,100,110,110,110,150,150,160,170,170,170,170,72,0,100.0,89.32597279231737,47.8290420724079,166.03941598441452,13.972222222222221
1728817489,50,,Aggregated,12.333333,0.000000,100,110,110,110,130,150,170,200,200,200,200,95,0,100.0,88.78007278973728,47.29491600301117,204.4475000584498,13.978947368421053
1728817490,60,,Aggregated,15.250000,0.000000,77,110,110,110,150,150,200,200,200,200,200,129,0,77,85.56095412445016,45.95904203597456,204.4475000584498,13.984496124031008
1728817491,70,,Aggregated,17.400000,0.000000,55,100,110,110,130,150,200,200,200,200,200,164,0,55,82.95362879360299,45.95904203597456,204.4475000584498,13.963414634146341
1728817492,80,,Aggregated,18.833333,0.000000,54,100,110,110,130,150,190,200,200,200,200,215,0,54,80.6539738280049,45.95904203597456,204.4475000584498,13.953488372093023
1728817493,90,,Aggregated,21.000000,0.000000,54,100,110,110,130,150,190,200,200,200,200,259,0,54,77.77275528640102,45.95904203597456,204.4475000584498,13.938223938223938
1728817494,100,,Aggregated,23.375000,0.000000,54,100,110,110,130,150,200,200,200,200,200,315,0,54,78.61734773586726,45.95904203597456,204.4475000584498,13.933333333333334
1728817495,110,,Aggregated,26.000000,0.000000,53,87,100,110,120,150,190,200,200,200,200,374,0,53,75.9040067896227,45.8892920287326,204.4475000584498,13.93048128342246
1728817496,120,,Aggregated,29.300000,0.000000,54,87,100,110,130,150,200,200,200,200,200,446,0,54,76.77791890742533,45.8892920287326,204.4475000584498,13.926008968609866
1728817497,130,,Aggregated,33.300000,0.000000,54,86,100,110,130,150,190,200,200,200,200,507,0,54,76.04661349967651,45.8892920287326,204.4475000584498,13.928994082840237
1728817498,140,,Aggregated,38.600000,0.000000,54,80,100,110,130,140,190,200,200,200,200,582,0,54,74.67384944842725,45.8892920287326,204.4475000584498,13.914089347079038
1728817499,150,,Aggregated,44.200000,0.000000,54,81,100,110,130,140,190,200,200,200,200,657,0,54,75.09545237782781,45.8892920287326,204.4475000584498,13.910197869101978
1728817500,160,,Aggregated,47.800000,0.000000,55,86,100,110,130,150,190,200,200,200,200,738,0,55,77.14685700031825,45.8892920287326,204.4475000584498,13.914634146341463
1728817501,170,,Aggregated,53.000000,0.000000,58,99,110,120,150,200,350,460,520,520,520,798,0,58,90.92728843892642,45.8892920287326,519.0740419784561,13.911027568922306
1728817502,180,,Aggregated,57.600000,0.000000,64,100,110,130,200,600,840,880,1000,1000,1000,841,0,64,127.4214450119885,45.8892920287326,995.0089999474585,13.909631391200952
1728817503,190,,Aggregated,62.000000,0.000000,73,110,130,160,790,1100,1200,1200,1300,1300,1300,903,0,73,199.63850074224402,45.8892920287326,1299.651916953735,13.91029900332226
1728817504,200,,Aggregated,62.000000,0.000000,84,120,170,250,1200,1300,1300,1400,1400,1400,1400,970,0,84,276.38571202843787,45.8892920287326,1426.2647499563172,13.905154639175258
1728817505,210,,Aggregated,62.800000,0.000000,97,130,300,880,1300,1300,1400,1400,1400,1500,1500,1039,0,97,344.8240925580096,45.8892920287326,1481.9832500070333,13.903753609239654
1728817506,220,,Aggregated,63.200000,0.000000,100,190,900,1100,1300,1300,1400,1400,1400,1500,1500,1111,0,100.0,395.7882275712458,45.8892920287326,1481.9832500070333,13.900990099009901
1728817507,230,,Aggregated,64.900000,0.000000,110,360,1100,1200,1300,1300,1400,1400,1400,1500,1500,1189,0,110.0,444.82189886747017,45.8892920287326,1481.9832500070333,13.89991589571068
1728817508,240,,Aggregated,65.400000,0.000000,120,930,1100,1100,1300,1300,1400,1400,1400,1500,1500,1278,0,120.0,486.80612334182865,45.8892920287326,1481.9832500070333,13.898278560250391
1728817509,250,,Aggregated,65.500000,0.000000,130,970,1100,1100,1300,1300,1400,1400,1400,1500,1500,1375,0,130.0,520.8897977020083,45.8892920287326,1481.9832500070333,13.893818181818181
1728817510,260,,Aggregated,67.900000,0.000000,180,950,1100,1100,1200,1300,1400,1400,1400,1500,1500,1462,0,180.0,540.1134345674583,45.8892920287326,1481.9832500070333,13.894664842681259
1728817511,270,,Aggregated,68.800000,0.000000,340,930,1000,1100,1200,1300,1400,1400,1400,1500,1500,1561,0,340.0,559.7528951544008,45.8892920287326,1481.9832500070333,13.895579756566304
1728817512,280,,Aggregated,71.300000,0.000000,780,910,1000,1100,1200,1300,1400,1400,1400,1500,1500,1660,0,780.0,577.32734518099,45.8892920287326,1481.9832500070333,13.896385542168675
1728817513,290,,Aggregated,72.800000,0.000000,810,910,990,1100,1200,1300,1400,1400,1400,1500,1500,1758,0,810.0,594.5389183501441,45.8892920287326,1481.9832500070333,13.898179749715586
1728817514,300,,Aggregated,78.300000,0.000000,820,920,980,1100,1200,1300,1400,1400,1400,1500,1500,1855,0,820.0,611.6753964293924,45.8892920287326,1481.9832500070333,13.895956873315363
1728817515,310,,Aggregated,83.000000,0.000000,840,940,1000,1100,1200,1300,1300,1400,1400,1500,1500,1949,0,840.0,632.2018774404903,45.8892920287326,1481.9832500070333,13.897383273473576
1728817516,320,,Aggregated,86.200000,0.000000,850,960,1100,1100,1200,1300,1400,1400,1400,1500,1500,2056,0,850.0,664.856589398542,45.8892920287326,1481.9832500070333,13.897859922178988
1728817517,330,,Aggregated,89.300000,0.000000,870,980,1100,1200,1300,1300,1400,1400,1400,1500,1500,2133,0,870.0,689.4204799047978,45.8892920287326,1481.9832500070333,13.90014064697609
1728817518,340,,Aggregated,91.800000,0.000000,880,1000,1100,1200,1300,1400,1500,1600,2600,2600,2600,2217,0,880.0,721.3719879786086,45.8892920287326,2593.693167087622,13.9021199819576
1728817519,350,,Aggregated,94.000000,0.000000,900,1000,1200,1200,1400,1500,1600,1600,2600,2600,2600,2302,0,900.0,752.7503024428767,45.8892920287326,2593.693167087622,13.903127715030408
1728817520,360,,Aggregated,94.000000,0.000000,910,1100,1200,1300,1400,1600,1600,1600,3100,3100,3100,2380,0,910.0,785.2552383808427,45.8892920287326,3077.4429170414805,13.902941176470588
1728817521,370,,Aggregated,93.800000,0.000000,920,1100,1200,1300,1500,1600,1600,2600,3900,3900,3900,2467,0,920.0,828.0176052773737,45.8892920287326,3949.3793749716133,13.901905147952979
1728817522,380,,Aggregated,92.200000,0.000000,930,1100,1300,1400,1600,1600,2500,2800,4000,5000,5000,2565,0,930.0,868.4472689462724,45.8892920287326,4952.898999908939,13.900584795321638
1728817523,390,,Aggregated,91.000000,0.000000,960,1200,1300,1400,1600,1600,3200,3800,5500,5900,5900,2667,0,960.0,926.8665267368025,45.8892920287326,5881.747667095624,13.899137607799025
1728817524,400,,Aggregated,90.400000,0.000000,970,1200,1300,1400,1600,2400,3300,3800,5500,5900,5900,2765,0,970.0,961.2993835044645,45.8892920287326,5881.747667095624,13.900542495479204
1728817525,410,,Aggregated,90.200000,0.000000,990,1300,1300,1400,1600,2500,3400,3900,5500,5900,5900,2858,0,990.0,992.5816790490383,45.8892920287326,5881.747667095624,13.902029391182646
1728817526,420,,Aggregated,90.600000,0.000000,1000,1300,1400,1400,1600,2600,3500,3900,5500,5900,5900,2954,0,1000.0,1023.2243530881656,45.8892920287326,5881.747667095624,13.903182125930941
1728817527,430,,Aggregated,91.100000,0.000000,1000,1300,1400,1400,1600,2600,3600,3900,5500,5900,5900,3047,0,1000.0,1048.6131534234826,45.8892920287326,5881.747667095624,13.903839842468
1728817528,440,,Aggregated,90.700000,0.000000,1100,1300,1400,1500,1600,2700,3700,4200,5600,5900,5900,3143,0,1100.0,1096.3458051683763,45.8892920287326,5881.747667095624,13.90391345847916
1728817529,450,,Aggregated,91.000000,0.000000,1100,1300,1400,1500,2400,3100,3800,4300,5600,6500,6500,3278,0,1100.0,1130.115132963663,45.8892920287326,6507.506415946409,13.905125076266016
1728817530,460,,Aggregated,92.000000,0.000000,1100,1300,1400,1500,2500,3400,3900,4500,5600,6500,6500,3419,0,1100.0,1147.0297499205092,45.8892920287326,6507.506415946409,13.905527932143901
1728817531,470,,Aggregated,93.200000,0.000000,1100,1300,1400,1500,2500,3500,4100,4600,5600,6500,6500,3588,0,1100.0,1169.05522199446,45.8892920287326,6507.506415946409,13.906354515050166
1728817532,480,,Aggregated,100.200000,0.000000,1100,1400,1400,1500,2600,3500,4300,4600,5600,6500,6500,3767,0,1100.0,1176.9432324629893,45.8892920287326,6507.506415946409,13.906556941863553
1728817533,490,,Aggregated,106.600000,0.000000,1100,1400,1400,1500,2600,3500,4300,4600,5600,6500,6500,3990,0,1100.0,1158.7204237305734,45.8892920287326,6507.506415946409,13.907268170426065
1728817534,500,,Aggregated,114.800000,0.000000,1100,1400,1400,1500,2500,3500,4300,4600,5600,6500,6500,4231,0,1100.0,1132.2462230901147,45.8892920287326,6507.506415946409,13.908532261876625
1728817535,510,,Aggregated,123.800000,0.000000,1000,1300,1400,1500,2500,3500,4200,4500,5600,6500,6500,4487,0,1000.0,1079.848552797231,45.8892920287326,6507.506415946409,13.90817918431023
1728817536,520,,Aggregated,136.300000,0.000000,960,1300,1400,1500,2500,3400,4200,4500,5600,6500,6500,4724,0,960.0,1028.567022534961,45.72937509510666,6507.506415946409,13.908128704487723
1728817537,530,,Aggregated,150.000000,0.000000,920,1300,1400,1400,2400,3400,4100,4500,5600,6500,6500,4985,0,920.0,977.5398931877992,45.72937509510666,6507.506415946409,13.908124373119358
1728817538,540,,Aggregated,167.300000,0.000000,870,1200,1400,1400,2400,3200,4100,4500,5600,6500,6500,5261,0,870.0,929.1398632086767,45.042459038086236,6507.506415946409,13.907812203003232
1728817539,550,,Aggregated,180.900000,0.000000,830,1200,1400,1400,2300,3100,3900,4500,5600,6500,6500,5532,0,830.0,886.2483157984926,45.042459038086236,6507.506415946409,13.907266811279827
1728817540,560,,Aggregated,198.200000,0.000000,750,1200,1300,1400,1700,2800,3900,4500,5600,6500,6500,5812,0,750.0,846.2267527539419,45.042459038086236,6507.506415946409,13.907432897453544
1728817541,570,,Aggregated,214.700000,0.000000,190,1100,1300,1400,1600,2800,3900,4500,5600,6500,6500,6088,0,190.0,810.3514138271513,45.042459038086236,6507.506415946409,13.90670170827858
1728817542,580,,Aggregated,228.600000,0.000000,120,1100,1300,1400,1600,2700,3800,4400,5600,6500,6500,6345,0,120.0,780.0576698918254,45.042459038086236,6507.506415946409,13.907801418439716
1728817543,590,,Aggregated,241.300000,0.000000,120,990,1300,1400,1600,2700,3800,4400,5600,6500,6500,6658,0,120.0,749.3204335193492,45.042459038086236,6507.506415946409,13.908230699909883
1728817544,600,,Aggregated,251.500000,0.000000,110,960,1300,1400,1600,2700,3700,4400,5600,6500,6500,6945,0,110.0,720.5690079072123,45.042459038086236,6507.506415946409,13.90755939524838
1728817545,610,,Aggregated,258.100000,0.000000,95,920,1200,1300,1600,2600,3700,4400,5500,6500,6500,7260,0,95,691.7560767960772,45.042459038086236,6507.506415946409,13.908677685950414
1728817546,620,,Aggregated,267.500000,0.000000,73,890,1200,1300,1600,2600,3600,4300,5500,6500,6500,7555,0,73,666.9003671470476,45.042459038086236,6507.506415946409,13.909331568497684
1728817547,630,,Aggregated,273.400000,0.000000,64,860,1200,1300,1600,2600,3600,4300,5500,6500,6500,7872,0,64,642.3536674678686,45.042459038086236,6507.506415946409,13.909044715447154
1728817548,640,,Aggregated,278.200000,0.000000,61,830,1100,1300,1500,2600,3600,4300,5500,6500,6500,8177,0,61,620.4995178620156,45.042459038086236,6507.506415946409,13.909135379723615
1728817549,650,,Aggregated,284.200000,0.000000,59,770,1100,1300,1500,2500,3600,4300,5500,6500,6500,8515,0,59,598.0370706306711,45.042459038086236,6507.506415946409,13.910041103934233
1728817550,660,,Aggregated,288.500000,0.000000,58,270,1000,1300,1500,2500,3600,4300,5500,6500,6500,8831,0,58,578.7737102173108,45.042459038086236,6507.506415946409,13.910542407428377
1728817551,670,,Aggregated,292.900000,0.000000,58,190,980,1200,1500,2500,3500,4200,5500,6500,6500,9174,0,58,559.4335493116662,45.042459038086236,6507.506415946409,13.911379986919556
1728817552,680,,Aggregated,297.800000,0.000000,57,140,950,1200,1500,2500,3500,4200,5500,6500,6500,9509,0,57,541.8090033015352,45.042459038086236,6507.506415946409,13.911347144810179
1728817553,690,,Aggregated,302.300000,0.000000,57,120,930,1200,1400,2400,3500,4100,5500,6500,6500,9830,0,57,526.2328228959316,45.042459038086236,6507.506415946409,13.910681586978637
1728817554,700,,Aggregated,308.400000,0.000000,58,120,900,1100,1400,2400,3500,4100,5500,5900,6500,10170,0,58,511.99622876291284,45.042459038086236,6507.506415946409,13.910422812192724
1728817555,710,,Aggregated,317.100000,0.000000,59,130,870,1100,1400,2400,3500,4100,5500,5900,6500,10505,0,59,500.7485150701558,45.042459038086236,6507.506415946409,13.910328415040457
1728817556,720,,Aggregated,315.900000,0.000000,60,140,850,1000,1400,2400,3500,4000,5500,5900,6500,10838,0,60,489.2320040385094,45.042459038086236,6507.506415946409,13.911330503782986
1728817557,730,,Aggregated,320.300000,0.000000,62,150,820,1000,1400,2300,3500,3900,5500,5900,6500,11170,0,62,481.01799741690445,45.042459038086236,6507.506415946409,13.910743061772605
1728817558,740,,Aggregated,322.700000,0.000000,64,170,780,980,1400,2200,3400,3900,5500,5900,6500,11510,0,64,473.67979222346264,45.042459038086236,6507.506415946409,13.910686359687228
1728817559,750,,Aggregated,326.400000,0.000000,66,180,460,960,1400,1600,3400,3900,5500,5900,6500,11857,0,66,466.0921863406814,45.042459038086236,6507.506415946409,13.911191701104833
1728817560,760,,Aggregated,329.700000,0.000000,70,200,360,930,1400,1600,3400,3900,5500,5900,6500,12146,0,70,461.115118028642,45.042459038086236,6507.506415946409,13.91132883253746
1728817561,770,,Aggregated,332.000000,0.000000,74,220,470,920,1400,1600,3400,3800,5500,5900,6500,12421,0,74,461.40708613762064,45.042459038086236,6507.506415946409,13.911681829160292
1728817562,780,,Aggregated,332.700000,0.000000,79,240,670,920,1400,1600,3400,3800,5500,5900,6500,12652,0,78,468.0636896769911,45.042459038086236,6507.506415946409,13.911555485298766
1728817563,790,,Aggregated,329.500000,0.000000,86,260,800,940,1400,1600,3300,3800,5500,5900,6500,12964,0,86,478.86407069617957,45.042459038086236,6507.506415946409,13.911909904350509
1728817564,800,,Aggregated,321.200000,0.000000,95,290,810,940,1400,1600,3200,3800,5500,5900,6500,13277,0,95,486.2729628376022,45.042459038086236,6507.506415946409,13.911199819236273
1728817565,810,,Aggregated,311.300000,0.000000,100,320,800,930,1400,1600,3100,3700,5500,5900,6500,13618,0,100.0,489.88458984869817,45.042459038086236,6507.506415946409,13.910706417976208
1728817566,820,,Aggregated,312.700000,0.000000,110,350,790,920,1400,1600,2900,3700,5500,5900,6500,13957,0,110.0,489.3414208268475,45.042459038086236,6507.506415946409,13.910654152038404
1728817567,830,,Aggregated,310.400000,0.000000,120,370,770,900,1400,1600,2900,3700,5500,5900,6500,14274,0,120.0,488.8932148002434,45.042459038086236,6507.506415946409,13.910536640044837
1728817568,840,,Aggregated,310.800000,0.000000,130,410,760,890,1300,1600,2800,3700,5500,5900,6500,14616,0,130.0,489.4622345504453,45.042459038086236,6507.506415946409,13.911056376573619
1728817569,850,,Aggregated,311.000000,0.000000,140,430,760,870,1300,1600,2800,3600,5500,5900,6500,14974,0,140.0,489.61471817963394,45.042459038086236,6507.506415946409,13.91097903031922
1728817570,860,,Aggregated,308.200000,0.000000,160,440,760,870,1300,1600,2800,3600,5500,5900,6500,15308,0,160.0,489.45701905959515,45.042459038086236,6507.506415946409,13.910700287431409
1728817571,870,,Aggregated,309.500000,0.000000,170,460,760,870,1300,1600,2800,3600,5500,5900,6500,15539,0,170.0,492.2268445184622,45.042459038086236,6507.506415946409,13.911062487933586
1728817572,880,,Aggregated,310.900000,0.000000,190,490,790,890,1300,1500,2700,3600,5500,5900,6500,15864,0,190.0,500.69671345298195,45.042459038086236,6507.506415946409,13.911119515885023
1728817573,890,,Aggregated,313.900000,0.000000,200,530,810,910,1300,1500,2700,3600,5500,5900,6500,16237,0,200.0,509.82124425457835,45.042459038086236,6507.506415946409,13.911252078585946
1728817574,900,,Aggregated,311.100000,0.000000,220,540,820,920,1300,1500,2700,3600,5500,5900,6500,16589,0,220.0,512.5826445384212,45.042459038086236,6507.506415946409,13.911567906444029
1728817575,910,,Aggregated,322.600000,0.000000,230,550,810,910,1300,1500,2700,3600,5500,5900,6500,17009,0,230.0,511.4375521369667,45.042459038086236,6507.506415946409,13.911987771179964
1728817576,920,,Aggregated,326.400000,0.000000,240,550,810,900,1300,1500,2700,3600,5500,5900,6500,17329,0,240.0,511.46498690063567,45.042459038086236,6507.506415946409,13.911824109873622
1728817577,930,,Aggregated,331.700000,0.000000,240,550,800,890,1300,1500,2700,3600,5500,5900,6500,17758,0,240.0,508.721233345196,45.042459038086236,6507.506415946409,13.91085707849983
1728817578,940,,Aggregated,338.200000,0.000000,240,540,780,880,1200,1500,2600,3500,5400,5900,6500,18210,0,240.0,501.38343521378596,45.042459038086236,6507.506415946409,13.910543657331138
1728817579,950,,Aggregated,337.900000,0.000000,220,510,770,870,1200,1500,2600,3500,5400,5900,6500,18649,0,220.0,491.122729846411,45.042459038086236,6507.506415946409,13.91066545123063
1728817580,960,,Aggregated,350.500000,0.000000,200,500,750,860,1200,1500,2600,3500,5400,5900,6500,19089,0,200.0,481.09575094077366,45.042459038086236,6507.506415946409,13.91068154434491
1728817581,970,,Aggregated,359.100000,0.000000,190,480,740,850,1200,1500,2600,3500,5400,5900,6500,19533,0,190.0,471.43720596718225,45.042459038086236,6507.506415946409,13.91081759074387
1728817582,980,,Aggregated,366.800000,0.000000,170,460,730,840,1200,1400,2600,3500,5400,5900,6500,19965,0,170.0,462.37837947839097,45.042459038086236,6507.506415946409,13.910593538692712
1728817583,990,,Aggregated,380.300000,0.000000,150,430,710,840,1200,1400,2600,3500,5400,5900,7100,20406,0,150.0,453.9109406356405,45.042459038086236,7108.08733291924,13.910908556306968
1728817584,1000,,Aggregated,403.200000,0.000000,130,410,700,830,1100,1400,2500,3500,5400,5900,7100,20869,0,130.0,445.0311439223232,45.042459038086236,7108.08733291924,13.910872586132541
1728817585,1010,,Aggregated,410.300000,0.000000,120,390,680,820,1100,1400,2500,3500,5400,5900,7100,21265,0,120.0,437.85641444151446,45.042459038086236,7108.08733291924,13.910604279332237
1728817586,1020,,Aggregated,419.000000,0.000000,130,370,660,810,1100,1400,2500,3500,5400,5900,7100,21744,0,130.0,433.07358266135907,45.042459038086236,7108.08733291924,13.910596026490067
1728817587,1030,,Aggregated,425.700000,0.000000,120,350,640,800,1100,1400,2500,3500,5200,5900,7100,22144,0,120.0,426.32137253583505,45.042459038086236,7108.08733291924,13.910449783236995
1728817588,1040,,Aggregated,424.000000,0.000000,110,340,630,790,1100,1400,2500,3500,5200,5900,7100,22561,0,110.0,420.0070336709339,45.042459038086236,7108.08733291924,13.910420637383094
1728817589,1050,,Aggregated,440.200000,0.000000,110,330,610,780,1100,1400,2500,3500,5400,7100,7200,23025,0,110.0,414.05052732851505,45.042459038086236,7214.660209021531,13.910401737242129
1728817590,1060,,Aggregated,435.000000,0.000000,100,320,590,770,1100,1400,2500,3400,5400,7100,7200,23441,0,100.0,407.75022343078547,45.042459038086236,7214.660209021531,13.910370717972782
1728817591,1070,,Aggregated,433.900000,0.000000,97,310,570,750,1100,1400,2500,3400,5400,7200,11000,23893,0,97,401.6196852395266,45.042459038086236,11119.27933304105,13.910601431381576
1728817592,1080,,Aggregated,438.100000,0.000000,90,300,550,740,1100,1400,2500,3400,5400,7200,11000,24344,0,90,395.2030886483927,45.042459038086236,11119.27933304105,13.910902070325337
1728817593,1090,,Aggregated,434.100000,0.000000,84,290,540,730,1100,1400,2400,3400,5400,7200,11000,24779,0,84,389.19412542467273,45.042459038086236,11119.27933304105,13.910892287824367
1728817594,1100,,Aggregated,433.900000,0.000000,79,290,520,720,1100,1400,2400,3400,5200,7200,11000,25215,0,79,383.415956904665,45.042459038086236,11119.27933304105,13.910807059290105
1728817595,1110,,Aggregated,436.200000,0.000000,75,280,510,710,1000,1400,2400,3400,5200,7200,11000,25671,0,75,377.5589767300069,45.042459038086236,11119.27933304105,13.910443691324842
1728817596,1120,,Aggregated,434.200000,0.000000,73,270,490,700,1000,1400,2400,3300,5100,7200,11000,26106,0,73,372.2719945500663,45.042459038086236,11119.27933304105,13.910518654715391
1728817597,1130,,Aggregated,435.600000,0.000000,71,260,480,680,1000,1400,2400,3300,5100,7200,11000,26567,0,71,366.7871519071743,45.042459038086236,11119.27933304105,13.910151691948657
1728817598,1140,,Aggregated,440.400000,0.000000,69,250,460,670,1000,1400,2400,3200,5100,7200,11000,26995,0,69,361.8480353167573,45.042459038086236,11119.27933304105,13.910242637525467
1728817599,1150,,Aggregated,434.300000,0.000000,67,240,450,650,1000,1400,2400,3200,5000,7200,11000,27449,0,67,356.7758687380466,45.042459038086236,11119.27933304105,13.910269955189625
1728817600,1160,,Aggregated,441.900000,0.000000,66,230,430,640,1000,1400,2300,3100,5000,7200,11000,27901,0,66,352.0449558643706,44.990665977820754,11119.27933304105,13.910110748718685
1728817601,1170,,Aggregated,443.500000,0.000000,66,220,410,620,1000,1400,2300,2900,4800,7200,11000,28343,0,66,347.5747013163929,44.990665977820754,11119.27933304105,13.909607310447024
1728817602,1180,,Aggregated,440.200000,0.000000,65,210,400,610,990,1400,2200,2900,4800,7200,11000,28770,0,65,343.2260699974523,44.990665977820754,11119.27933304105,13.909767118526243
1728817603,1190,,Aggregated,443.900000,0.000000,64,200,380,590,980,1300,1700,2800,4800,7200,11000,29220,0,64,338.83233240073616,44.990665977820754,11119.27933304105,13.909753593429159
1728817604,1200,,Aggregated,443.700000,0.000000,63,190,370,570,980,1300,1600,2800,4800,7200,11000,29651,0,63,334.6702771955572,44.990665977820754,11119.27933304105,13.909918721122391
1728817605,1210,,Aggregated,440.200000,0.000000,62,180,350,560,970,1300,1600,2800,4800,7100,11000,30093,0,62,330.52695841217553,44.990665977820754,11119.27933304105,13.909613531386036
1728817606,1220,,Aggregated,444.100000,0.000000,62,170,340,550,960,1300,1600,2800,4800,7100,11000,30530,0,62,326.5853334003034,44.990665977820754,11119.27933304105,13.909597117589257
1728817607,1230,,Aggregated,440.800000,0.000000,61,160,330,540,960,1300,1600,2800,4800,7100,11000,30967,0,61,322.77483356079847,44.990665977820754,11119.27933304105,13.909548874608454
1728817608,1240,,Aggregated,441.800000,0.000000,61,150,330,520,950,1300,1600,2800,4800,7100,11000,31422,0,61,318.89446236836426,44.990665977820754,11119.27933304105,13.909585640633951
1728817609,1250,,Aggregated,441.600000,0.000000,61,140,320,510,940,1300,1600,2700,4800,7100,11000,31848,0,61,315.3995644804785,44.990665977820754,11119.27933304105,13.90969605626727
1728817610,1260,,Aggregated,438.700000,0.000000,60,130,310,500,940,1300,1600,2700,4800,7100,11000,32295,0,60,311.8023556727199,44.990665977820754,11119.27933304105,13.910078959591267
1728817611,1270,,Aggregated,441.200000,0.000000,60,130,310,490,930,1300,1600,2700,4800,7100,11000,32734,0,60,308.5183387302884,44.990665977820754,11119.27933304105,13.909818537300666
1728817612,1280,,Aggregated,439.300000,0.000000,60,120,300,480,930,1300,1600,2700,4800,7100,11000,33171,0,60,305.26822112839045,44.990665977820754,11119.27933304105,13.909710289107956
1728817613,1290,,Aggregated,439.100000,0.000000,60,120,290,470,920,1300,1600,2700,4800,7100,11000,33628,0,60,301.84935350015525,44.990665977820754,11119.27933304105,13.909569406447009
1728817614,1300,,Aggregated,438.000000,0.000000,59,110,290,460,910,1300,1600,2700,4700,7100,11000,34048,0,59,298.77264994365765,44.990665977820754,11119.27933304105,13.909245770676693
1728817615,1310,,Aggregated,440.100000,0.000000,59,110,280,440,910,1300,1600,2700,4700,7100,11000,34500,0,59,295.5500703701253,44.990665977820754,11119.27933304105,13.909536231884058
1728817616,1320,,Aggregated,439.600000,0.000000,59,100,280,420,900,1300,1600,2700,4700,7100,11000,34958,0,59,292.3687370009233,44.990665977820754,11119.27933304105,13.90980605297786
1728817617,1330,,Aggregated,439.700000,0.000000,58,100,270,410,890,1300,1600,2700,4700,7100,11000,35399,0,58,289.3929584009838,44.990665977820754,11119.27933304105,13.909940958784146
1728817618,1340,,Aggregated,440.100000,0.000000,58,97,260,400,890,1300,1600,2700,4700,7100,11000,35834,0,58,286.6153000607917,44.990665977820754,11119.27933304105,13.909694703354356
1728817619,1350,,Aggregated,442.600000,0.000000,58,92,250,390,880,1200,1600,2600,4600,7100,11000,36291,0,58,283.68832980424855,44.990665977820754,11119.27933304105,13.909729685045878
1728817620,1360,,Aggregated,442.100000,0.000000,58,90,250,380,870,1200,1600,2600,4600,7100,11000,36710,0,58,281.22189350687535,44.990665977820754,11119.27933304105,13.90969763007355
1728817621,1370,,Aggregated,440.500000,0.000000,58,93,240,370,870,1200,1600,2600,4600,7100,11000,37109,0,58,279.8344583967575,44.990665977820754,11119.27933304105,13.909617612977984
1728817622,1380,,Aggregated,443.300000,0.000000,59,96,240,350,870,1200,1600,2600,4600,7100,11000,37581,0,59,277.8686534169165,44.990665977820754,11119.27933304105,13.909715015566377
1728817623,1390,,Aggregated,441.200000,0.000000,58,93,230,350,860,1200,1600,2600,4600,7100,11000,38018,0,58,275.3519361141144,44.990665977820754,11119.27933304105,13.909569151454575
1728817624,1400,,Aggregated,436.400000,0.000000,58,90,230,340,860,1200,1600,2600,4600,7100,11000,38459,0,58,272.8016614116945,44.990665977820754,11119.27933304105,13.909514027925843
1728817625,1410,,Aggregated,440.500000,0.000000,58,88,220,330,850,1200,1600,2600,4600,7100,11000,38859,0,58,270.64673768991474,44.990665977820754,11119.27933304105,13.9094675622121
1728817626,1420,,Aggregated,438.800000,0.000000,58,86,210,330,850,1200,1600,2600,4600,7100,11000,39330,0,58,268.1219110045236,44.990665977820754,11119.27933304105,13.909687261632342
1728817627,1430,,Aggregated,440.400000,0.000000,58,84,210,320,850,1200,1600,2600,4600,7100,11000,39754,0,58,265.85704355604577,44.990665977820754,11119.27933304105,13.909770086029079
1728817628,1440,,Aggregated,435.200000,0.000000,58,82,200,310,840,1200,1500,2600,4600,6500,11000,40218,0,58,263.4335874634059,44.70537498127669,11119.27933304105,13.909692177631905
1728817629,1450,,Aggregated,436.100000,0.000000,58,81,200,310,840,1200,1500,2600,4600,6500,11000,40637,0,58,261.40608114964795,44.70537498127669,11119.27933304105,13.909515958363068
1728817630,1460,,Aggregated,435.600000,0.000000,58,79,190,310,830,1200,1500,2600,4600,6500,11000,41053,0,58,259.31232899486304,44.70537498127669,11119.27933304105,13.909312352325044
1728817631,1470,,Aggregated,437.000000,0.000000,58,78,190,300,830,1200,1500,2600,4600,6500,11000,41497,0,58,257.1500049928564,44.70537498127669,11119.27933304105,13.909342844061017
1728817632,1480,,Aggregated,434.200000,0.000000,58,77,180,300,830,1100,1500,2500,4600,6500,11000,41921,0,58,255.07946376295132,44.70537498127669,11119.27933304105,13.909114763483695
1728817633,1490,,Aggregated,432.600000,0.000000,58,76,180,290,820,1100,1500,2500,4600,6500,11000,42395,0,58,252.84163299028947,44.70537498127669,11119.27933304105,13.908975114989975
1728817634,1500,,Aggregated,438.900000,0.000000,57,75,170,290,820,1100,1500,2500,4600,6500,11000,42834,0,57,250.8340955412219,44.70537498127669,11119.27933304105,13.909207638791614
1728817635,1510,,Aggregated,433.500000,0.000000,57,74,170,280,810,1100,1500,2500,4600,6500,11000,43239,0,57,248.9870541880494,44.70537498127669,11119.27933304105,13.909248595018386
1728817636,1520,,Aggregated,436.000000,0.000000,57,73,160,280,810,1100,1500,2500,4600,6500,11000,43698,0,57,246.9474000229628,44.70537498127669,11119.27933304105,13.909309350542358
1728817637,1530,,Aggregated,435.800000,0.000000,57,72,150,270,800,1100,1500,2500,4600,6500,11000,44123,0,57,245.10004024269446,44.70537498127669,11119.27933304105,13.909299005054054
1728817639,1540,,Aggregated,436.700000,0.000000,57,71,150,270,800,1100,1500,2500,4600,6500,11000,44569,0,57,243.19413924208365,44.70537498127669,11119.27933304105,13.90939890955597
1728817640,1550,,Aggregated,436.200000,0.000000,57,70,140,260,790,1100,1500,2500,4600,6500,11000,45007,0,57,241.3579225428659,44.70537498127669,11119.27933304105,13.9093252160775
1728817641,1560,,Aggregated,435.100000,0.000000,57,70,140,260,780,1100,1500,2500,4600,6500,11000,45452,0,57,239.62479013071479,44.70537498127669,11119.27933304105,13.909442928804014
1728817642,1570,,Aggregated,436.200000,0.000000,57,70,130,250,780,1100,1500,2500,4600,6500,11000,45890,0,57,237.85581933400258,44.70537498127669,11119.27933304105,13.909675310525168
1728817643,1580,,Aggregated,439.500000,0.000000,57,69,130,250,770,1100,1500,2500,4600,6500,11000,46311,0,57,236.18072522105288,44.70537498127669,11119.27933304105,13.909524734944181
1728817644,1590,,Aggregated,438.100000,0.000000,57,68,130,240,770,1100,1500,2500,4600,6500,11000,46778,0,57,234.37097216291534,44.70537498127669,11119.27933304105,13.909594253709008
1728817645,1600,,Aggregated,437.400000,0.000000,57,68,120,240,760,1100,1500,2500,4600,6500,11000,47185,0,57,232.82008632010596,44.70537498127669,11119.27933304105,13.9097594574547
1728817646,1610,,Aggregated,437.600000,0.000000,57,68,120,230,760,1100,1500,2500,4600,6500,11000,47650,0,57,231.16277220077117,44.70537498127669,11119.27933304105,13.909884575026233
1728817647,1620,,Aggregated,434.500000,0.000000,57,67,120,230,750,1100,1500,2500,4500,6500,11000,48079,0,57,229.58413207472717,44.70537498127669,11119.27933304105,13.90987749329229
1728817648,1630,,Aggregated,440.300000,0.000000,57,67,110,220,740,1100,1500,2500,4500,6500,11000,48534,0,57,227.9603541841155,44.70537498127669,11119.27933304105,13.910001236246755
1728817649,1640,,Aggregated,436.900000,0.000000,57,66,110,220,740,1100,1500,2500,4600,7100,75000,48961,1,57,227.98151708773332,44.70537498127669,75009.3837500317,13.909601519576807
1728817650,1650,,Aggregated,439.700000,0.000000,57,66,110,210,740,1100,1500,2500,4600,75000,75000,49400,11,57,241.6295223366243,44.70537498127669,75010.2186249569,13.906923076923077
1728817651,1660,,Aggregated,438.100000,0.100000,57,66,110,210,730,1100,1500,2500,4800,75000,75000,49860,19,57,252.04498531310327,44.70537498127669,75010.2186249569,13.904753309265944
1728817652,1670,,Aggregated,437.600000,1.100000,57,66,110,200,730,1100,1500,2500,5500,75000,75000,50297,29,57,265.29612588144175,44.70537498127669,75022.30225002859,13.90204187128457
1728817653,1680,,Aggregated,439.800000,1.900000,57,66,100,200,720,1100,1500,2500,5500,75000,75000,50748,39,57,278.2164489815922,44.70537498127669,75022.30225002859,13.899168440135572
1728817654,1690,,Aggregated,439.600000,2.900000,56,66,100,190,720,1100,1500,2500,7200,75000,75000,51225,49,56,290.76968020253537,44.70537498127669,75022.30225002859,13.896652025378232
1728817655,1700,,Aggregated,442.600000,3.900000,56,65,100,190,710,1100,1500,2500,75000,75000,75000,51673,58,56,301.76537094795583,44.70537498127669,75022.30225002859,13.894161360865443
1728817656,1710,,Aggregated,442.800000,4.900000,56,65,98,190,710,1100,1500,2500,75000,75000,75000,52134,68,56,313.95906727199457,44.70537498127669,75022.30225002859,13.891798058848352
1728817657,1720,,Aggregated,447.200000,5.800000,56,65,96,180,700,1000,1500,2500,75000,75000,75000,52568,76,56,323.2183927917242,44.70537498127669,75022.30225002859,13.889647694414853
1728817658,1730,,Aggregated,446.800000,6.800000,56,65,96,180,700,1000,1500,2500,75000,75000,75000,53034,86,56,335.1693736733631,44.70537498127669,75022.30225002859,13.887223290719161
1728817659,1740,,Aggregated,447.900000,7.600000,56,65,94,180,690,1000,1500,2500,75000,75000,75000,53458,96,56,347.31372242937607,44.70537498127669,75022.30225002859,13.884713232818287
1728817660,1750,,Aggregated,449.000000,8.600000,56,64,92,170,690,1000,1500,2500,75000,75000,75000,53950,106,56,358.53256898046305,44.70537498127669,75022.30225002859,13.882409638554217
1728817661,1760,,Aggregated,448.200000,9.500000,56,64,91,170,680,1000,1500,2500,75000,75000,75000,54384,116,56,369.8891628785977,44.70537498127669,75022.30225002859,13.880038246543101
1728817662,1770,,Aggregated,453.200000,9.500000,56,64,89,160,680,1000,1500,2500,75000,75000,75000,54826,126,56,381.02940503370627,44.70537498127669,75022.30225002859,13.877813446175173
1728817663,1780,,Aggregated,451.400000,9.700000,56,64,88,160,670,1000,1500,2600,75000,75000,75000,55263,136,56,392.0178715861488,44.70537498127669,75024.02725000866,13.875558692072454
1728817664,1790,,Aggregated,451.800000,9.700000,56,64,87,160,660,1000,1500,2600,75000,75000,75000,55727,146,56,402.70180766602505,44.70537498127669,75024.02725000866,13.873257128501445
1728817665,1800,,Aggregated,451.400000,9.700000,56,63,86,150,660,1000,1500,2600,75000,75000,75000,56223,156,56,412.98414577907664,44.70537498127669,75024.02725000866,13.871049214734184
1728817666,1810,,Aggregated,450.000000,9.700000,56,63,85,150,650,1000,1500,2600,75000,75000,75000,56650,166,56,423.50416484638305,44.70537498127669,75024.02725000866,13.868896734333628
1728817667,1820,,Aggregated,454.400000,9.800000,56,63,84,150,640,1000,1500,2600,75000,75000,75000,57115,176,56,433.6354903127161,44.70537498127669,75024.02725000866,13.866795062593015
1728817668,1830,,Aggregated,451.200000,9.800000,56,63,83,140,640,1000,1500,2600,75000,75000,75000,57569,185,56,442.37112897922907,44.70537498127669,75024.02725000866,13.865101009223714
1728817669,1840,,Aggregated,454.500000,10.000000,56,63,82,140,630,1000,1500,2600,75000,75000,75000,58006,195,56,452.37199685458944,44.70537498127669,75024.02725000866,13.863083129331448
1728817670,1850,,Aggregated,453.800000,9.900000,56,63,82,130,630,1000,1500,2600,75000,75000,75000,58475,205,56,462.0280074919249,44.70537498127669,75024.02725000866,13.861154339461308
1728817671,1860,,Aggregated,453.900000,9.900000,56,63,81,130,620,1000,1500,2600,75000,75000,75000,58928,215,56,471.64110564044694,44.70537498127669,75024.02725000866,13.859336817811567
1728817672,1870,,Aggregated,452.100000,9.900000,56,63,80,130,610,1000,1500,2600,75000,75000,75000,59369,225,56,481.1730947137214,44.70537498127669,75024.02725000866,13.857248732503495
1728817673,1880,,Aggregated,453.000000,9.900000,56,62,80,130,610,1000,1500,2600,75000,75000,75000,59821,235,56,490.4707715116842,44.70537498127669,75024.02725000866,13.855301649922268
1728817674,1890,,Aggregated,452.700000,9.900000,56,62,79,120,600,1000,1500,2700,75000,75000,75000,60258,245,56,499.749976412026,44.70537498127669,75024.02725000866,13.853529821766404
1728817675,1900,,Aggregated,453.600000,9.900000,56,62,78,120,600,1000,1500,2700,75000,75000,75000,60729,255,56,508.63811605102603,44.70537498127669,75024.02725000866,13.851438357292233
1728817676,1910,,Aggregated,452.000000,9.900000,56,62,78,120,590,1000,1500,2700,75000,75000,75000,61170,265,56,517.7379387734796,44.70537498127669,75024.02725000866,13.849615824750694
1728817677,1920,,Aggregated,448.700000,9.900000,56,62,78,120,580,1000,1500,2700,75000,75000,75000,61630,275,56,527.5355840244241,44.70537498127669,75024.02725000866,13.847801395424307
1728817678,1930,,Aggregated,450.500000,9.900000,56,62,77,120,580,1000,1500,2700,75000,75000,75000,62074,285,56,536.2394843016039,44.70537498127669,75024.02725000866,13.845958050069273
1728817679,1940,,Aggregated,450.000000,9.900000,56,62,77,110,570,1000,1500,2700,75000,75000,75000,62539,295,56,544.6544707629456,44.70537498127669,75024.02725000866,13.84411327331745
1728817680,1950,,Aggregated,449.500000,10.000000,56,62,76,110,560,1000,1500,2700,75000,75000,75000,62979,305,56,553.1573902762528,44.70537498127669,75024.02725000866,13.842376030105273
1728817681,1960,,Aggregated,452.900000,10.000000,56,62,76,110,560,990,1500,2700,75000,75000,75000,63427,315,56,561.5487023744782,44.70537498127669,75024.02725000866,13.840572626799313
1728817682,1970,,Aggregated,450.200000,10.000000,56,62,77,110,550,990,1500,2800,75000,75000,75000,63771,325,56,571.3530660108712,44.70537498127669,75024.02725000866,13.838939329789403
1728817683,1980,,Aggregated,449.800000,10.000000,56,62,79,120,550,990,1500,2800,75000,75000,75000,64302,335,56,580.2223527682596,44.70537498127669,75024.02725000866,13.837345650213058
1728817684,1990,,Aggregated,439.500000,10.000000,56,62,79,120,550,990,1500,2800,75000,75000,75000,64705,345,56,588.5532074058461,44.70537498127669,75024.02725000866,13.835592303531412
1728817685,2000,,Aggregated,447.900000,10.000000,56,62,78,120,550,990,1500,2800,75000,75000,75000,65164,354,56,595.1480250281015,44.70537498127669,75024.02725000866,13.834064821066846
1728817686,2010,,Aggregated,442.900000,10.000000,56,62,78,120,540,990,1500,2900,75000,75000,75000,65631,364,56,602.7840163288766,44.70537498127669,75024.02725000866,13.832441986256494
1728817687,2020,,Aggregated,443.100000,9.900000,56,62,78,110,540,980,1500,2900,75000,75000,75000,66074,374,56,610.5576593046743,44.70537498127669,75024.02725000866,13.830856312619185
1728817688,2030,,Aggregated,444.800000,9.900000,56,62,77,110,530,980,1500,3100,75000,75000,75000,66525,384,56,618.0457042828049,44.70537498127669,75024.02725000866,13.829071777527245
1728817689,2040,,Aggregated,442.100000,9.900000,56,62,77,110,530,980,1500,3200,75000,75000,75000,66966,394,56,625.5184612410402,44.70537498127669,75024.02725000866,13.827658811934414
1728817690,2050,,Aggregated,443.600000,9.900000,56,62,76,110,520,980,1500,3200,75000,75000,75000,67431,404,56,632.697587686004,44.70537498127669,75024.02725000866,13.826355830404413
1728817691,2060,,Aggregated,440.100000,9.900000,56,62,76,110,520,980,1500,3300,75000,75000,75000,67888,414,56,639.857802527199,44.70537498127669,75024.02725000866,13.824888050907377
1728817692,2070,,Aggregated,443.100000,9.900000,56,62,75,110,520,970,1500,3400,75000,75000,75000,68340,424,56,646.948429994585,44.70537498127669,75024.02725000866,13.82344161545215
1728817693,2080,,Aggregated,444.100000,9.900000,56,62,75,110,510,970,1500,3400,75000,75000,75000,68743,434,56,654.4032135241043,44.70537498127669,75024.02725000866,13.82190186637185
1728817694,2090,,Aggregated,455.600000,9.900000,56,62,75,110,510,970,1500,3400,75000,75000,75000,69234,444,56,661.072934182893,44.70537498127669,75024.02725000866,13.820492821446111
1728817695,2100,,Aggregated,445.300000,9.900000,56,61,75,110,500,970,1500,3400,75000,75000,75000,69704,454,56,667.7439180218979,44.70537498127669,75024.02725000866,13.819149546654424
1728817696,2110,,Aggregated,453.100000,9.900000,56,61,74,100,500,970,1500,3400,75000,75000,75000,70150,464,56,674.5288761703836,44.70537498127669,75024.02725000866,13.817690662865289
1728817697,2120,,Aggregated,453.300000,10.000000,56,61,74,100,500,960,1500,3500,75000,75000,75000,70604,474,56,681.1523240364568,44.70537498127669,75024.02725000866,13.816370177327064
1728817698,2130,,Aggregated,451.700000,10.000000,56,61,73,100,490,960,1500,3500,75000,75000,75000,71083,484,56,687.4651997841871,44.70537498127669,75024.02725000866,13.815089402529438
1728817699,2140,,Aggregated,452.700000,10.000000,56,61,73,100,490,960,1500,3500,75000,75000,75000,71504,494,56,694.2113865757284,44.70537498127669,75024.02725000866,13.813520921906466
1728817700,2150,,Aggregated,453.600000,10.000000,56,61,73,100,480,960,1500,3500,75000,75000,75000,71979,504,56,700.6787066523708,44.70537498127669,75024.02725000866,13.812181330665888
1728817701,2160,,Aggregated,453.700000,10.000000,56,61,73,100,480,960,1500,3500,75000,75000,75000,72424,514,56,707.0764847201457,44.70537498127669,75024.02725000866,13.81094664752016
1728817702,2170,,Aggregated,454.800000,10.000000,55,61,72,99,480,960,1500,3500,75000,75000,75000,72879,524,55,713.2783885223682,44.70537498127669,75024.02725000866,13.809808037980762
1728817703,2180,,Aggregated,453.100000,10.000000,55,61,72,98,470,950,1500,3500,75000,75000,75000,73334,534,55,719.4033550910459,44.70537498127669,75024.02725000866,13.80830174271143
1728817704,2190,,Aggregated,454.200000,10.000000,55,61,72,97,470,950,1500,3500,75000,75000,75000,73798,544,55,725.376954237653,44.70537498127669,75024.02725000866,13.807095043226104
1728817705,2200,,Aggregated,455.300000,9.400000,55,61,71,96,470,950,1500,3500,75000,75000,75000,74251,554,55,731.3710041110805,44.70537498127669,75024.02725000866,13.805780393530053
1728817706,2210,,Aggregated,454.600000,10.000000,55,61,71,95,460,950,1500,3600,75000,75000,75000,74724,564,55,737.119824809159,44.70537498127669,75024.02725000866,13.804587548846422
1728817707,2220,,Aggregated,453.600000,10.000000,55,61,71,95,460,950,1500,3600,75000,75000,75000,75170,574,55,743.1046312128743,44.70537498127669,75024.02725000866,13.803285885326593
1728817708,2230,,Aggregated,454.700000,9.000000,55,61,71,94,450,940,1500,3600,75000,75000,75000,75606,584,55,749.2851412853236,44.70537498127669,75024.02725000866,13.802118879454012
1728817709,2240,,Aggregated,456.100000,10.000000,55,61,71,93,450,940,1500,3600,75000,75000,75000,76075,594,55,754.8709942148973,44.70537498127669,75024.02725000866,13.801051593821887
1728817710,2250,,Aggregated,451.500000,9.500000,55,61,71,92,440,940,1500,3600,75000,75000,75000,76511,604,55,760.7308487088442,44.70537498127669,75024.02725000866,13.799871913842454
1728817711,2260,,Aggregated,456.400000,9.100000,55,61,71,92,430,940,1500,3700,75000,75000,75000,76963,614,55,766.4012704802388,44.70537498127669,75024.02725000866,13.798786429842911
1728817712,2270,,Aggregated,450.900000,9.000000,55,61,71,91,430,940,1500,3700,75000,75000,75000,77437,624,55,771.7522995940863,44.46437500882894,75024.02725000866,13.797758177615352
1728817713,2280,,Aggregated,452.200000,9.000000,55,61,70,91,420,930,1500,3700,75000,75000,75000,77882,634,55,777.2888243781204,44.46437500882894,75024.02725000866,13.79656403276752
1728817714,2290,,Aggregated,452.200000,9.000000,55,61,70,90,420,930,1500,3800,75000,75000,75000,78321,643,55,781.962324566166,44.46437500882894,75024.02725000866,13.795776356277372
1728817715,2300,,Aggregated,451.200000,9.600000,55,61,70,90,410,930,1500,3800,75000,75000,75000,78786,653,55,787.2103734489405,44.46437500882894,75081.6270839423,13.794760490442464
1728817716,2310,,Aggregated,449.900000,9.000000,55,61,70,89,410,930,1500,3900,75000,75000,75000,79249,663,55,792.4137252840366,44.46437500882894,75081.6270839423,13.793637774609143
1728817717,2320,,Aggregated,451.900000,8.900000,55,61,70,89,410,930,1500,3900,75000,75000,75000,79701,673,55,797.6474470932658,44.46437500882894,75081.6270839423,13.792562201227087
1728817718,2330,,Aggregated,451.800000,9.900000,55,60,70,88,400,930,1500,4000,75000,75000,75000,80147,683,55,802.865882479442,44.46437500882894,75081.6270839423,13.791295993611739
1728817719,2340,,Aggregated,450.300000,8.900000,55,60,69,87,400,920,1500,4100,75000,75000,75000,80628,693,55,807.7049667468763,44.46437500882894,75081.6270839423,13.790283772386763
1728817720,2350,,Aggregated,451.400000,9.400000,55,60,69,87,390,920,1500,4100,75000,75000,75000,81058,703,55,812.9582220701589,44.46437500882894,75081.6270839423,13.789224999383158
1728817721,2360,,Aggregated,452.700000,9.800000,55,60,69,87,390,920,1500,4200,75000,75000,75000,81528,713,55,817.8645245215515,44.46437500882894,75081.6270839423,13.788367186733392
1728817722,2370,,Aggregated,453.800000,9.900000,55,60,69,86,380,920,1500,4300,75000,75000,75000,81961,723,55,823.0156631470221,44.46437500882894,75081.6270839423,13.78730127743683
1728817723,2380,,Aggregated,453.100000,9.900000,55,60,69,86,380,920,1500,4300,75000,75000,75000,82433,733,55,827.7595764297515,44.46437500882894,75081.6270839423,13.78622638991666
1728817724,2390,,Aggregated,453.400000,9.900000,55,60,69,85,380,910,1500,4300,75000,75000,75000,82888,743,55,832.5674623009581,44.46437500882894,75081.6270839423,13.78513174404015
1728817725,2400,,Aggregated,455.100000,9.900000,55,60,69,85,370,910,1500,4400,75000,75000,75000,83366,753,55,837.1025232338964,44.46437500882894,75081.6270839423,13.784216587097857
1728817726,2410,,Aggregated,455.600000,9.900000,55,60,69,84,370,910,1500,4400,75000,75000,75000,83812,767,55,845.4647052888531,44.46437500882894,75081.6270839423,13.782560969789529
1728817727,2420,,Aggregated,454.900000,10.000000,55,60,69,84,360,910,1500,4500,75000,75000,75000,84273,781,55,853.6075558375676,44.46437500882894,75081.6270839423,13.781033071090384
1728817728,2430,,Aggregated,454.600000,10.000000,55,60,68,83,360,910,1500,4600,75000,75000,75000,84734,798,55,864.3054427242307,44.46437500882894,75081.6270839423,13.779002525550547
1728817729,2440,,Aggregated,455.400000,10.500000,55,60,69,84,360,910,1500,4800,75000,75000,75000,85208,816,55,875.8150340872407,44.46437500882894,75094.784084009,13.77675805088724
1728817730,2450,,Aggregated,459.400000,11.500000,55,60,69,83,350,910,1500,5500,75000,75000,75000,85657,839,55,891.6349017380202,44.46437500882894,75094.784084009,13.773655393021002
1728817731,2460,,Aggregated,457.200000,12.200000,55,60,68,83,350,910,1500,11000,75000,75000,75000,86118,857,55,902.829013370658,44.46437500882894,75094.784084009,13.771464734434149
1728817732,2470,,Aggregated,458.600000,13.300000,55,60,68,83,350,910,1500,75000,75000,75000,75000,86594,880,55,918.087042040565,44.46437500882894,75094.784084009,13.768609834399612
1728817733,2480,,Aggregated,461.800000,14.400000,55,60,68,82,350,910,1500,75000,75000,75000,75000,87044,897,55,928.2700050822365,44.46437500882894,75094.784084009,13.76669270713662
1728817734,2490,,Aggregated,461.800000,15.500000,55,60,68,82,350,910,1500,75000,75000,75000,75000,87521,917,55,940.6495773466766,44.46437500882894,75094.784084009,13.764296568823482
1728817735,2500,,Aggregated,463.200000,16.300000,55,60,68,82,340,910,1500,75000,75000,75000,75000,87980,938,55,953.9151840568371,44.46437500882894,75094.784084009,13.761627642646056
1728817736,2510,,Aggregated,463.300000,17.200000,55,60,68,82,340,910,1500,75000,75000,75000,75000,88461,958,55,966.2463189628547,44.46437500882894,75094.784084009,13.759351578661784
1728817737,2520,,Aggregated,461.800000,18.400000,55,60,68,82,340,910,1600,75000,75000,75000,75000,88901,977,55,977.7553994043305,44.46437500882894,75094.784084009,13.757134340446115
1728817738,2530,,Aggregated,464.300000,19.000000,55,60,68,82,340,900,1600,75000,75000,75000,75000,89369,994,55,987.1853040439178,44.46437500882894,75094.784084009,13.755317839519297
1728817739,2540,,Aggregated,462.700000,19.600000,55,60,68,81,330,900,1600,75000,75000,75000,75000,89853,1015,55,999.6942715756647,44.46437500882894,75094.784084009,13.752818492426519
1728817740,2550,,Aggregated,460.300000,19.500000,55,60,68,81,330,900,1600,75000,75000,75000,75000,90312,1033,55,1009.8896144907961,44.46437500882894,75094.784084009,13.750797236247674
1728817741,2560,,Aggregated,462.700000,19.900000,55,60,68,82,330,900,1600,75000,75000,75000,75000,90757,1056,55,1024.415957562316,44.46437500882894,75094.784084009,13.748008418083453
1728817742,2570,,Aggregated,464.700000,19.600000,55,60,69,84,330,900,1600,75000,75000,75000,75000,91189,1075,55,1035.9689743049971,44.46437500882894,75094.784084009,13.745802673568084
1728817743,2580,,Aggregated,463.700000,19.800000,56,61,69,84,330,900,1600,75000,75000,75000,75000,91665,1099,56,1050.6427430437764,44.46437500882894,75094.784084009,13.74299896361752
1728817744,2590,,Aggregated,456.100000,19.600000,56,61,69,84,330,900,1600,75000,75000,75000,75000,92139,1116,56,1059.3874868543373,44.46437500882894,75094.784084009,13.74137987171556
1728817745,2600,,Aggregated,459.200000,19.800000,56,61,69,83,330,900,1600,75000,75000,75000,75000,92619,1136,56,1070.3732340518307,44.46437500882894,75094.784084009,13.739297552338073
1728817746,2610,,Aggregated,461.000000,20.000000,56,61,69,83,320,900,1600,75000,75000,75000,75000,93059,1157,56,1082.4865271533447,44.46437500882894,75094.784084009,13.737027047357053
1728817747,2620,,Aggregated,463.800000,19.700000,56,61,69,83,320,900,1600,75000,75000,75000,75000,93518,1172,56,1089.4728738232714,44.46437500882894,75094.784084009,13.735783485532197
1728817748,2630,,Aggregated,460.000000,19.900000,56,61,69,82,320,900,1600,75000,75000,75000,75000,93996,1193,56,1100.9815675384255,44.46437500882894,75094.784084009,13.733488659091876
1728817749,2640,,Aggregated,461.200000,19.800000,56,60,68,82,320,900,1600,75000,75000,75000,75000,94450,1214,56,1112.6210521305952,44.46437500882894,75094.784084009,13.731318157755426
1728817750,2650,,Aggregated,463.600000,19.600000,56,61,69,83,320,900,1600,75000,75000,75000,75000,94908,1234,56,1123.503348247988,44.46437500882894,75094.784084009,13.729232519914023
1728817751,2660,,Aggregated,463.200000,19.900000,56,61,69,83,320,900,1600,75000,75000,75000,75000,95387,1257,56,1136.237992134065,44.46437500882894,75094.784084009,13.726839087087338
1728817752,2670,,Aggregated,457.600000,19.900000,56,61,69,82,310,900,1600,75000,75000,75000,75000,95850,1276,56,1145.9628778598965,44.46437500882894,75094.784084009,13.7249243609807
1728817753,2680,,Aggregated,461.000000,19.900000,56,61,68,82,310,900,1600,75000,75000,75000,75000,96315,1294,56,1154.7028607829088,44.46437500882894,75094.784084009,13.723148003945388
1728817754,2690,,Aggregated,466.600000,19.900000,56,61,68,82,310,900,1600,75000,75000,75000,75000,96736,1316,56,1166.9887017975684,44.46437500882894,75094.784084009,13.720838157459477
1728817755,2700,,Aggregated,464.900000,19.700000,56,61,68,82,310,900,1600,75000,75000,75000,75000,97248,1334,56,1175.0528628386278,44.46437500882894,75094.784084009,13.719325847318197
1728817756,2710,,Aggregated,460.400000,20.000000,56,60,68,82,310,900,1700,75000,75000,75000,75000,97710,1356,56,1186.6375890577349,44.46437500882894,75094.784084009,13.717111861631357
1728817757,2720,,Aggregated,461.000000,19.800000,56,60,68,81,310,900,2200,75000,75000,75000,75000,98148,1378,56,1198.4284874289558,44.46437500882894,75094.784084009,13.714889758324164
1728817758,2730,,Aggregated,464.600000,19.800000,56,60,68,81,310,900,2300,75000,75000,75000,75000,98662,1394,56,1204.7030760086695,44.46437500882894,75094.784084009,13.713658754130263
1728817759,2740,,Aggregated,466.600000,20.200000,56,61,68,81,300,900,2300,75000,75000,75000,75000,99120,1414,56,1214.5522845255,44.46437500882894,75094.784084009,13.711713075060533
1728817760,2750,,Aggregated,467.900000,20.300000,56,60,68,81,300,890,2400,75000,75000,75000,75000,99591,1433,56,1223.3681408925786,44.46437500882894,75094.784084009,13.710013957084476
1728817761,2760,,Aggregated,461.500000,20.000000,56,60,68,81,300,890,2400,75000,75000,75000,75000,100037,1455,56,1234.6464392255814,44.46437500882894,75094.784084009,13.707888081409878
1728817762,2770,,Aggregated,467.100000,20.100000,56,60,68,80,300,890,2400,75000,75000,75000,75000,100517,1474,56,1243.1911853945062,44.46437500882894,75094.784084009,13.706119362893839
1728817763,2780,,Aggregated,463.900000,19.700000,56,60,68,80,300,890,2400,75000,75000,75000,75000,100993,1491,56,1250.2055894517348,44.46437500882894,75094.784084009,13.704880536274791
1728817764,2790,,Aggregated,466.900000,19.800000,56,60,68,80,300,890,2400,75000,75000,75000,75000,101454,1518,56,1264.742413503402,44.46437500882894,75094.784084009,13.702121158357482
1728817765,2800,,Aggregated,465.800000,19.900000,56,60,68,80,300,890,2400,75000,75000,75000,75000,101904,1536,56,1272.7377546975943,44.46437500882894,75100.48058303073,13.700620191552835
1728817766,2810,,Aggregated,468.000000,19.600000,56,60,68,80,300,890,2500,75000,75000,75000,75000,102369,1554,56,1280.4038703398962,44.46437500882894,75100.48058303073,13.699147202766463
1728817767,2820,,Aggregated,463.000000,19.700000,56,60,68,80,290,890,2500,75000,75000,75000,75000,102842,1574,56,1289.3398769040402,44.46437500882894,75100.48058303073,13.6974582369071
1728817768,2830,,Aggregated,465.800000,20.300000,56,60,68,79,290,890,2500,75000,75000,75000,75000,103341,1592,56,1296.4340631193456,44.46437500882894,75100.48058303073,13.696132222448012
1728817769,2840,,Aggregated,465.100000,19.600000,56,60,68,79,290,890,2500,75000,75000,75000,75000,103755,1614,56,1307.370878488355,44.46437500882894,75100.48058303073,13.694029203411883
1728817770,2850,,Aggregated,463.200000,19.800000,56,60,68,79,290,890,2500,75000,75000,75000,75000,104240,1634,56,1315.9778643908792,44.46437500882894,75100.48058303073,13.692344589409055
1728817771,2860,,Aggregated,466.100000,19.800000,56,60,68,80,290,890,2500,75000,75000,75000,75000,104725,1654,56,1324.6395205937206,44.46437500882894,75100.48058303073,13.690656481260444
1728817772,2870,,Aggregated,465.600000,20.000000,56,60,68,79,290,890,2500,75000,75000,75000,75000,105171,1671,56,1331.3759147583319,44.46437500882894,75100.48058303073,13.689382053988266
1728817773,2880,,Aggregated,468.100000,19.900000,56,60,68,80,290,890,2600,75000,75000,75000,75000,105639,1695,56,1342.8411052914066,44.46437500882894,75100.48058303073,13.68715152547828
1728817774,2890,,Aggregated,464.600000,19.700000,56,60,68,79,290,890,2600,75000,75000,75000,75000,106097,1713,56,1349.989377505844,44.46437500882894,75100.48058303073,13.685834660734988
1728817775,2900,,Aggregated,463.500000,19.900000,56,60,68,79,280,890,2600,75000,75000,75000,75000,106573,1732,56,1357.5664597571806,44.46437500882894,75100.48058303073,13.684300901729332
1728817776,2910,,Aggregated,465.900000,19.800000,56,60,68,79,280,890,2600,75000,75000,75000,75000,107037,1749,56,1363.8421558647105,44.46437500882894,75100.48058303073,13.683025495856572
1728817777,2920,,Aggregated,469.000000,19.800000,55,60,67,79,280,890,2600,75000,75000,75000,75000,107518,1772,55,1374.0158226354151,44.46437500882894,75100.48058303073,13.681067356163618
1728817778,2930,,Aggregated,465.300000,19.500000,55,60,67,79,280,880,2700,75000,75000,75000,75000,107980,1791,55,1381.55460143954,44.46437500882894,75100.48058303073,13.679570290794592
1728817779,2940,,Aggregated,466.000000,20.000000,55,60,67,78,280,880,2700,75000,75000,75000,75000,108447,1810,55,1388.9765661953347,44.46437500882894,75100.48058303073,13.67808238125536
1728817780,2950,,Aggregated,466.300000,19.900000,55,60,67,78,280,880,2700,75000,75000,75000,75000,108901,1828,55,1395.8019216732769,44.46437500882894,75100.48058303073,13.676761462245526
1728817781,2960,,Aggregated,466.400000,19.800000,55,60,67,78,280,880,2700,75000,75000,75000,75000,109362,1845,55,1401.9332915589741,44.46437500882894,75100.48058303073,13.675609443865328
1728817782,2970,,Aggregated,465.400000,19.300000,55,60,67,78,270,880,2700,75000,75000,75000,75000,109846,1868,55,1411.7315454990899,44.46437500882894,75100.48058303073,13.67366130764889
1728817783,2980,,Aggregated,457.000000,19.400000,55,60,67,78,270,880,2800,75000,75000,75000,75000,110303,1890,55,1421.0496384139942,44.46437500882894,75100.48058303073,13.671776832905723
1728817784,2990,,Aggregated,465.900000,19.600000,55,60,67,78,270,880,2800,75000,75000,75000,75000,110769,1908,55,1427.4854911646212,44.46437500882894,75100.48058303073,13.670467369029241
1728817785,3000,,Aggregated,467.700000,19.800000,55,60,67,78,270,880,2900,75000,75000,75000,75000,111253,1931,55,1437.0235971511236,44.46437500882894,75100.48058303073,13.668674103170252
1728817786,3010,,Aggregated,465.500000,19.600000,55,60,67,78,270,880,3100,75000,75000,75000,75000,111722,1948,55,1442.630822197977,44.46437500882894,75100.48058303073,13.667594565081183
1728817787,3020,,Aggregated,463.400000,19.900000,55,60,67,78,270,880,3200,75000,75000,75000,75000,112182,1968,55,1450.3696383593299,44.46437500882894,75100.48058303073,13.666113993332264
1728817788,3030,,Aggregated,465.500000,19.700000,55,60,67,78,270,880,3400,75000,75000,75000,75000,112639,1987,55,1457.3524313670011,44.46437500882894,75100.48058303073,13.66481414075054
1728817789,3040,,Aggregated,462.800000,19.600000,55,60,67,77,260,880,3300,75000,75000,75000,75000,113004,1992,55,1456.1376719372229,44.46437500882894,75100.48058303073,13.665029556475877
1728817790,3050,,Aggregated,463.700000,19.700000,56,60,67,78,270,880,3400,75000,75000,75000,75000,113587,2026,56,1471.8701681497469,44.46437500882894,75141.47220808081,13.662109220245275
1728817791,3060,,Aggregated,465.500000,19.200000,55,60,67,78,270,880,3500,75000,75000,75000,75000,113990,2046,55,1480.0186420522446,44.46437500882894,75141.47220808081,13.660531625581191
1728817792,3070,,Aggregated,468.300000,19.700000,55,60,67,78,260,880,3500,75000,75000,75000,75000,114464,2064,55,1485.9051442716043,44.46437500882894,75141.47220808081,13.659377620911378
1728817793,3080,,Aggregated,469.700000,19.900000,55,60,67,78,260,880,3500,75000,75000,75000,75000,114926,2085,55,1493.8514844236108,44.46437500882894,75141.47220808081,13.65783199624106
1728817794,3090,,Aggregated,461.300000,19.600000,55,60,67,77,260,880,3500,75000,75000,75000,75000,115405,2105,55,1500.8657692264906,44.46437500882894,75141.47220808081,13.656470690178068
1728817795,3100,,Aggregated,462.400000,19.400000,55,60,67,77,260,880,3600,75000,75000,75000,75000,115867,2128,55,1509.978370956189,44.46437500882894,75141.47220808081,13.65475070555033
1728817796,3110,,Aggregated,461.400000,19.600000,55,60,67,77,260,880,3600,75000,75000,75000,75000,116343,2142,55,1513.0713947178135,44.46437500882894,75141.47220808081,13.65418632835667
1728817797,3120,,Aggregated,463.000000,19.300000,55,60,67,77,260,880,3600,75000,75000,75000,75000,116721,2161,55,1520.6234122596072,44.46437500882894,75169.41354202572,13.652753146391824
1728817798,3130,,Aggregated,460.900000,19.400000,55,60,67,78,260,880,3600,75000,75000,75000,75000,117258,2182,55,1527.629618570441,44.46437500882894,75169.41354202572,13.651469409336677
1728817799,3140,,Aggregated,463.200000,19.300000,55,60,67,77,260,870,3700,75000,75000,75000,75000,117740,2200,55,1533.0563571415091,44.46437500882894,75169.41354202572,13.650484117547137
1728817800,3150,,Aggregated,462.300000,19.200000,55,60,67,77,260,870,3800,75000,75000,75000,75000,118131,2220,55,1540.8813099314602,44.46437500882894,75169.41354202572,13.649076025768004
1728817801,3160,,Aggregated,460.600000,19.500000,56,60,67,78,260,870,3900,75000,75000,75000,75000,118571,2245,56,1551.6944241812605,44.46437500882894,75169.41354202572,13.647030049506203
1728817802,3170,,Aggregated,458.300000,19.500000,56,60,68,79,270,880,4000,75000,75000,75000,75000,118856,2259,56,1557.965312248812,44.46437500882894,75169.41354202572,13.64594972067039
1728817803,3180,,Aggregated,456.700000,19.800000,56,60,68,80,290,880,4200,75000,75000,75000,75000,119278,2283,56,1569.567421976575,44.46437500882894,75189.65870898683,13.644083569476349
1728817804,3190,,Aggregated,442.800000,19.700000,56,61,68,81,300,880,4400,75000,75000,75000,75000,119731,2316,56,1585.7666548232453,44.46437500882894,75189.65870898683,13.641245792651862
1728817805,3200,,Aggregated,435.700000,20.100000,56,61,69,83,300,880,4500,75000,75000,75000,75000,120212,2340,56,1595.4749177020713,44.46437500882894,75189.65870898683,13.639445313279872
1728817806,3210,,Aggregated,437.200000,20.800000,56,61,69,83,300,880,4600,75000,75000,75000,75000,120679,2363,56,1603.87140272346,44.46437500882894,75189.65870898683,13.637948607462773
1728817807,3220,,Aggregated,433.100000,21.400000,56,61,69,83,300,880,5500,75000,75000,75000,75000,121149,2399,56,1620.2248010034768,44.46437500882894,75189.65870898683,13.634928889219061
1728817808,3230,,Aggregated,434.300000,22.100000,56,61,69,83,300,880,11000,75000,75000,75000,75000,121642,2430,56,1633.047353623737,44.46437500882894,75189.65870898683,13.632503576067476
1728817809,3240,,Aggregated,436.000000,23.300000,56,61,69,83,300,880,75000,75000,75000,75000,75000,122023,2460,56,1646.6166254640132,44.46437500882894,75189.65870898683,13.629987789187284
1728817810,3250,,Aggregated,436.500000,24.600000,56,61,70,85,310,880,75000,75000,75000,75000,75000,122505,2487,56,1657.7616850482057,44.46437500882894,75224.5571250096,13.62808864944288
1728817811,3260,,Aggregated,436.700000,25.700000,56,61,70,85,310,880,75000,75000,75000,75000,75000,122969,2512,56,1667.234933836653,44.46437500882894,75224.5571250096,13.626426172449968
1728817812,3270,,Aggregated,429.400000,26.400000,56,61,70,86,310,880,75000,75000,75000,75000,75000,123465,2551,56,1684.491593424258,44.46437500882894,75224.5571250096,13.623213056331753
1728817813,3280,,Aggregated,440.600000,26.400000,56,61,70,85,310,880,75000,75000,75000,75000,75000,123950,2578,56,1694.470473566602,44.46437500882894,75224.5571250096,13.62129891085115
1728817814,3290,,Aggregated,455.300000,28.200000,56,61,70,85,310,880,75000,75000,75000,75000,75000,124406,2601,56,1702.3163645265954,44.46437500882894,75224.5571250096,13.61978521936241
1728817815,3300,,Aggregated,464.300000,28.900000,56,61,70,85,310,890,75000,75000,75000,75000,75000,124891,2633,56,1715.1265104705915,44.46437500882894,75224.5571250096,13.617362339960446
1728817816,3310,,Aggregated,463.200000,28.900000,56,61,70,85,310,890,75000,75000,75000,75000,75000,125398,2664,56,1726.953911061566,44.46437500882894,75224.5571250096,13.615089554857335
1728817817,3320,,Aggregated,469.900000,29.400000,56,61,70,84,310,890,75000,75000,75000,75000,75000,125854,2697,56,1740.5520536117408,44.46437500882894,75224.5571250096,13.61247159406932
1728817818,3330,,Aggregated,470.000000,30.000000,56,61,70,85,310,890,75000,75000,75000,75000,75000,126244,2727,56,1753.4024680783505,44.46437500882894,75224.5571250096,13.610088400240803
1728817819,3340,,Aggregated,467.800000,29.300000,56,61,70,85,310,890,75000,75000,75000,75000,75000,126782,2753,56,1761.7884971089295,44.46437500882894,75224.5571250096,13.608382893470681
1728817820,3350,,Aggregated,457.700000,29.100000,56,61,70,85,300,890,75000,75000,75000,75000,75000,127248,2783,56,1773.2335656896664,44.46437500882894,75224.5571250096,13.606280648811769
1728817821,3360,,Aggregated,469.600000,29.400000,56,61,70,85,300,890,75000,75000,75000,75000,75000,127723,2812,56,1783.9017832291354,44.46437500882894,75224.5571250096,13.604299930317953
1728817822,3370,,Aggregated,476.800000,29.700000,56,61,70,85,300,890,75000,75000,75000,75000,75000,128217,2843,56,1795.3725546134303,44.46437500882894,75224.5571250096,13.602213435035916
1728817823,3380,,Aggregated,473.200000,30.100000,56,61,70,85,300,890,75000,75000,75000,75000,75000,128683,2872,56,1805.9609025271302,44.46437500882894,75224.5571250096,13.60020360109727
1728817824,3390,,Aggregated,474.400000,29.900000,56,61,70,84,300,890,75000,75000,75000,75000,75000,129167,2905,56,1818.551648132904,44.46437500882894,75224.5571250096,13.597745554205021
1728817825,3400,,Aggregated,471.300000,29.500000,56,61,70,84,300,890,75000,75000,75000,75000,75000,129609,2925,56,1824.1083782430433,44.46437500882894,75224.5571250096,13.596617518845141
1728817826,3410,,Aggregated,473.800000,29.800000,56,61,70,85,300,900,75000,75000,75000,75000,75000,130121,2964,56,1839.7894862066976,44.46437500882894,75224.5571250096,13.593685876991415
1728817827,3420,,Aggregated,471.800000,29.500000,56,61,70,85,300,900,75000,75000,75000,75000,75000,130570,2989,56,1848.002800892854,44.46437500882894,75224.5571250096,13.592203415792296
1728817828,3430,,Aggregated,462.800000,28.900000,56,61,70,84,300,900,75000,75000,75000,75000,75000,131049,3024,56,1861.4737523090307,44.46437500882894,75224.5571250096,13.589611519355355
1728817829,3440,,Aggregated,473.000000,30.000000,56,61,70,84,300,900,75000,75000,75000,75000,75000,131544,3050,56,1869.4966592636517,44.46437500882894,75224.5571250096,13.5880921972876
1728817830,3450,,Aggregated,479.600000,29.500000,56,61,70,84,300,900,75000,75000,75000,75000,75000,131996,3080,56,1880.34769528939,44.46437500882894,75224.5571250096,13.58607079002394
1728817831,3460,,Aggregated,473.900000,29.700000,56,61,70,84,300,900,75000,75000,75000,75000,75000,132466,3114,56,1893.1395010555855,44.46437500882894,75224.5571250096,13.583621457581568
1728817832,3470,,Aggregated,474.700000,29.700000,56,61,70,84,300,900,75000,75000,75000,75000,75000,132952,3139,56,1900.5609472224212,44.46437500882894,75224.5571250096,13.582225163968952
1728817833,3480,,Aggregated,474.100000,30.100000,56,61,70,84,300,900,75000,75000,75000,75000,75000,133448,3174,56,1913.3592302916359,44.46437500882894,75224.5571250096,13.579836340746958
1728817834,3490,,Aggregated,475.400000,29.600000,56,61,70,84,300,900,75000,75000,75000,75000,75000,133898,3202,56,1922.787147552292,44.46437500882894,75224.5571250096,13.578096760220467
1728817835,3500,,Aggregated,474.000000,29.600000,56,61,70,84,300,900,75000,75000,75000,75000,75000,134391,3238,56,1936.2179594303125,44.46437500882894,75224.5571250096,13.575537052332374
1728817836,3510,,Aggregated,474.600000,30.100000,56,61,70,84,290,900,75000,75000,75000,75000,75000,134841,3263,56,1943.8414182587926,44.46437500882894,75224.5571250096,13.574039053403638
1728817837,3520,,Aggregated,475.100000,30.700000,56,61,70,84,290,900,75000,75000,75000,75000,75000,135310,3291,56,1952.8065904461441,44.46437500882894,75224.5571250096,13.572374547335748
1728817838,3530,,Aggregated,483.700000,30.900000,56,61,70,84,290,910,75000,75000,75000,75000,75000,135797,3320,56,1962.0107984983729,44.46437500882894,75224.5571250096,13.570572251227937
1728817839,3540,,Aggregated,471.900000,29.800000,56,61,70,83,290,910,75000,75000,75000,75000,75000,136282,3351,56,1972.277367996637,44.46437500882894,75224.5571250096,13.568556375750282
1728817840,3550,,Aggregated,477.100000,30.400000,56,61,70,83,290,910,75000,75000,75000,75000,75000,136742,3381,56,1982.3006778521792,44.46437500882894,75224.5571250096,13.566526743794883
1728817841,3560,,Aggregated,472.700000,30.100000,56,61,70,84,290,910,75000,75000,75000,75000,75000,137242,3413,56,1992.8050352721216,44.46437500882894,75224.5571250096,13.564601215371388
1728817842,3570,,Aggregated,475.700000,29.900000,56,61,70,83,290,910,75000,75000,75000,75000,75000,137698,3438,56,2000.000466266102,44.46437500882894,75224.5571250096,13.56322531917675
1728817843,3580,,Aggregated,474.400000,29.500000,56,61,70,84,290,910,75000,75000,75000,75000,75000,138043,3471,56,2013.4622534527134,44.46437500882894,75224.5571250096,13.560731076548612
1728817844,3590,,Aggregated,474.200000,29.900000,56,61,70,85,300,910,75000,75000,75000,75000,75000,138636,3497,56,2019.7933470728292,44.46437500882894,75224.5571250096,13.559695894284312
1728817845,3600,,Aggregated,464.700000,29.900000,56,61,70,85,300,910,75000,75000,75000,75000,75000,139073,3527,56,2029.786284538565,44.46437500882894,75224.5571250096,13.557843722361637
1728817846,3610,,Aggregated,474.800000,29.500000,56,61,70,85,300,910,75000,75000,75000,75000,75000,139593,3561,56,2040.707329068384,44.46437500882894,75224.5571250096,13.555737035524704
1728817847,3620,,Aggregated,468.400000,29.100000,56,61,70,85,300,910,75000,75000,75000,75000,75000,140046,3589,56,2049.2901844128196,44.46437500882894,75224.5571250096,13.554117932679263
1728817848,3630,,Aggregated,470.100000,29.600000,56,61,70,84,300,910,75000,75000,75000,75000,75000,140530,3620,56,2058.971507223137,44.46437500882894,75224.5571250096,13.552316231409664
1728817849,3640,,Aggregated,475.000000,30.100000,56,61,70,84,300,910,75000,75000,75000,75000,75000,140992,3649,56,2067.8198413091973,44.46437500882894,75224.5571250096,13.550626985928279
1728817850,3650,,Aggregated,472.800000,29.700000,56,61,70,84,300,920,75000,75000,75000,75000,75000,141471,3680,56,2077.431340207821,44.46437500882894,75224.5571250096,13.548790918280071
1728817851,3660,,Aggregated,471.100000,29.900000,56,61,70,84,300,920,75000,75000,75000,75000,75000,141939,3710,56,2086.6069376800956,44.46437500882894,75224.5571250096,13.547080083697926
1728817852,3670,,Aggregated,469.800000,29.900000,56,61,70,84,290,920,75000,75000,75000,75000,75000,142316,3733,56,2093.420123537637,44.46437500882894,75224.5571250096,13.54580651507912
1728817853,3680,,Aggregated,469.700000,30.300000,56,61,70,84,290,920,75000,75000,75000,75000,75000,142901,3768,56,2103.5716106166187,44.46437500882894,75224.5571250096,13.543977998754382
1728817854,3690,,Aggregated,467.100000,29.700000,56,61,70,84,290,920,75000,75000,75000,75000,75000,143341,3802,56,2115.0811841611358,44.46437500882894,75224.5571250096,13.541757068807948
1728817855,3700,,Aggregated,480.600000,29.900000,56,61,70,84,290,920,75000,75000,75000,75000,75000,143837,3831,56,2123.0962023466664,44.46437500882894,75224.5571250096,13.540180899212302
1728817856,3710,,Aggregated,467.600000,30.300000,56,61,70,84,290,920,75000,75000,75000,75000,75000,144320,3860,56,2131.236486119801,44.46437500882894,75224.5571250096,13.538684866962306
1728817857,3720,,Aggregated,475.100000,30.200000,56,61,70,83,290,920,75000,75000,75000,75000,75000,144802,3887,56,2138.3018550991214,44.46437500882894,75224.5571250096,13.537347550448198
1728817858,3730,,Aggregated,474.900000,29.800000,56,61,70,83,290,920,75000,75000,75000,75000,75000,145274,3913,56,2144.965631196459,44.46437500882894,75224.5571250096,13.536083538692402
1728817859,3740,,Aggregated,472.300000,29.600000,56,61,70,83,290,920,75000,75000,75000,75000,75000,145774,3946,56,2154.782634241452,44.46437500882894,75224.5571250096,13.534176190541523
1728817860,3750,,Aggregated,471.300000,29.400000,56,61,70,83,290,930,75000,75000,75000,75000,75000,146213,3980,56,2165.9625885551704,44.46437500882894,75224.5571250096,13.532038874792255
1728817861,3760,,Aggregated,476.300000,29.500000,56,61,70,84,290,930,75000,75000,75000,75000,75000,146625,4005,56,2172.9304990951646,44.46437500882894,75224.5571250096,13.530693947144075
1728817862,3770,,Aggregated,474.400000,30.200000,56,61,70,85,300,930,75000,75000,75000,75000,75000,147074,4036,56,2183.1129900200403,44.46437500882894,75224.5571250096,13.528910616424385
1728817863,3780,,Aggregated,475.300000,29.500000,56,62,70,85,300,930,75000,75000,75000,75000,75000,147587,4068,56,2192.190120648516,44.46437500882894,75224.5571250096,13.527275437538536
1728817864,3790,,Aggregated,462.300000,29.400000,56,62,70,85,300,930,75000,75000,75000,75000,75000,148055,4095,56,2199.110754587503,44.46437500882894,75224.5571250096,13.525953193070142
1728817865,3800,,Aggregated,469.800000,29.700000,56,62,70,85,300,930,75000,75000,75000,75000,75000,148532,4121,56,2205.3678988340475,44.46437500882894,75224.5571250096,13.524775805886947
1728817866,3810,,Aggregated,470.500000,29.300000,56,62,70,84,300,930,75000,75000,75000,75000,75000,149006,4147,56,2211.611367614698,44.46437500882894,75224.5571250096,13.523623209803633
1728817867,3820,,Aggregated,469.600000,28.800000,56,62,70,84,300,930,75000,75000,75000,75000,75000,149495,4186,56,2224.1239921260226,44.46437500882894,75224.5571250096,13.521214756346366
1728817868,3830,,Aggregated,467.000000,28.900000,56,62,70,84,300,930,75000,75000,75000,75000,75000,149982,4214,56,2231.078101981848,44.46437500882894,75224.5571250096,13.520002400288034
1728817869,3840,,Aggregated,469.900000,29.700000,56,61,70,84,300,930,75000,75000,75000,75000,75000,150433,4238,56,2236.5115810778266,44.46437500882894,75224.5571250096,13.518961929895701
1728817870,3850,,Aggregated,469.200000,30.100000,56,61,70,84,300,930,75000,75000,75000,75000,75000,150767,4273,56,2249.165261231383,44.46437500882894,75234.47312496137,13.516644889133564
1728817871,3860,,Aggregated,465.500000,29.100000,56,62,70,85,300,930,75000,75000,75000,75000,75000,151374,4306,56,2257.247127725286,44.46437500882894,75234.47312496137,13.515187548720387
1728817872,3870,,Aggregated,464.600000,28.500000,56,62,70,85,300,940,75000,75000,75000,75000,75000,151806,4334,56,2264.8053433694254,44.46437500882894,75234.47312496137,13.513754397059405
1728817873,3880,,Aggregated,463.300000,29.300000,56,62,70,85,300,940,75000,75000,75000,75000,75000,152283,4361,56,2271.1825969239385,44.46437500882894,75234.47312496137,13.512486620305616
1728817874,3890,,Aggregated,477.300000,30.000000,56,62,70,84,300,940,75000,75000,75000,75000,75000,152784,4391,56,2278.6397063422282,44.46437500882894,75234.47312496137,13.511094093622368
1728817875,3900,,Aggregated,467.200000,29.900000,56,62,70,84,300,940,75000,75000,75000,75000,75000,153255,4418,56,2285.0163732023325,44.46437500882894,75234.47312496137,13.509947473165639
1728817876,3910,,Aggregated,470.500000,28.900000,56,62,70,84,300,940,75000,75000,75000,75000,75000,153735,4445,56,2291.2475406941503,44.46437500882894,75234.47312496137,13.50872605457443
1728817877,3920,,Aggregated,470.500000,30.100000,56,62,70,84,300,940,75000,75000,75000,75000,75000,154211,4482,56,2302.3369155930295,44.46437500882894,75234.47312496137,13.506662948816881
1728817878,3930,,Aggregated,471.100000,29.700000,56,62,70,84,300,940,75000,75000,75000,75000,75000,154676,4512,56,2310.1556672907045,44.46437500882894,75234.47312496137,13.505243218081667
1728817879,3940,,Aggregated,470.000000,29.200000,56,62,70,84,300,940,75000,75000,75000,75000,75000,155078,4540,56,2317.8850186953323,44.46437500882894,75234.47312496137,13.503778743599995
1728817880,3950,,Aggregated,472.400000,29.500000,56,62,70,84,300,940,75000,75000,75000,75000,75000,155629,4577,56,2327.8074788750987,44.46437500882894,75234.47312496137,13.501911597452917
1728817881,3960,,Aggregated,471.500000,30.100000,56,62,70,84,300,950,75000,75000,75000,75000,75000,156098,4608,56,2335.8671870002495,44.46437500882894,75234.47312496137,13.500377967686966
1728817882,3970,,Aggregated,475.000000,30.200000,56,62,70,84,300,950,75000,75000,75000,75000,75000,156559,4647,56,2347.817007662319,44.46437500882894,75234.47312496137,13.498150856865463
1728817883,3980,,Aggregated,473.900000,30.800000,56,62,70,84,300,950,75000,75000,75000,75000,75000,157060,4684,56,2358.1714764399276,44.46437500882894,75234.47312496137,13.496249840825163
1728817884,3990,,Aggregated,475.100000,31.000000,56,62,70,84,300,950,75000,75000,75000,75000,75000,157552,4722,56,2369.0567740681167,44.46437500882894,75234.47312496137,13.494255864730375
1728817885,4000,,Aggregated,477.900000,31.500000,56,62,70,84,300,960,75000,75000,75000,75000,75000,158037,4770,56,2384.728392505299,44.46437500882894,75234.47312496137,13.49134063542082
1728817886,4010,,Aggregated,475.300000,33.500000,56,62,70,83,290,960,75000,75000,75000,75000,75000,158522,4801,56,2392.263349820768,44.46437500882894,75234.47312496137,13.489868914093943
1728817887,4020,,Aggregated,476.500000,34.000000,56,62,70,83,290,960,75000,75000,75000,75000,75000,159007,4837,56,2402.113105809233,44.46437500882894,75234.47312496137,13.488022539888181
1728817888,4030,,Aggregated,479.400000,35.700000,56,62,70,83,290,960,75000,75000,75000,75000,75000,159471,4883,56,2416.910521840997,44.46437500882894,75234.47312496137,13.485223018605264
1728817889,4040,,Aggregated,480.000000,35.300000,56,62,70,83,290,960,75000,75000,75000,75000,75000,159835,4925,56,2431.346115984168,44.46437500882894,75247.62712500524,13.482553883692558
1728817890,4050,,Aggregated,478.600000,36.900000,56,62,70,84,300,970,75000,75000,75000,75000,75000,160443,4964,56,2440.9586113971845,44.46437500882894,75247.62712500524,13.480856129591194
1728817891,4060,,Aggregated,477.800000,37.400000,56,62,70,84,300,970,75000,75000,75000,75000,75000,160908,5001,56,2451.3296982354445,44.46437500882894,75247.62712500524,13.478900986899346
1728817892,4070,,Aggregated,482.700000,38.900000,56,62,70,84,300,970,75000,75000,75000,75000,75000,161411,5045,56,2464.303401513292,44.46437500882894,75247.62712500524,13.476466907459839
1728817893,4080,,Aggregated,482.200000,38.700000,56,62,70,84,300,970,75000,75000,75000,75000,75000,161897,5083,56,2474.667219621359,44.46437500882894,75247.62712500524,13.474573339839528
1728817894,4090,,Aggregated,482.600000,39.400000,56,62,70,84,300,980,75000,75000,75000,75000,75000,162408,5128,56,2487.8228581919234,44.46437500882894,75247.62712500524,13.47210112802325
1728817895,4100,,Aggregated,481.500000,39.400000,56,62,70,83,300,980,75000,75000,75000,75000,75000,162885,5159,56,2494.967216344426,44.46437500882894,75247.62712500524,13.470767719556742
1728817896,4110,,Aggregated,485.300000,40.500000,56,62,70,83,300,980,75000,75000,75000,75000,75000,163369,5201,56,2507.0109723676546,44.46437500882894,75247.62712500524,13.468516058738194
1728817897,4120,,Aggregated,486.000000,40.100000,56,62,70,83,300,980,75000,75000,75000,75000,75000,163858,5242,56,2518.452220906283,44.46437500882894,75247.62712500524,13.466342809017563
1728817898,4130,,Aggregated,484.100000,38.600000,56,62,70,83,300,990,75000,75000,75000,75000,75000,164216,5282,56,2531.421659415398,44.46437500882894,75247.62712500524,13.46393165099625
1728817899,4140,,Aggregated,482.200000,40.200000,56,62,70,84,300,990,75000,75000,75000,75000,75000,164817,5321,56,2540.328670943238,44.46437500882894,75247.62712500524,13.462276342852983
1728817900,4150,,Aggregated,485.200000,39.900000,56,62,70,84,300,990,75000,75000,75000,75000,75000,165277,5353,56,2547.9562888144933,44.46437500882894,75247.62712500524,13.460856622518559
1728817901,4160,,Aggregated,489.200000,40.300000,56,62,70,84,300,990,75000,75000,75000,75000,75000,165757,5396,56,2560.200840382292,44.46437500882894,75247.62712500524,13.458568868886381
1728817902,4170,,Aggregated,482.500000,39.200000,56,62,70,84,300,990,75000,75000,75000,75000,75000,166246,5431,56,2568.6326895910183,44.46437500882894,75247.62712500524,13.45700347677538
1728817903,4180,,Aggregated,484.000000,39.800000,56,62,70,83,300,1000,75000,75000,75000,75000,75000,166730,5479,56,2582.926550699195,44.46437500882894,75247.62712500524,13.454333353325737
1728817904,4190,,Aggregated,484.700000,38.800000,56,62,70,83,290,1000,75000,75000,75000,75000,75000,167223,5514,56,2591.172999043382,44.46437500882894,75247.62712500524,13.452814505181703
1728817905,4200,,Aggregated,484.800000,40.200000,56,62,70,83,290,1000,75000,75000,75000,75000,75000,167710,5557,56,2603.033884261538,44.46437500882894,75247.62712500524,13.450563472661141
1728817906,4210,,Aggregated,482.700000,38.700000,56,62,70,83,290,1000,75000,75000,75000,75000,75000,168207,5599,56,2614.2217710435802,44.46437500882894,75247.62712500524,13.448477173958278
1728817907,4220,,Aggregated,482.300000,39.100000,56,62,70,83,290,1000,75000,75000,75000,75000,75000,168687,5637,56,2623.843730390738,44.46437500882894,75247.62712500524,13.446631927771554
1728817908,4230,,Aggregated,481.300000,40.500000,56,62,70,84,300,1000,75000,75000,75000,75000,75000,169081,5680,56,2637.2595825691974,44.46437500882894,75247.62712500524,13.4441362423927
1728817909,4240,,Aggregated,484.200000,39.800000,56,62,70,84,300,1000,75000,75000,75000,75000,75000,169623,5711,56,2643.033930235818,44.46437500882894,75247.62712500524,13.443053123691952
1728817910,4250,,Aggregated,468.100000,39.600000,56,62,70,84,300,1000,75000,75000,75000,75000,75000,170097,5762,56,2658.3001926259094,44.46437500882894,75247.62712500524,13.440172372234667
1728817911,4260,,Aggregated,484.100000,39.100000,56,62,70,84,300,1000,75000,75000,75000,75000,75000,170574,5794,56,2665.144741687431,44.46437500882894,75247.62712500524,13.438888693470282
1728817912,4270,,Aggregated,478.500000,39.600000,56,62,70,84,300,1000,75000,75000,75000,75000,75000,171088,5844,56,2679.2313160193385,44.46437500882894,75247.62712500524,13.436219956981203
1728817913,4280,,Aggregated,480.100000,39.700000,56,62,70,84,300,1000,75000,75000,75000,75000,75000,171568,5880,56,2687.621982159442,44.46437500882894,75247.62712500524,13.434609017998694
1728817914,4290,,Aggregated,482.300000,40.500000,56,62,70,84,300,1000,75000,75000,75000,75000,75000,172054,5914,56,2695.0024025080997,44.46437500882894,75247.62712500524,13.433183767886826
1728817915,4300,,Aggregated,481.400000,40.100000,56,62,70,84,300,1000,75000,75000,75000,75000,75000,172561,5954,56,2704.62355860198,44.46437500882894,75247.62712500524,13.431348914296974
1728817916,4310,,Aggregated,481.900000,39.800000,56,62,70,83,300,1000,75000,75000,75000,75000,75000,173035,5995,56,2715.126031520836,44.46437500882894,75247.62712500524,13.429392897390702
1728817917,4320,,Aggregated,481.800000,39.300000,56,62,70,84,300,1000,75000,75000,75000,75000,75000,173374,6037,56,2728.37509973453,44.46437500882894,75276.12695889547,13.426920991613507
1728817918,4330,,Aggregated,483.200000,39.300000,56,62,71,84,300,1000,75000,75000,75000,75000,75000,173968,6078,56,2737.453266381519,44.46437500882894,75276.12695889547,13.425279361721696
1728817919,4340,,Aggregated,468.700000,38.800000,56,62,71,84,300,1000,75000,75000,75000,75000,75000,174417,6117,56,2747.3198916135707,44.46437500882894,75276.12695889547,13.42345642913248
1728817920,4350,,Aggregated,491.600000,39.900000,56,62,71,85,300,1000,75000,75000,75000,75000,75000,174795,6148,56,2754.914961826384,44.46437500882894,75276.12695889547,13.422002917703596
1728817921,4360,,Aggregated,472.300000,41.000000,56,62,71,86,310,1000,75000,75000,75000,75000,75000,175259,6196,56,2768.9047336821145,44.46437500882894,75276.12695889547,13.419499141270919
1728817922,4370,,Aggregated,475.900000,39.800000,56,62,71,87,320,1100,75000,75000,75000,75000,75000,175761,6242,56,2781.3541760695225,44.46437500882894,75276.12695889547,13.417311007561404
1728817923,4380,,Aggregated,467.100000,39.500000,57,62,72,87,320,1100,75000,75000,75000,75000,75000,176276,6278,57,2788.825290526531,44.46437500882894,75276.12695889547,13.415927295831537
1728817924,4390,,Aggregated,467.000000,40.100000,57,62,72,87,320,1100,75000,75000,75000,75000,75000,176701,6307,57,2794.563339881755,44.46437500882894,75276.12695889547,13.414858999100176
1728817925,4400,,Aggregated,468.800000,39.600000,57,62,72,88,320,1100,75000,75000,75000,75000,75000,177262,6360,57,2808.6602128835816,44.46437500882894,75276.12695889547,13.412288025634371
1728817926,4410,,Aggregated,470.100000,40.100000,57,62,72,88,320,1100,75000,75000,75000,75000,75000,177759,6401,57,2818.2879944175884,44.46437500882894,75276.12695889547,13.410426476296559
1728817927,4420,,Aggregated,462.300000,41.100000,57,62,72,88,320,1100,75000,75000,75000,75000,75000,178231,6442,57,2828.2246749822966,44.46437500882894,75276.12695889547,13.408576510259158
1728817928,4430,,Aggregated,467.100000,40.100000,57,62,72,88,320,1100,75000,75000,75000,75000,75000,178731,6480,57,2836.447929999624,44.46437500882894,75276.12695889547,13.407081032389456
1728817929,4440,,Aggregated,479.900000,41.400000,57,62,72,88,320,1100,75000,75000,75000,75000,75000,179198,6514,57,2843.4270846199306,44.46437500882894,75276.12695889547,13.405763457181441
1728817930,4450,,Aggregated,470.700000,39.700000,57,62,72,88,320,1100,75000,75000,75000,75000,75000,179695,6555,57,2852.836671305936,44.46437500882894,75276.12695889547,13.404023484237179
1728817931,4460,,Aggregated,474.700000,39.000000,57,62,72,88,320,1100,75000,75000,75000,75000,75000,180183,6598,57,2863.5341916421853,44.46437500882894,75276.12695889547,13.402080107446318
1728817932,4470,,Aggregated,475.100000,39.700000,57,62,72,88,320,1100,75000,75000,75000,75000,75000,180660,6641,57,2873.972588519842,44.46437500882894,75276.12695889547,13.4001494520093
1728817933,4480,,Aggregated,486.100000,40.100000,57,62,72,87,320,1100,75000,75000,75000,75000,75000,181166,6680,57,2882.23476434766,44.46437500882894,75276.12695889547,13.398551604605721
1728817934,4490,,Aggregated,487.300000,40.100000,57,62,72,87,320,1100,75000,75000,75000,75000,75000,181550,6714,57,2890.3282513156664,44.46437500882894,75276.12695889547,13.397014596529882
1728817935,4500,,Aggregated,482.500000,39.800000,57,62,72,88,320,1100,75000,75000,75000,75000,75000,182122,6751,57,2896.8085003721235,44.46437500882894,75276.12695889547,13.39582807129287
1728817936,4510,,Aggregated,484.400000,39.500000,57,62,72,88,310,1100,75000,75000,75000,75000,75000,182610,6792,57,2906.0532779770733,44.46437500882894,75276.12695889547,13.394135041892557
1728817937,4520,,Aggregated,488.300000,38.700000,57,62,72,87,310,1100,75000,75000,75000,75000,75000,183102,6838,57,2917.235208934253,44.46437500882894,75276.12695889547,13.39196731876222
1728817938,4530,,Aggregated,482.300000,38.900000,57,62,72,87,310,1100,75000,75000,75000,75000,75000,183583,6874,57,2924.44060941228,44.46437500882894,75276.12695889547,13.39056993294586
1728817939,4540,,Aggregated,483.900000,39.200000,57,62,72,87,310,1100,75000,75000,75000,75000,75000,184080,6915,57,2933.3904722703605,44.46437500882894,75276.12695889547,13.388901564537157
1728817940,4550,,Aggregated,485.600000,39.500000,57,62,72,87,310,1100,75000,75000,75000,75000,75000,184578,6956,57,2942.28747252403,44.46437500882894,75276.12695889547,13.387278007129778
1728817941,4560,,Aggregated,485.800000,39.400000,57,62,72,87,310,1100,75000,75000,75000,75000,75000,185062,6993,57,2949.7697049502003,44.46437500882894,75276.12695889547,13.385832856015822
1728817942,4570,,Aggregated,488.500000,41.100000,57,62,72,87,310,1100,75000,75000,75000,75000,75000,185533,7021,57,2953.7349659619854,44.46437500882894,75276.12695889547,13.38503123433567
1728817943,4580,,Aggregated,487.800000,39.900000,57,62,72,87,310,1100,75000,75000,75000,75000,75000,186036,7072,57,2966.44949900797,44.46437500882894,75276.12695889547,13.38269474725322
1728817944,4590,,Aggregated,483.600000,38.600000,57,62,72,87,310,1100,75000,75000,75000,75000,75000,186534,7111,57,2974.3475370984484,44.46437500882894,75276.12695889547,13.38123880901069
1728817945,4600,,Aggregated,487.900000,38.500000,57,62,72,87,310,1100,75000,75000,75000,75000,75000,187017,7149,57,2982.195797534005,44.46437500882894,75276.12695889547,13.379724837848965
1728817946,4610,,Aggregated,486.700000,39.700000,57,62,72,87,310,1100,75000,75000,75000,75000,75000,187495,7185,57,2989.1239348943027,44.46437500882894,75276.12695889547,13.378372756606844
1728817947,4620,,Aggregated,489.200000,39.600000,57,62,72,87,310,1100,75000,75000,75000,75000,75000,188003,7231,57,2999.565990054311,44.46437500882894,75276.12695889547,13.376350377387595
1728817948,4630,,Aggregated,493.700000,40.100000,57,62,72,87,310,1100,75000,75000,75000,75000,75000,188496,7267,57,3006.185905667713,44.46437500882894,75276.12695889547,13.375090187590187
1728817949,4640,,Aggregated,487.600000,39.200000,57,62,72,87,310,1100,75000,75000,75000,75000,75000,188944,7306,57,3014.664548360128,44.46437500882894,75276.12695889547,13.373523372004403
1728817950,4650,,Aggregated,489.300000,39.900000,57,62,72,87,310,1100,75000,75000,75000,75000,75000,189462,7349,57,3023.6172213947493,44.46437500882894,75276.12695889547,13.371779037485089
1728817951,4660,,Aggregated,488.700000,39.800000,57,62,72,87,310,1100,75000,75000,75000,75000,75000,189951,7386,57,3030.58178244942,44.46437500882894,75276.12695889547,13.370442903696217
1728817952,4670,,Aggregated,487.800000,38.600000,57,62,72,87,310,1200,75000,75000,75000,75000,75000,190393,7423,57,3038.239954957841,44.46437500882894,75276.12695889547,13.368984153829185
1728817953,4680,,Aggregated,487.200000,39.200000,57,62,72,87,310,1200,75000,75000,75000,75000,75000,190933,7472,57,3049.0405832689858,44.46437500882894,75276.12695889547,13.366971660215887
1728817954,4690,,Aggregated,488.400000,39.500000,57,62,72,86,310,1200,75000,75000,75000,75000,75000,191386,7509,57,3056.442650521714,44.46437500882894,75276.12695889547,13.365549204226014
1728817955,4700,,Aggregated,485.500000,39.800000,57,62,72,86,310,1200,75000,75000,75000,75000,75000,191897,7546,57,3062.9070785098293,44.46437500882894,75276.12695889547,13.364268331448642
1728817956,4710,,Aggregated,484.100000,39.500000,57,62,72,87,310,1200,75000,75000,75000,75000,75000,192382,7585,57,3070.7449503605844,44.46437500882894,75276.12695889547,13.362850994375773
1728817957,4720,,Aggregated,485.900000,39.500000,57,62,72,87,310,1200,75000,75000,75000,75000,75000,192847,7630,57,3080.961140661898,44.46437500882894,75276.12695889547,13.36086120084834
1728817958,4730,,Aggregated,471.900000,39.300000,57,62,72,87,310,1200,75000,75000,75000,75000,75000,193352,7679,57,3092.051868578953,44.46437500882894,75276.12695889547,13.35877053250031
1728817959,4740,,Aggregated,488.100000,39.800000,57,62,72,86,310,1200,75000,75000,75000,75000,75000,193860,7725,57,3101.8846688351837,44.46437500882894,75276.12695889547,13.356943154854019
1728817960,4750,,Aggregated,484.900000,39.600000,57,62,72,86,310,1200,75000,75000,75000,75000,75000,194333,7773,57,3113.0035052144603,44.46437500882894,75276.12695889547,13.354890831716693
1728817961,4760,,Aggregated,486.700000,41.100000,57,62,72,86,310,1200,75000,75000,75000,75000,75000,194844,7820,57,3123.089472083973,44.46437500882894,75276.12695889547,13.352990084375193
1728817962,4770,,Aggregated,490.800000,42.200000,57,62,72,86,310,1200,75000,75000,75000,75000,75000,195333,7868,57,3133.832298052675,44.46437500882894,75276.12695889547,13.350964762738503
1728817963,4780,,Aggregated,489.700000,42.300000,57,62,72,86,310,1200,75000,75000,75000,75000,75000,195825,7914,57,3143.707356081303,44.46437500882894,75276.12695889547,13.349122941401761
1728817964,4790,,Aggregated,490.900000,44.500000,57,62,72,86,310,1200,75000,75000,75000,75000,75000,196326,7968,57,3156.458233572385,44.46437500882894,75276.12695889547,13.346719232297302
1728817965,4800,,Aggregated,491.100000,45.000000,57,62,72,86,310,1200,75000,75000,75000,75000,75000,196811,8020,57,3168.6250852472976,44.46437500882894,75276.12695889547,13.344426886708568
1728817966,4810,,Aggregated,494.400000,44.200000,57,62,72,86,310,1300,75000,75000,75000,75000,75000,197245,8066,57,3179.2590747660443,44.46437500882894,75276.12695889547,13.342487769018225
1728817967,4820,,Aggregated,493.200000,46.100000,57,63,72,87,310,1300,75000,75000,75000,75000,75000,197869,8124,57,3191.8388557131752,44.46437500882894,75276.39283298049,13.340225098423705
1728817968,4830,,Aggregated,504.800000,48.000000,57,62,72,87,310,1300,75000,75000,75000,75000,75000,198309,8181,57,3206.4206746503523,44.46437500882894,75276.39283298049,13.337458209158434
1728817969,4840,,Aggregated,484.400000,49.200000,57,62,72,87,310,1300,75000,75000,75000,75000,75000,198801,8227,57,3215.9666525012335,44.46437500882894,75276.39283298049,13.335667325617074
1728817970,4850,,Aggregated,497.200000,49.500000,57,62,72,87,310,1300,75000,75000,75000,75000,75000,199331,8277,57,3226.3929391420197,44.46437500882894,75276.39283298049,13.333736348084342
1728817971,4860,,Aggregated,490.900000,49.600000,57,62,72,87,310,1300,75000,75000,75000,75000,75000,199798,8329,57,3238.4861916865116,44.46437500882894,75276.39283298049,13.331514829978278
1728817972,4870,,Aggregated,488.200000,49.300000,57,62,72,87,310,1300,75000,75000,75000,75000,75000,200307,8382,57,3250.2305766864415,44.46437500882894,75276.39283298049,13.329314502239063
1728817973,4880,,Aggregated,493.500000,50.000000,57,62,72,86,310,1300,75000,75000,75000,75000,75000,200798,8420,57,3256.6039680884296,44.46437500882894,75276.39283298049,13.328080956981644
1728817974,4890,,Aggregated,491.900000,49.700000,57,62,72,86,310,1300,75000,75000,75000,75000,75000,201288,8485,57,3273.0379913575503,44.46437500882894,75276.39283298049,13.325001987202416
1728817975,4900,,Aggregated,494.400000,50.500000,57,62,72,86,310,1300,75000,75000,75000,75000,75000,201780,8524,57,3279.6843669941936,44.46437500882894,75276.39283298049,13.323694122311428
1728817976,4910,,Aggregated,491.800000,51.200000,57,62,72,86,310,1300,75000,75000,75000,75000,75000,202259,8563,57,3286.508542966664,44.46437500882894,75276.39283298049,13.322393564686863
1728817977,4920,,Aggregated,493.700000,52.000000,57,63,72,87,320,1300,75000,75000,75000,75000,75000,202879,8635,57,3303.534098665863,44.46437500882894,75292.76337497868,13.319293766235047
1728817978,4930,,Aggregated,492.000000,49.700000,57,63,72,87,320,1300,75000,75000,75000,75000,75000,203339,8678,57,3312.04781248776,44.46437500882894,75292.76337497868,13.317735407373894
1728817979,4940,,Aggregated,492.200000,49.400000,57,63,72,87,320,1300,75000,75000,75000,75000,75000,203826,8729,57,3323.023217324813,44.46437500882894,75292.76337497868,13.315700646629969
1728817980,4950,,Aggregated,489.700000,49.900000,57,63,72,88,320,1400,75000,75000,75000,75000,75000,204290,8782,57,3335.4136665905407,44.46437500882894,75292.76337497868,13.313407411033335
1728817981,4960,,Aggregated,491.100000,49.000000,57,63,72,89,320,1400,75000,75000,75000,75000,75000,204781,8826,57,3343.801608295156,44.46437500882894,75292.76337497868,13.311820920886214
1728817982,4970,,Aggregated,491.200000,49.400000,57,63,73,89,320,1400,75000,75000,75000,75000,75000,205277,8881,57,3356.0355536406228,44.46437500882894,75292.76337497868,13.30959630158274
1728817983,4980,,Aggregated,484.500000,50.000000,57,63,73,89,320,1400,75000,75000,75000,75000,75000,205787,8931,57,3366.0906467023383,44.46437500882894,75292.76337497868,13.307745387220766
1728817984,4990,,Aggregated,485.400000,49.000000,57,63,73,89,320,1400,75000,75000,75000,75000,75000,206283,8983,57,3377.0282365000357,44.46437500882894,75292.76337497868,13.305662609134053
1728817985,5000,,Aggregated,485.200000,49.100000,57,63,73,89,320,1400,75000,75000,75000,75000,75000,206789,9032,57,3386.6749687218585,44.46437500882894,75292.76337497868,13.30377824739227
1728817987,5010,,Aggregated,486.500000,49.800000,57,63,73,89,320,1400,75000,75000,75000,75000,75000,207141,9071,57,3395.1279446585904,44.46437500882894,75292.76337497868,13.302161329722267
1728817988,5020,,Aggregated,488.600000,50.200000,57,63,73,90,330,1400,75000,75000,75000,75000,75000,207757,9133,57,3408.363687725189,44.46437500882894,75332.79183297418,13.299826239308423
1728817989,5030,,Aggregated,483.700000,48.900000,57,63,73,90,330,1400,75000,75000,75000,75000,75000,208198,9178,57,3417.4897720352265,44.46437500882894,75332.79183297418,13.298096043189656
1728817990,5040,,Aggregated,486.000000,49.700000,57,63,73,90,330,1400,75000,75000,75000,75000,75000,208685,9227,57,3427.24552289031,44.46437500882894,75332.79183297418,13.296173658863838
1728817991,5050,,Aggregated,484.100000,49.800000,57,63,73,90,330,1400,75000,75000,75000,75000,75000,209233,9276,57,3435.9764571129394,44.46437500882894,75332.79183297418,13.294504213006553
1728817992,5060,,Aggregated,483.900000,49.700000,57,63,73,90,330,1400,75000,75000,75000,75000,75000,209703,9315,57,3442.3490015705665,44.46437500882894,75332.79183297418,13.293257607187307
1728817993,5070,,Aggregated,492.400000,49.200000,57,63,73,90,330,1400,75000,75000,75000,75000,75000,210224,9373,57,3454.6323993537344,44.46437500882894,75332.79183297418,13.29100863840475
1728817994,5080,,Aggregated,490.600000,48.900000,57,63,73,90,330,1400,75000,75000,75000,75000,75000,210727,9431,57,3467.1436554567863,44.46437500882894,75332.79183297418,13.288591400247714
1728817995,5090,,Aggregated,493.500000,49.200000,57,63,73,89,330,1400,75000,75000,75000,75000,75000,211230,9484,57,3477.8240907894137,44.46437500882894,75332.79183297418,13.28660228187284
1728817996,5100,,Aggregated,492.400000,49.800000,57,63,73,89,330,1400,75000,75000,75000,75000,75000,211732,9531,57,3486.3468496221963,44.46437500882894,75332.79183297418,13.285001794721628
1728817997,5110,,Aggregated,492.300000,49.700000,57,63,73,89,330,1400,75000,75000,75000,75000,75000,212196,9575,57,3494.384265721483,44.46437500882894,75332.79183297418,13.283464344285472
1728817998,5120,,Aggregated,493.200000,49.800000,57,63,73,90,330,1400,75000,75000,75000,75000,75000,212708,9626,57,3504.4125795503637,44.46437500882894,75332.79183297418,13.28166782631589
1728817999,5130,,Aggregated,504.500000,50.300000,57,63,73,90,330,1500,75000,75000,75000,75000,75000,213190,9685,57,3517.3591602833058,44.46437500882894,75332.79183297418,13.27926732023078
1728818000,5140,,Aggregated,493.400000,49.100000,57,63,73,90,330,1500,75000,75000,75000,75000,75000,213647,9729,57,3525.3949390577727,44.46437500882894,75332.79183297418,13.277743193211231
1728818001,5150,,Aggregated,498.600000,50.800000,57,63,73,90,330,1500,75000,75000,75000,75000,75000,214169,9775,57,3533.092377095673,44.46437500882894,75332.79183297418,13.276309830087454
1728818002,5160,,Aggregated,495.700000,50.100000,57,63,73,90,330,1500,75000,75000,75000,75000,75000,214662,9829,57,3543.959781085246,44.46437500882894,75332.79183297418,13.274268384716438
1728818003,5170,,Aggregated,492.800000,49.600000,57,63,73,90,330,1500,75000,75000,75000,75000,75000,215138,9881,57,3554.356414441534,44.46437500882894,75332.79183297418,13.27235541838262
1728818004,5180,,Aggregated,494.900000,51.400000,57,63,73,90,330,1500,75000,75000,75000,75000,75000,215649,9929,57,3562.7500842372333,44.46437500882894,75332.79183297418,13.270759428515783
1728818005,5190,,Aggregated,490.400000,50.600000,57,63,73,89,330,1500,75000,75000,75000,75000,75000,216152,9980,57,3572.268293685167,44.46437500882894,75332.79183297418,13.268954254413561
1728818006,5200,,Aggregated,491.400000,49.800000,57,63,73,89,330,1600,75000,75000,75000,75000,75000,216657,10027,57,3580.325327229513,44.46437500882894,75332.79183297418,13.267395006854152
1728818007,5210,,Aggregated,493.000000,49.800000,57,63,73,89,330,1600,75000,75000,75000,75000,75000,217142,10073,57,3588.3245474932087,44.46437500882894,75332.79183297418,13.265927365502758
1728818008,5220,,Aggregated,490.500000,49.300000,57,63,73,89,330,1600,75000,75000,75000,75000,75000,217641,10128,57,3599.1600542499937,44.46437500882894,75332.79183297418,13.263856534384606
1728818009,5230,,Aggregated,492.700000,49.500000,57,63,73,90,330,1600,75000,75000,75000,75000,75000,218088,10179,57,3609.6992588411044,44.46437500882894,75332.79183297418,13.261926378342688
1728818010,5240,,Aggregated,494.000000,50.400000,57,63,73,90,330,1600,75000,75000,75000,75000,75000,218603,10230,57,3619.116347619902,44.46437500882894,75332.79183297418,13.26017941199343
1728818011,5250,,Aggregated,487.900000,49.300000,57,63,73,90,330,1600,75000,75000,75000,75000,75000,219066,10281,57,3629.037034602175,44.46437500882894,75332.79183297418,13.258351364428984
1728818012,5260,,Aggregated,495.000000,50.100000,57,63,73,90,330,1600,75000,75000,75000,75000,75000,219557,10321,57,3634.714507004455,44.46437500882894,75332.79183297418,13.257272598915089
1728818013,5270,,Aggregated,489.900000,50.900000,57,63,73,90,330,1600,75000,75000,75000,75000,75000,220084,10376,57,3644.8777188815707,44.46437500882894,75332.79183297418,13.255407026408099
1728818014,5280,,Aggregated,489.900000,49.200000,57,63,73,90,330,1600,75000,75000,75000,75000,75000,220574,10424,57,3653.208696010622,44.46437500882894,75332.79183297418,13.253824113449454
1728818015,5290,,Aggregated,494.200000,49.200000,57,63,73,90,330,2300,75000,75000,75000,75000,75000,221079,10473,57,3661.5985728324567,44.46437500882894,75332.79183297418,13.252258242528688
1728818016,5300,,Aggregated,491.300000,49.600000,57,63,73,90,330,2400,75000,75000,75000,75000,75000,221582,10525,57,3671.0001182776427,44.46437500882894,75332.79183297418,13.250453556696844
1728818017,5310,,Aggregated,491.000000,49.100000,57,63,73,90,330,2400,75000,75000,75000,75000,75000,222086,10572,57,3678.6564174097693,44.46437500882894,75332.79183297418,13.249016146898049
1728818018,5320,,Aggregated,492.600000,50.100000,57,63,73,89,330,2400,75000,75000,75000,75000,75000,222594,10620,57,3686.5493892577424,44.46437500882894,75332.79183297418,13.24746848522422
1728818019,5330,,Aggregated,494.500000,50.200000,57,63,73,89,330,2500,75000,75000,75000,75000,75000,223082,10672,57,3696.0764070066202,44.46437500882894,75332.79183297418,13.245636133798333
1728818020,5340,,Aggregated,494.000000,49.100000,57,63,73,90,340,2500,75000,75000,75000,75000,75000,223450,10712,57,3703.846683690882,44.46437500882894,75337.0110419346,13.244188856567465
1728818021,5350,,Aggregated,499.300000,49.100000,57,63,73,90,340,2500,75000,75000,75000,75000,75000,224025,10766,57,3712.7226746710603,44.46437500882894,75337.0110419346,13.24249972101328
1728818022,5360,,Aggregated,480.300000,48.300000,57,63,73,90,340,2600,75000,75000,75000,75000,75000,224529,10825,57,3724.2141875746115,44.46437500882894,75337.0110419346,13.240360933331552
1728818023,5370,,Aggregated,495.600000,48.600000,57,63,73,90,340,2600,75000,75000,75000,75000,75000,225015,10869,57,3730.942012216838,44.46437500882894,75337.0110419346,13.239121836322022
1728818024,5380,,Aggregated,495.900000,50.000000,57,63,73,90,340,2700,75000,75000,75000,75000,75000,225533,10920,57,3739.443104260233,44.46437500882894,75337.0110419346,13.237512913852962
1728818025,5390,,Aggregated,492.200000,49.500000,57,63,73,90,340,2700,75000,75000,75000,75000,75000,226009,10962,57,3745.6077655740387,44.46437500882894,75337.0110419346,13.23640209018225
1728818026,5400,,Aggregated,496.200000,49.400000,57,63,73,90,340,2900,75000,75000,75000,75000,75000,226530,11028,57,3758.951351777139,44.46437500882894,75337.0110419346,13.233911623184568
1728818027,5410,,Aggregated,493.000000,49.200000,57,63,73,90,340,3200,75000,75000,75000,75000,75000,227039,11074,57,3765.828523678518,44.46437500882894,75337.0110419346,13.232576781962571
1728818028,5420,,Aggregated,494.500000,50.200000,57,63,72,90,340,3400,75000,75000,75000,75000,75000,227540,11122,57,3773.4676589139467,44.46437500882894,75337.0110419346,13.231141777269931
1728818029,5430,,Aggregated,495.000000,49.800000,57,63,72,89,340,3500,75000,75000,75000,75000,75000,228006,11165,57,3780.0010549289077,44.46437500882894,75337.0110419346,13.22995447488224
1728818030,5440,,Aggregated,494.100000,50.200000,57,63,72,89,340,3500,75000,75000,75000,75000,75000,228504,11216,57,3788.60839637506,44.46437500882894,75337.0110419346,13.228381122431117
1728818031,5450,,Aggregated,492.400000,49.400000,57,63,72,89,340,3600,75000,75000,75000,75000,75000,229019,11261,57,3794.9620281621355,44.46437500882894,75337.0110419346,13.227164558399085
1728818032,5460,,Aggregated,508.000000,49.900000,57,63,73,90,340,3600,75000,75000,75000,75000,75000,229510,11313,57,3804.23248466112,44.46437500882894,75337.0110419346,13.225441157248051
1728818033,5470,,Aggregated,498.100000,49.300000,57,63,73,90,340,3900,75000,75000,75000,75000,75000,229988,11368,57,3814.3656639358596,44.46437500882894,75337.0110419346,13.22355514200741
1728818034,5480,,Aggregated,497.400000,49.000000,57,63,72,90,340,4100,75000,75000,75000,75000,75000,230468,11414,57,3821.4981793390234,44.46437500882894,75337.0110419346,13.222230418105767
1728818035,5490,,Aggregated,496.400000,49.700000,57,63,72,90,340,4400,75000,75000,75000,75000,75000,231005,11474,57,3832.206012469145,44.46437500882894,75337.0110419346,13.22021168372979
1728818036,5500,,Aggregated,493.300000,49.200000,57,63,72,89,340,4800,75000,75000,75000,75000,75000,231481,11534,57,3843.861482651373,44.46437500882894,75337.0110419346,13.218074053594032
1728818037,5510,,Aggregated,498.400000,50.700000,57,63,72,89,340,11000,75000,75000,75000,75000,75000,231985,11594,57,3855.011158775537,44.46437500882894,75337.0110419346,13.216001034549647
1728818038,5520,,Aggregated,494.500000,50.500000,57,63,72,89,340,75000,75000,75000,75000,75000,75000,232501,11647,57,3863.6606925855535,44.46437500882894,75337.0110419346,13.214351766228962
1728818039,5530,,Aggregated,493.900000,51.900000,57,62,72,89,340,75000,75000,75000,75000,75000,75000,233011,11708,57,3874.9411930540236,44.46437500882894,75337.0110419346,13.212238907176056
1728818040,5540,,Aggregated,496.000000,52.200000,57,62,72,89,340,75000,75000,75000,75000,75000,75000,233513,11759,57,3883.104055202969,44.46437500882894,75337.0110419346,13.210703472611803
1728818041,5550,,Aggregated,500.800000,54.200000,57,63,72,89,340,75000,75000,75000,75000,75000,75000,234020,11816,57,3893.1461207489906,44.46437500882894,75337.0110419346,13.208798393299718
1728818042,5560,,Aggregated,500.800000,54.800000,57,63,72,90,340,75000,75000,75000,75000,75000,75000,234514,11879,57,3905.2243880811648,44.46437500882894,75337.0110419346,13.20655483254731
1728818043,5570,,Aggregated,498.700000,54.900000,57,63,73,90,340,75000,75000,75000,75000,75000,75000,234883,11939,57,3918.4249276726805,44.46437500882894,75337.0110419346,13.204080329355467
1728818044,5580,,Aggregated,499.300000,56.400000,57,63,73,90,340,75000,75000,75000,75000,75000,75000,235542,12004,57,3928.5432555579177,44.46437500882894,75337.0110419346,13.20221871258629
1728818045,5590,,Aggregated,492.100000,56.700000,57,63,73,90,340,75000,75000,75000,75000,75000,75000,236016,12068,57,3941.0835099865685,44.46437500882894,75337.0110419346,13.199855094569859
1728818046,5600,,Aggregated,505.700000,58.700000,57,63,73,90,340,75000,75000,75000,75000,75000,75000,236525,12130,57,3952.3666318182536,44.46437500882894,75337.0110419346,13.197695803826234
1728818047,5610,,Aggregated,500.800000,59.800000,57,63,73,90,340,75000,75000,75000,75000,75000,75000,237050,12191,57,3963.0176139787027,44.46437500882894,75337.0110419346,13.195713984391478
1728818048,5620,,Aggregated,503.300000,59.200000,57,63,73,90,340,75000,75000,75000,75000,75000,75000,237543,12251,57,3973.833550196138,44.46437500882894,75337.0110419346,13.19368282795115
1728818049,5630,,Aggregated,505.500000,59.600000,57,63,73,90,340,75000,75000,75000,75000,75000,75000,238058,12313,57,3984.8751115120444,44.46437500882894,75337.0110419346,13.191638172210133
1728818050,5640,,Aggregated,503.700000,59.800000,57,63,72,90,340,75000,75000,75000,75000,75000,75000,238562,12368,57,3993.8495853478507,44.46437500882894,75337.0110419346,13.189971579715127
1728818051,5650,,Aggregated,504.500000,60.400000,57,63,72,90,340,75000,75000,75000,75000,75000,75000,239058,12428,57,4004.4873066237283,44.46437500882894,75337.0110419346,13.187954387638147
1728818052,5660,,Aggregated,503.900000,60.300000,57,63,72,90,340,75000,75000,75000,75000,75000,75000,239572,12487,57,4014.4778744039872,44.46437500882894,75337.0110419346,13.186123587063596
1728818053,5670,,Aggregated,503.200000,61.500000,57,62,72,90,340,75000,75000,75000,75000,75000,75000,240096,12536,57,4021.137346882071,44.46437500882894,75337.0110419346,13.184859389577502
1728818054,5680,,Aggregated,502.100000,58.300000,57,62,72,89,340,75000,75000,75000,75000,75000,75000,240567,12595,57,4031.7485541761525,44.46437500882894,75337.0110419346,13.182905386025515
1728818055,5690,,Aggregated,517.300000,60.400000,57,63,73,90,350,75000,75000,75000,75000,75000,75000,241068,12663,57,4044.867695709627,44.46437500882894,75337.0110419346,13.18050508570196
1728818056,5700,,Aggregated,502.100000,59.000000,57,63,73,90,350,75000,75000,75000,75000,75000,75000,241578,12719,57,4053.8416069188465,44.46437500882894,75337.0110419346,13.178820091233474
1728818057,5710,,Aggregated,500.100000,59.300000,57,63,72,90,350,75000,75000,75000,75000,75000,75000,242085,12782,57,4064.9696730814126,44.46437500882894,75337.0110419346,13.17671892104013
1728818058,5720,,Aggregated,505.300000,59.100000,57,62,72,90,350,75000,75000,75000,75000,75000,75000,242588,12841,57,4074.880075973993,44.46437500882894,75337.0110419346,13.17483964581925
1728818059,5730,,Aggregated,501.200000,58.600000,57,62,72,90,350,75000,75000,75000,75000,75000,75000,243074,12898,57,4084.412972315434,44.46437500882894,75337.0110419346,13.173029612381415
1728818060,5740,,Aggregated,503.700000,59.100000,57,62,72,90,350,75000,75000,75000,75000,75000,75000,243602,12959,57,4094.443102202826,44.46437500882894,75337.0110419346,13.171119284734937
1728818061,5750,,Aggregated,499.100000,57.200000,57,62,72,90,350,75000,75000,75000,75000,75000,75000,244111,13024,57,4105.97240277069,44.46437500882894,75337.0110419346,13.16895592578786
1728818062,5760,,Aggregated,503.000000,58.400000,57,62,72,90,350,75000,75000,75000,75000,75000,75000,244616,13088,57,4117.217319764116,44.46437500882894,75337.0110419346,13.166898322268372
1728818063,5770,,Aggregated,502.700000,58.300000,57,62,72,89,350,75000,75000,75000,75000,75000,75000,245128,13136,57,4123.409090742839,44.46437500882894,75337.0110419346,13.165729741196436
1728818064,5780,,Aggregated,503.100000,59.500000,57,62,72,89,350,75000,75000,75000,75000,75000,75000,245647,13206,57,4136.169581435445,44.46437500882894,75337.0110419346,13.163392998896791
1728818065,5790,,Aggregated,501.700000,58.800000,56,62,72,89,350,75000,75000,75000,75000,75000,75000,246158,13268,56,4146.574563651868,44.46437500882894,75337.0110419346,13.161469462702817
1728818066,5800,,Aggregated,505.500000,60.600000,56,62,72,89,350,75000,75000,75000,75000,75000,75000,246662,13321,56,4154.315763984911,44.46437500882894,75337.0110419346,13.160057082161014
1728818067,5810,,Aggregated,513.000000,59.600000,56,62,72,90,350,75000,75000,75000,75000,75000,75000,247004,13380,56,4166.6832160359745,44.46437500882894,75385.82749990746,13.157766675843305
1728818068,5820,,Aggregated,506.000000,59.100000,57,62,72,90,350,75000,75000,75000,75000,75000,75000,247634,13444,57,4175.923755132228,44.46437500882894,75385.82749990746,13.15612961063505
1728818069,5830,,Aggregated,493.200000,59.800000,56,62,72,90,350,75000,75000,75000,75000,75000,75000,248082,13488,56,4181.77387639267,44.46437500882894,75385.82749990746,13.155005199893584
1728818070,5840,,Aggregated,504.200000,60.000000,56,62,72,90,350,75000,75000,75000,75000,75000,75000,248635,13553,56,4192.193552302098,44.46437500882894,75385.82749990746,13.153063727954633
1728818071,5850,,Aggregated,500.100000,59.500000,56,62,72,90,350,75000,75000,75000,75000,75000,75000,249139,13619,56,4203.699325239915,44.46437500882894,75385.82749990746,13.150939836797932
1728818072,5860,,Aggregated,500.300000,59.000000,56,62,72,90,350,75000,75000,75000,75000,75000,75000,249626,13686,56,4215.721369267545,44.46437500882894,75385.82749990746,13.148698452885517
1728818073,5870,,Aggregated,502.900000,59.600000,56,62,72,90,350,75000,75000,75000,75000,75000,75000,250136,13740,56,4223.422006914404,44.46437500882894,75385.82749990746,13.147271884095053
1728818074,5880,,Aggregated,504.500000,61.800000,56,62,72,90,350,75000,75000,75000,75000,75000,75000,250649,13793,56,4230.7365511795315,44.46437500882894,75385.82749990746,13.145897250737086
1728818075,5890,,Aggregated,500.300000,60.400000,56,62,72,90,360,75000,75000,75000,75000,75000,75000,251127,13861,56,4243.079535863208,44.46437500882894,75385.82749990746,13.143588702130794
1728818076,5900,,Aggregated,500.000000,58.500000,56,62,72,89,360,75000,75000,75000,75000,75000,75000,251643,13928,56,4254.4442113038485,44.46437500882894,75385.82749990746,13.141478205235193
1728818077,5910,,Aggregated,495.600000,58.900000,56,62,72,89,360,75000,75000,75000,75000,75000,75000,252147,13981,56,4261.800869092257,44.46437500882894,75385.82749990746,13.140092882326579
1728818078,5920,,Aggregated,498.500000,60.400000,56,62,72,89,360,75000,75000,75000,75000,75000,75000,252664,14042,56,4271.286484698752,44.46437500882894,75385.82749990746,13.138333913814394
1728818079,5930,,Aggregated,512.400000,59.400000,56,62,72,90,360,75000,75000,75000,75000,75000,75000,253092,14096,56,4280.39670672341,44.46437500882894,75385.82749990746,13.136669669527286
1728818080,5940,,Aggregated,500.700000,59.200000,56,62,72,90,360,75000,75000,75000,75000,75000,75000,253639,14161,56,4290.586324392676,44.46437500882894,75385.82749990746,13.134703259356803
1728818081,5950,,Aggregated,491.700000,60.000000,56,62,72,90,360,75000,75000,75000,75000,75000,75000,254136,14222,56,4300.290214838289,44.46437500882894,75385.82749990746,13.132897346302768
1728818082,5960,,Aggregated,503.800000,61.200000,56,62,72,90,360,75000,75000,75000,75000,75000,75000,254664,14278,56,4307.972718413879,44.46437500882894,75385.82749990746,13.13142415103823
1728818083,5970,,Aggregated,499.800000,60.200000,56,62,72,90,360,75000,75000,75000,75000,75000,75000,255160,14336,56,4316.738344918952,44.46437500882894,75385.82749990746,13.12978131368553
1728818084,5980,,Aggregated,501.100000,59.300000,56,62,72,90,360,75000,75000,75000,75000,75000,75000,255635,14394,56,4325.820883605297,44.46437500882894,75385.82749990746,13.12808887671876
1728818085,5990,,Aggregated,501.300000,59.400000,56,62,72,90,360,75000,75000,75000,75000,75000,75000,256189,14458,56,4335.305255397168,44.46437500882894,75385.82749990746,13.126309092115587
1728818086,6000,,Aggregated,499.200000,59.500000,56,62,72,90,360,75000,75000,75000,75000,75000,75000,256676,14520,56,4345.285415342482,44.46437500882894,75385.82749990746,13.124472097118547
1728818087,6010,,Aggregated,505.700000,59.800000,56,62,72,89,360,75000,75000,75000,75000,75000,75000,257202,14577,56,4353.1190002779485,44.46437500882894,75385.82749990746,13.123008374740476
1728818088,6020,,Aggregated,503.100000,59.300000,56,62,72,89,360,75000,75000,75000,75000,75000,75000,257719,14636,56,4361.65547446599,44.46437500882894,75385.82749990746,13.121446226316259
1728818089,6030,,Aggregated,505.200000,60.000000,56,62,72,89,360,75000,75000,75000,75000,75000,75000,258208,14696,56,4370.911997039275,44.46437500882894,75385.82749990746,13.119643853017722
1728818090,6040,,Aggregated,504.500000,59.400000,56,62,72,89,360,75000,75000,75000,75000,75000,75000,258744,14745,56,4376.1617011679955,44.46437500882894,75385.82749990746,13.118626905358193
1728818091,6050,,Aggregated,518.800000,60.500000,56,62,72,89,360,75000,75000,75000,75000,75000,75000,259075,14813,56,4390.389353350503,44.46437500882894,75385.82749990746,13.115997298079707
1728818092,6060,,Aggregated,507.000000,58.100000,56,62,72,90,360,75000,75000,75000,75000,75000,75000,259721,14875,56,4397.768678328514,44.46437500882894,75385.82749990746,13.114611448438902
1728818093,6070,,Aggregated,494.000000,59.400000,56,62,72,90,360,75000,75000,75000,75000,75000,75000,260209,14934,56,4406.615449301612,44.46437500882894,75385.82749990746,13.112955355118386
1728818094,6080,,Aggregated,507.700000,59.200000,56,62,72,90,360,75000,75000,75000,75000,75000,75000,260723,14992,56,4414.707095702745,44.46437500882894,75385.82749990746,13.111470794674808
1728818095,6090,,Aggregated,503.700000,59.400000,56,62,72,90,360,75000,75000,75000,75000,75000,75000,261219,15050,56,4423.070559950758,44.46437500882894,75388.24079197366,13.109896293914302
1728818096,6100,,Aggregated,507.100000,60.200000,56,62,72,90,360,75000,75000,75000,75000,75000,75000,261725,15107,56,4430.944344857141,44.46437500882894,75388.24079197366,13.108400038208043
1728818097,6110,,Aggregated,502.800000,58.500000,56,62,72,89,360,75000,75000,75000,75000,75000,75000,262251,15165,56,4438.738302891702,44.46437500882894,75388.24079197366,13.106958600729834
1728818098,6120,,Aggregated,504.600000,58.800000,56,62,72,89,360,75000,75000,75000,75000,75000,75000,262735,15221,56,4446.634933612226,44.46437500882894,75388.24079197366,13.10549032294898
1728818099,6130,,Aggregated,504.500000,58.600000,56,62,72,89,360,75000,75000,75000,75000,75000,75000,263284,15298,56,4459.399749079332,44.46437500882894,75388.24079197366,13.103075006456907
1728818100,6140,,Aggregated,501.900000,58.300000,56,62,72,89,360,75000,75000,75000,75000,75000,75000,263753,15347,56,4465.494033912943,44.46437500882894,75388.24079197366,13.101921115589207
1728818101,6150,,Aggregated,506.900000,59.900000,56,62,72,90,370,75000,75000,75000,75000,75000,75000,264285,15412,56,4475.14920202971,44.46437500882894,75388.24079197366,13.100153243657415
1728818102,6160,,Aggregated,501.900000,60.200000,56,62,72,90,370,75000,75000,75000,75000,75000,75000,264756,15466,56,4482.621483636859,44.46437500882894,75388.24079197366,13.098747526023962
1728818103,6170,,Aggregated,519.100000,59.400000,56,62,72,90,370,75000,75000,75000,75000,75000,75000,265038,15529,56,4495.9453756441,44.46437500882894,75388.24079197366,13.096284306401346
1728818104,6180,,Aggregated,501.900000,59.500000,56,62,72,91,390,75000,75000,75000,75000,75000,75000,265621,15595,56,4505.75554550864,44.46437500882894,75388.24079197366,13.094574600652809
1728818105,6190,,Aggregated,485.400000,59.600000,56,62,73,92,390,75000,75000,75000,75000,75000,75000,266123,15646,56,4511.925369864661,44.46437500882894,75388.24079197366,13.093460542681392
1728818106,6200,,Aggregated,485.700000,60.000000,56,62,73,92,390,75000,75000,75000,75000,75000,75000,266605,15700,56,4519.091377275011,44.46437500882894,75388.24079197366,13.092132555653494
1728818107,6210,,Aggregated,489.900000,60.200000,56,62,73,92,390,75000,75000,75000,75000,75000,75000,267127,15759,56,4526.946232841573,44.46437500882894,75388.24079197366,13.090634791690844
1728818108,6220,,Aggregated,484.300000,60.200000,56,62,73,92,390,75000,75000,75000,75000,75000,75000,267617,15820,56,4535.845884800422,44.46437500882894,75388.24079197366,13.08891438137338
1728818109,6230,,Aggregated,485.800000,59.400000,56,62,73,92,390,75000,75000,75000,75000,75000,75000,268130,15884,56,4545.168824418341,44.46437500882894,75388.24079197366,13.087174131950919
1728818110,6240,,Aggregated,486.800000,60.200000,56,62,73,92,390,75000,75000,75000,75000,75000,75000,268663,15947,56,4553.882308103771,44.46437500882894,75388.24079197366,13.085586775998184
1728818111,6250,,Aggregated,484.800000,58.800000,56,62,73,92,390,75000,75000,75000,75000,75000,75000,269170,16008,56,4562.397731581919,44.46437500882894,75388.24079197366,13.083965523646766
1728818112,6260,,Aggregated,488.900000,60.000000,56,62,73,92,390,75000,75000,75000,75000,75000,75000,269689,16083,56,4574.567137989892,44.46437500882894,75388.24079197366,13.081660727727122
1728818113,6270,,Aggregated,485.500000,59.700000,56,62,73,92,390,75000,75000,75000,75000,75000,75000,270175,16144,56,4583.3582245422285,44.46437500882894,75388.24079197366,13.08001850652355
1728818114,6280,,Aggregated,489.500000,61.000000,56,62,73,92,390,75000,75000,75000,75000,75000,75000,270570,16212,56,4595.695048776847,44.46437500882894,75388.24079197366,13.077739586798241
1728818115,6290,,Aggregated,511.200000,61.600000,56,62,73,93,400,75000,75000,75000,75000,75000,75000,271197,16276,56,4603.1181596594515,44.46437500882894,75388.24079197366,13.076357776819066
1728818116,6300,,Aggregated,494.500000,61.200000,56,62,73,93,400,75000,75000,75000,75000,75000,75000,271717,16347,56,4613.997160361089,44.46437500882894,75388.24079197366,13.074312612019122
1728818117,6310,,Aggregated,505.700000,62.800000,56,62,73,93,400,75000,75000,75000,75000,75000,75000,272246,16413,56,4623.31636277643,44.46437500882894,75388.24079197366,13.072566722743401
1728818118,6320,,Aggregated,510.500000,63.400000,56,62,73,92,400,75000,75000,75000,75000,75000,75000,272756,16483,56,4634.0096307700305,44.46437500882894,75388.24079197366,13.070572233058117
1728818119,6330,,Aggregated,507.400000,64.800000,56,62,73,92,400,75000,75000,75000,75000,75000,75000,273264,16547,56,4643.0509547862075,44.46437500882894,75388.24079197366,13.06888210668072
1728818120,6340,,Aggregated,512.000000,64.200000,56,62,73,92,400,75000,75000,75000,75000,75000,75000,273770,16613,56,4652.636466887078,44.46437500882894,75388.24079197366,13.067078204332104
1728818121,6350,,Aggregated,511.500000,65.800000,56,62,73,92,400,75000,75000,75000,75000,75000,75000,274299,16690,56,4664.825146977307,44.46437500882894,75388.24079197366,13.064797903018238
1728818122,6360,,Aggregated,508.100000,65.700000,56,62,73,92,400,75000,75000,75000,75000,75000,75000,274823,16769,56,4677.57813833212,44.46437500882894,75388.24079197366,13.06243291136477
1728818123,6370,,Aggregated,516.000000,68.100000,56,62,73,92,400,75000,75000,75000,75000,75000,75000,275346,16842,56,4688.666467731281,44.46437500882894,75388.24079197366,13.060345892077605
1728818124,6380,,Aggregated,513.800000,68.600000,56,62,73,92,400,75000,75000,75000,75000,75000,75000,275840,16907,56,4698.036918165949,44.46437500882894,75388.24079197366,13.058613689095127
1728818125,6390,,Aggregated,515.300000,69.500000,56,62,73,92,400,75000,75000,75000,75000,75000,75000,276386,16978,56,4708.119449735832,44.46437500882894,75388.24079197366,13.05676119629793
1728818126,6400,,Aggregated,526.800000,70.000000,56,62,73,92,400,75000,75000,75000,75000,75000,75000,276717,17058,56,4724.258923000828,44.46437500882894,75388.24079197366,13.053755280665806
1728818127,6410,,Aggregated,517.000000,69.800000,56,62,73,93,410,75000,75000,75000,75000,75000,75000,277395,17116,56,4728.903177271935,44.46437500882894,75388.24079197366,13.052910110131762
1728818128,6420,,Aggregated,505.400000,69.300000,56,62,73,93,410,75000,75000,75000,75000,75000,75000,277861,17181,56,4738.596293827048,44.46437500882894,75388.24079197366,13.051104689035165
1728818129,6430,,Aggregated,518.500000,71.000000,56,62,73,93,410,75000,75000,75000,75000,75000,75000,278371,17252,56,4749.136622044687,44.46437500882894,75388.24079197366,13.049171788727993
1728818130,6440,,Aggregated,509.600000,71.100000,56,62,73,93,410,75000,75000,75000,75000,75000,75000,278907,17313,56,4756.5152351860625,44.46437500882894,75388.24079197366,13.047761440193327
1728818131,6450,,Aggregated,509.400000,70.300000,56,62,73,93,410,75000,75000,75000,75000,75000,75000,279441,17397,56,4770.070550420908,44.46437500882894,75388.24079197366,13.045240319065563
1728818132,6460,,Aggregated,514.600000,70.000000,56,62,73,93,410,75000,75000,75000,75000,75000,75000,279970,17466,56,4779.633381953467,44.46437500882894,75388.24079197366,13.04345822766725
1728818133,6470,,Aggregated,511.400000,70.500000,56,62,73,93,410,75000,75000,75000,75000,75000,75000,280493,17537,56,4789.794464788709,44.46437500882894,75388.24079197366,13.041534013326535
1728818134,6480,,Aggregated,514.500000,68.900000,56,62,73,93,410,75000,75000,75000,75000,75000,75000,280993,17590,56,4795.5017105078505,44.46437500882894,75388.24079197366,13.040424494560362
1728818135,6490,,Aggregated,514.200000,69.200000,56,62,73,92,410,75000,75000,75000,75000,75000,75000,281556,17675,56,4808.646651993535,44.46437500882894,75388.24079197366,13.037967580161673
1728818136,6500,,Aggregated,515.400000,68.100000,56,62,73,92,410,75000,75000,75000,75000,75000,75000,282032,17737,56,4817.097488118483,44.46437500882894,75388.24079197366,13.03637885062688
1728818137,6510,,Aggregated,515.400000,70.100000,56,62,73,92,410,75000,75000,75000,75000,75000,75000,282576,17811,56,4827.559203658107,44.46437500882894,75388.24079197366,13.034436753298229
1728818138,6520,,Aggregated,525.300000,69.300000,56,62,73,92,410,75000,75000,75000,75000,75000,75000,283070,17882,56,4838.026855696243,44.46437500882894,75388.24079197366,13.03248313138093
1728818139,6530,,Aggregated,515.600000,68.200000,56,62,73,93,420,75000,75000,75000,75000,75000,75000,283439,17950,56,4850.04082872686,44.46437500882894,75388.24079197366,13.030292232191053
1728818140,6540,,Aggregated,520.900000,69.900000,56,62,73,94,420,75000,75000,75000,75000,75000,75000,284051,18019,56,4858.187207423756,44.46437500882894,75388.24079197366,13.028889178351776
1728818141,6550,,Aggregated,498.900000,70.000000,56,62,73,93,420,75000,75000,75000,75000,75000,75000,284540,18086,56,4867.581974725018,44.46437500882894,75388.24079197366,13.027127996063822
1728818142,6560,,Aggregated,515.900000,70.700000,56,62,73,94,420,75000,75000,75000,75000,75000,75000,285084,18163,56,4878.668923252934,44.46437500882894,75403.35620800033,13.025076819463736
1728818143,6570,,Aggregated,508.800000,68.700000,56,62,73,94,420,75000,75000,75000,75000,75000,75000,285576,18227,56,4887.17137842487,44.46437500882894,75403.35620800033,13.023468358685603
1728818144,6580,,Aggregated,509.200000,70.100000,56,62,73,94,420,75000,75000,75000,75000,75000,75000,286126,18300,56,4897.028726344096,44.46437500882894,75403.35620800033,13.021623340765956
1728818145,6590,,Aggregated,508.600000,69.000000,56,62,73,93,420,75000,75000,75000,75000,75000,75000,286640,18370,56,4906.662955440673,44.46437500882894,75403.35620800033,13.019815796818309
1728818146,6600,,Aggregated,512.600000,70.300000,56,62,73,93,420,75000,75000,75000,75000,75000,75000,287148,18431,56,4914.003675575136,44.46437500882894,75403.35620800033,13.018419073091229
1728818147,6610,,Aggregated,508.300000,68.900000,56,62,73,93,420,75000,75000,75000,75000,75000,75000,287659,18499,56,4923.08803531469,44.46437500882894,75403.35620800033,13.016679471179417
1728818148,6620,,Aggregated,511.700000,69.700000,56,62,73,93,420,75000,75000,75000,75000,75000,75000,288172,18571,56,4933.145443770592,44.46437500882894,75403.35620800033,13.014796718626377
1728818149,6630,,Aggregated,506.500000,68.200000,56,62,73,93,420,75000,75000,75000,75000,75000,75000,288695,18641,56,4942.47872928235,44.46437500882894,75403.35620800033,13.01300680649128
1728818150,6640,,Aggregated,509.300000,69.300000,56,62,73,93,420,75000,75000,75000,75000,75000,75000,289246,18715,56,4952.340797998235,44.46437500882894,75403.35620800033,13.0111151061726
1728818151,6650,,Aggregated,533.000000,69.000000,56,62,73,93,430,75000,75000,75000,75000,75000,75000,289580,18783,56,4964.389355351108,44.46437500882894,75403.35620800033,13.008868015746945
1728818152,6660,,Aggregated,517.300000,69.900000,56,62,73,94,430,75000,75000,75000,75000,75000,75000,290252,18865,56,4974.564650791769,44.46437500882894,75403.35620800033,13.007055937599052
1728818153,6670,,Aggregated,504.900000,69.700000,56,62,73,94,430,75000,75000,75000,75000,75000,75000,290709,18929,56,4983.328707536752,44.46437500882894,75403.35620800033,13.005404029459012
1728818154,6680,,Aggregated,519.200000,70.400000,56,62,73,94,430,75000,75000,75000,75000,75000,75000,291233,18998,56,4992.235007140472,44.46437500882894,75403.35620800033,13.003756442436124
1728818155,6690,,Aggregated,513.400000,70.500000,56,62,73,94,430,75000,75000,75000,75000,75000,75000,291768,19063,56,4999.878577672849,44.46437500882894,75403.35620800033,13.002330618847852
1728818156,6700,,Aggregated,510.700000,70.400000,56,62,73,94,430,75000,75000,75000,75000,75000,75000,292302,19147,56,5012.390638112453,44.46437500882894,75403.35620800033,12.999972631045972
1728818157,6710,,Aggregated,513.200000,69.700000,56,62,73,94,430,75000,75000,75000,75000,75000,75000,292814,19213,56,5020.624027701431,44.46437500882894,75403.35620800033,12.998449527686518
1728818158,6720,,Aggregated,512.200000,71.000000,56,62,73,94,430,75000,75000,75000,75000,75000,75000,293355,19281,56,5028.842586925356,44.46437500882894,75403.35620800033,12.996915000596546
1728818159,6730,,Aggregated,519.000000,72.400000,56,62,73,94,430,75000,75000,75000,75000,75000,75000,293874,19354,56,5038.679938928147,44.46437500882894,75403.35620800033,12.995031884413049
1728818160,6740,,Aggregated,517.500000,70.600000,56,62,73,94,430,75000,75000,75000,75000,75000,75000,294373,19415,56,5045.781435819765,44.46437500882894,75403.35620800033,12.99370866213953
1728818161,6750,,Aggregated,517.100000,70.900000,56,62,73,94,430,75000,75000,75000,75000,75000,75000,294893,19480,56,5053.532883423779,44.46437500882894,75403.35620800033,12.992292119514536
1728818162,6760,,Aggregated,512.300000,69.700000,56,62,73,94,430,75000,75000,75000,75000,75000,75000,295376,19554,56,5064.181116524202,44.46437500882894,75403.35620800033,12.99030049834787
1728818163,6770,,Aggregated,530.400000,70.400000,56,63,73,95,440,75000,75000,75000,75000,75000,75000,295761,19634,56,5078.024754090295,44.46437500882894,75403.35620800033,12.987757006501871
1728818164,6780,,Aggregated,512.700000,68.500000,56,63,74,96,440,75000,75000,75000,75000,75000,75000,296409,19687,56,5080.96954027986,44.46437500882894,75403.35620800033,12.987254098222389
1728818165,6790,,Aggregated,508.200000,67.800000,56,63,74,96,440,75000,75000,75000,75000,75000,75000,296854,19757,56,5091.109226336782,44.46437500882894,75403.35620800033,12.985339594548162
1728818166,6800,,Aggregated,510.100000,69.000000,56,63,74,96,440,75000,75000,75000,75000,75000,75000,297357,19827,56,5100.237781085877,44.46437500882894,75403.35620800033,12.983619016871975
1728818167,6810,,Aggregated,509.400000,69.200000,56,63,74,96,440,75000,75000,75000,75000,75000,75000,297886,19897,56,5108.894430225194,44.46437500882894,75403.35620800033,12.981996468447662
1728818168,6820,,Aggregated,506.200000,67.700000,56,63,74,96,440,75000,75000,75000,75000,75000,75000,298404,19970,56,5118.4574607565955,44.46437500882894,75403.35620800033,12.980234849398801
1728818169,6830,,Aggregated,504.800000,68.100000,56,63,74,96,440,75000,75000,75000,75000,75000,75000,298926,20043,56,5127.91814047676,44.46437500882894,75403.35620800033,12.978452861243252
1728818170,6840,,Aggregated,504.900000,69.100000,56,63,74,96,450,75000,75000,75000,75000,75000,75000,299462,20120,56,5138.11518232425,44.46437500882894,75403.35620800033,12.976537924678256
1728818171,6850,,Aggregated,504.900000,69.100000,56,63,74,96,450,75000,75000,75000,75000,75000,75000,299952,20177,56,5144.062598157132,44.46437500882894,75403.35620800033,12.975422734304155
1728818172,6860,,Aggregated,508.100000,70.100000,56,63,74,96,450,75000,75000,75000,75000,75000,75000,300472,20240,56,5150.990714770064,44.46437500882894,75403.35620800033,12.974104076253361
1728818173,6870,,Aggregated,506.200000,69.100000,56,63,74,96,450,75000,75000,75000,75000,75000,75000,300984,20310,56,5159.755558346817,44.46437500882894,75403.35620800033,12.97243042819552
1728818174,6880,,Aggregated,506.700000,69.300000,56,63,74,96,450,75000,75000,75000,75000,75000,75000,301530,20379,56,5167.6653828161125,44.46437500882894,75403.35620800033,12.970968062879315
1728818175,6890,,Aggregated,516.700000,70.200000,56,63,74,95,450,75000,75000,75000,75000,75000,75000,302021,20449,56,5176.723047569142,44.46437500882894,75403.35620800033,12.969300148002953
1728818176,6900,,Aggregated,520.100000,68.800000,56,63,74,96,450,75000,75000,75000,75000,75000,75000,302291,20529,56,5192.081727142481,44.46437500882894,75403.35620800033,12.966456163101117
1728818177,6910,,Aggregated,514.400000,68.200000,56,63,74,97,460,75000,75000,75000,75000,75000,75000,303044,20599,56,5197.495814044769,44.46437500882894,75403.35620800033,12.96558585551933
1728818178,6920,,Aggregated,502.100000,70.400000,56,63,74,97,460,75000,75000,75000,75000,75000,75000,303454,20663,56,5206.35613323371,44.46437500882894,75403.35620800033,12.963898976451127
1728818179,6930,,Aggregated,505.500000,70.200000,56,63,74,97,460,75000,75000,75000,75000,75000,75000,303976,20731,56,5214.277423971659,44.46437500882894,75403.35620800033,12.96242137537174
1728818180,6940,,Aggregated,508.100000,69.600000,56,63,74,97,460,75000,75000,75000,75000,75000,75000,304526,20814,56,5225.393138772541,44.46437500882894,75403.35620800033,12.96037119983187
1728818181,6950,,Aggregated,503.000000,69.000000,56,63,74,97,460,75000,75000,75000,75000,75000,75000,305041,20878,56,5232.392977581957,44.46437500882894,75403.35620800033,12.959025180221674
1728818182,6960,,Aggregated,505.700000,68.500000,56,63,74,97,460,75000,75000,75000,75000,75000,75000,305546,20945,56,5240.2682107671835,44.46437500882894,75403.35620800033,12.957567763937345
1728818183,6970,,Aggregated,508.200000,69.800000,56,63,74,97,460,75000,75000,75000,75000,75000,75000,306080,21012,56,5247.6305292530915,44.46437500882894,75403.35620800033,12.956171589127026
1728818184,6980,,Aggregated,507.400000,70.000000,56,63,74,97,460,75000,75000,75000,75000,75000,75000,306586,21073,56,5253.969120920888,44.46437500882894,75403.35620800033,12.954981636473942
1728818185,6990,,Aggregated,509.800000,69.700000,56,63,74,97,470,75000,75000,75000,75000,75000,75000,307126,21146,56,5262.641254431863,44.46437500882894,75403.35620800033,12.953328601290675
1728818186,7000,,Aggregated,504.000000,69.400000,56,63,74,97,470,75000,75000,75000,75000,75000,75000,307645,21229,56,5274.0737975583825,44.46437500882894,75403.35620800033,12.951177493539632
1728818187,7010,,Aggregated,510.500000,70.300000,56,63,74,97,470,75000,75000,75000,75000,75000,75000,308183,21292,56,5280.282775906475,44.46437500882894,75403.35620800033,12.950003731549112
1728818188,7020,,Aggregated,528.200000,70.100000,56,63,74,96,470,75000,75000,75000,75000,75000,75000,308702,21364,56,5288.977966215479,44.46437500882894,75403.35620800033,12.948413032633413
1728818189,7030,,Aggregated,522.600000,69.800000,56,63,74,97,470,75000,75000,75000,75000,75000,75000,309172,21449,56,5301.89994621772,44.46437500882894,75403.35620800033,12.94605268264914
1728818190,7040,,Aggregated,520.200000,69.300000,56,63,74,97,470,75000,75000,75000,75000,75000,75000,309668,21513,56,5309.0362879485265,44.46437500882894,75403.35620800033,12.944676233902115
1728818191,7050,,Aggregated,511.000000,71.500000,56,63,74,98,470,75000,75000,75000,75000,75000,75000,310208,21595,56,5319.757021905978,44.46437500882894,75403.35620800033,12.942648158654839
1728818192,7060,,Aggregated,516.200000,71.300000,56,63,74,98,470,75000,75000,75000,75000,75000,75000,310751,21678,56,5330.577432217625,44.46437500882894,75403.35620800033,12.94065023121406
1728818193,7070,,Aggregated,516.500000,71.200000,56,63,74,98,470,75000,75000,75000,75000,75000,75000,311278,21753,56,5339.703684094162,44.46437500882894,75403.35620800033,12.938932401261894
1728818194,7080,,Aggregated,518.600000,73.000000,56,63,74,97,470,75000,75000,75000,75000,75000,75000,311796,21825,56,5348.229922437517,44.46437500882894,75403.35620800033,12.937375720022066
1728818195,7090,,Aggregated,516.900000,73.800000,56,63,74,97,470,75000,75000,75000,75000,75000,75000,312316,21910,56,5359.812603588602,44.46437500882894,75403.35620800033,12.93523866852803
1728818196,7100,,Aggregated,520.900000,75.000000,56,63,74,97,470,75000,75000,75000,75000,75000,75000,312831,21984,56,5368.812621964546,44.46437500882894,75403.35620800033,12.933571161425817
1728818197,7110,,Aggregated,519.100000,75.500000,56,63,74,97,470,75000,75000,75000,75000,75000,75000,313373,22063,56,5378.521062770457,44.46437500882894,75403.35620800033,12.931733110382835
1728818198,7120,,Aggregated,518.300000,76.200000,56,63,74,97,480,75000,75000,75000,75000,75000,75000,313903,22145,56,5389.112717430024,44.46437500882894,75403.35620800033,12.929739441802086
1728818199,7130,,Aggregated,519.200000,76.500000,56,63,74,97,480,75000,75000,75000,75000,75000,75000,314428,22234,56,5401.429136464041,44.46437500882894,75403.35620800033,12.927407864439553
1728818200,7140,,Aggregated,520.000000,78.700000,56,63,74,97,480,75000,75000,75000,75000,75000,75000,314980,22314,56,5411.098741242402,44.46437500882894,75403.35620800033,12.92561114991428
1728818201,7150,,Aggregated,536.000000,78.300000,56,63,74,97,480,75000,75000,75000,75000,75000,75000,315483,22394,56,5421.574547499479,44.46437500882894,75403.35620800033,12.923653572458738
1728818202,7160,,Aggregated,527.100000,79.500000,56,63,74,98,480,75000,75000,75000,75000,75000,75000,316199,22503,56,5435.743978323067,44.46437500882894,75403.35620800033,12.921075019212584
1728818203,7170,,Aggregated,524.200000,78.300000,56,63,74,98,480,75000,75000,75000,75000,75000,75000,316638,22580,56,5446.507098291326,44.46437500882894,75403.35620800033,12.919062146678542
1728818204,7180,,Aggregated,505.600000,79.400000,56,63,74,98,480,75000,75000,75000,75000,75000,75000,317151,22652,56,5454.8000715115,44.46437500882894,75403.35620800033,12.917518784427607
1728818205,7190,,Aggregated,522.600000,80.500000,56,63,74,98,490,75000,75000,75000,75000,75000,75000,317690,22732,56,5464.513472302624,44.46437500882894,75403.35620800033,12.915707135887185
1728818206,7200,,Aggregated,519.000000,80.400000,56,63,74,98,490,75000,75000,75000,75000,75000,75000,318217,22808,56,5473.456285598985,44.46437500882894,75403.35620800033,12.913976940264034
1728818207,7210,,Aggregated,520.400000,80.800000,56,63,74,98,490,75000,75000,75000,75000,75000,75000,318742,22893,56,5484.51641999672,44.46437500882894,75403.35620800033,12.911922495309685
1728818208,7220,,Aggregated,516.300000,78.900000,56,63,74,98,490,75000,75000,75000,75000,75000,75000,319270,22981,56,5496.193523883811,44.46437500882894,75403.35620800033,12.909753500172268
1728818209,7230,,Aggregated,517.900000,79.800000,56,63,74,98,490,75000,75000,75000,75000,75000,75000,319825,23049,56,5502.723811614408,44.46437500882894,75403.35620800033,12.908568748534355
1728818210,7240,,Aggregated,518.000000,79.400000,56,63,74,98,490,75000,75000,75000,75000,75000,75000,320332,23133,56,5513.761365498104,44.46437500882894,75403.35620800033,12.906521983442179
1728818211,7250,,Aggregated,518.500000,79.700000,56,63,74,98,490,75000,75000,75000,75000,75000,75000,320873,23212,56,5523.010244330773,44.46437500882894,75403.35620800033,12.904797225070356
1728818212,7260,,Aggregated,518.500000,78.900000,56,63,74,98,490,75000,75000,75000,75000,75000,75000,321402,23301,56,5534.761935107948,44.46437500882894,75403.35620800033,12.902598614818825
1728818213,7270,,Aggregated,520.800000,81.400000,56,63,74,98,490,75000,75000,75000,75000,75000,75000,321917,23344,56,5536.007727890438,44.46437500882894,75403.35620800033,12.902335073947633
1728818214,7280,,Aggregated,540.700000,79.100000,56,63,74,98,490,75000,75000,75000,75000,75000,75000,322285,23448,56,5554.041006183764,44.46437500882894,75403.35620800033,12.899005538576105
1728818215,7290,,Aggregated,525.700000,79.300000,56,63,74,99,500,75000,75000,75000,75000,75000,75000,322952,23536,56,5563.35434475099,44.46437500882894,75403.35620800033,12.89730981693874
1728818216,7300,,Aggregated,523.100000,78.300000,56,63,74,99,500,75000,75000,75000,75000,75000,75000,323431,23611,56,5572.574778946596,44.46437500882894,75403.35620800033,12.895578964292229
1728818217,7310,,Aggregated,519.400000,79.500000,56,63,74,99,500,75000,75000,75000,75000,75000,75000,323985,23686,56,5580.261988942114,11.315542040392756,75403.35620800033,12.89410929518342
1728818218,7320,,Aggregated,523.200000,80.500000,56,63,74,99,500,75000,75000,75000,75000,75000,75000,324482,23767,56,5590.511869324238,11.315542040392756,75403.35620800033,12.892209737366016
1728818219,7330,,Aggregated,521.500000,80.200000,56,63,74,99,500,75000,75000,75000,75000,75000,75000,325036,23846,56,5599.299936537316,11.315542040392756,75403.35620800033,12.890541355419092
1728818220,7340,,Aggregated,522.800000,79.000000,56,63,74,99,500,75000,75000,75000,75000,75000,75000,325554,23921,56,5607.769587207498,11.315542040392756,75403.35620800033,12.888970800543074
1728818221,7350,,Aggregated,521.000000,79.400000,56,63,74,99,500,75000,75000,75000,75000,75000,75000,326052,24007,56,5619.082597703308,11.315542040392756,75403.35620800033,12.88685853790193
1728818222,7360,,Aggregated,519.900000,79.500000,56,63,75,100,500,75000,75000,75000,75000,75000,75000,326587,24076,56,5625.877979075969,11.315542040392756,75403.35620800033,12.885580258859049
1728818223,7370,,Aggregated,520.400000,78.700000,56,63,75,100,500,75000,75000,75000,75000,75000,75000,327090,24158,56,5636.103700959161,11.315542040392756,75403.35620800033,12.883649760004891
1728818224,7380,,Aggregated,516.600000,79.300000,56,63,75,100,500,75000,75000,75000,75000,75000,75000,327648,24242,56,5645.814810369234,11.315542040392756,75403.35620800033,12.88183660513722
1728818225,7390,,Aggregated,515.300000,77.900000,56,63,75,100,500,75000,75000,75000,75000,75000,75000,328128,24314,56,5654.0853555306585,11.315542040392756,75403.35620800033,12.880293665886484
1728818226,7400,,Aggregated,520.100000,79.700000,56,63,75,100,510,75000,75000,75000,75000,75000,75000,328719,24407,56,5665.284069941073,11.315542040392756,75403.35620800033,12.878196879401555
1728818227,7410,,Aggregated,524.700000,79.200000,56,63,75,100,510,75000,75000,75000,75000,75000,75000,329015,24485,56,5678.077634748826,11.315542040392756,75403.35620800033,12.875805054480798
1728818228,7420,,Aggregated,523.600000,79.100000,56,63,75,100,510,75000,75000,75000,75000,75000,75000,329729,24570,56,5685.598775086386,11.315542040392756,75403.35620800033,12.874457509045307
1728818229,7430,,Aggregated,525.500000,79.000000,56,63,75,100,510,75000,75000,75000,75000,75000,75000,330189,24649,56,5695.685223447926,11.315542040392756,75403.35620800033,12.872560866655158
1728818230,7440,,Aggregated,510.500000,80.400000,56,63,75,100,510,75000,75000,75000,75000,75000,75000,330733,24738,56,5706.5791606997445,11.315542040392756,75403.35620800033,12.870502792282597
1728818231,7450,,Aggregated,521.200000,79.900000,56,63,75,100,510,75000,75000,75000,75000,75000,75000,331280,24815,56,5714.67541052208,11.315542040392756,75403.35620800033,12.868971866698866
1728818232,7460,,Aggregated,515.400000,80.000000,56,63,75,100,510,75000,75000,75000,75000,75000,75000,331788,24885,56,5721.8222510500145,11.315542040392756,75403.35620800033,12.86762330162634
1728818233,7470,,Aggregated,521.500000,81.100000,56,63,75,100,520,75000,75000,75000,75000,75000,75000,332338,24968,56,5731.1634554641205,11.315542040392756,75403.35620800033,12.86586246532145
1728818234,7480,,Aggregated,524.100000,80.600000,56,63,75,100,520,75000,75000,75000,75000,75000,75000,332862,25060,56,5742.941739639204,11.315542040392756,75403.35620800033,12.863670229704802
1728818235,7490,,Aggregated,522.800000,81.400000,56,63,75,100,520,75000,75000,75000,75000,75000,75000,333395,25128,56,5749.134636223221,11.315542040392756,75403.35620800033,12.86250843593935
1728818236,7500,,Aggregated,525.800000,81.500000,56,63,75,100,520,75000,75000,75000,75000,75000,75000,333918,25205,56,5757.497993728208,11.315542040392756,75403.35620800033,12.860950892135195
1728818237,7510,,Aggregated,522.400000,81.200000,56,63,75,100,520,75000,75000,75000,75000,75000,75000,334425,25283,56,5766.336999865275,11.315542040392756,75403.35620800033,12.859304776855797
1728818238,7520,,Aggregated,524.500000,80.700000,56,63,75,100,520,75000,75000,75000,75000,75000,75000,334954,25362,56,5774.993854574935,11.315542040392756,75403.35620800033,12.857684935841936
1728818239,7530,,Aggregated,520.600000,80.500000,56,63,75,100,520,75000,75000,75000,75000,75000,75000,335480,25438,56,5783.002392512207,11.315542040392756,75403.35620800033,12.85617026350304
1728818240,7540,,Aggregated,533.200000,78.600000,56,63,75,100,520,75000,75000,75000,75000,75000,75000,336026,25517,56,5791.313792558931,11.315542040392756,75403.35620800033,12.854639224345735
1728818241,7550,,Aggregated,524.400000,78.600000,56,63,75,100,530,75000,75000,75000,75000,75000,75000,336417,25608,56,5805.043897780122,10.770041961222887,75403.35620800033,12.852076440845735
1728818242,7560,,Aggregated,530.000000,79.300000,56,63,75,100,530,75000,75000,75000,75000,75000,75000,337016,25683,56,5811.632711794486,10.770041961222887,75403.35620800033,12.850846844066751
1728818243,7570,,Aggregated,509.100000,75.800000,56,63,75,100,530,75000,75000,75000,75000,75000,75000,337493,25747,56,5817.706771717473,10.770041961222887,75403.35620800033,12.849762809895317
1728818244,7580,,Aggregated,526.400000,79.000000,56,63,75,100,530,75000,75000,75000,75000,75000,75000,338064,25839,56,5828.371356241507,10.770041961222887,75403.35620800033,12.847768469875527
1728818245,7590,,Aggregated,517.900000,78.300000,56,63,75,100,530,75000,75000,75000,75000,75000,75000,338590,25926,56,5838.6622632033395,10.770041961222887,75403.35620800033,12.845837148173308
1728818246,7600,,Aggregated,512.900000,78.100000,56,63,75,100,530,75000,75000,75000,75000,75000,75000,339104,26006,56,5847.574534691854,10.770041961222887,75403.35620800033,12.844145159007267
1728818247,7610,,Aggregated,520.300000,78.200000,56,63,75,100,530,75000,75000,75000,75000,75000,75000,339652,26084,56,5855.442600782608,10.770041961222887,75403.35620800033,12.84271842945132
1728818248,7620,,Aggregated,519.400000,79.800000,56,63,75,100,540,75000,75000,75000,75000,75000,75000,340168,26160,56,5863.38867964693,10.770041961222887,75403.35620800033,12.841213753204299
1728818249,7630,,Aggregated,520.600000,79.900000,56,63,75,100,540,75000,75000,75000,75000,75000,75000,340706,26240,56,5871.816172139056,10.770041961222887,75403.35620800033,12.839632997364296
1728818250,7640,,Aggregated,521.700000,81.500000,56,63,75,100,540,75000,75000,75000,75000,75000,75000,341197,26297,56,5875.966144078342,10.770041961222887,75403.35620800033,12.838829180795845
1728818251,7650,,Aggregated,518.800000,79.600000,56,63,75,100,540,75000,75000,75000,75000,75000,75000,341729,26392,56,5887.740807748422,10.770041961222887,75403.35620800033,12.836622001644578
1728818252,7660,,Aggregated,520.300000,79.800000,56,63,75,100,540,75000,75000,75000,75000,75000,75000,342273,26469,56,5895.112684380046,10.770041961222887,75403.35620800033,12.835201724938864
1728818253,7670,,Aggregated,533.800000,81.400000,56,63,75,100,540,75000,75000,75000,75000,75000,75000,342791,26559,56,5905.974132352456,10.770041961222887,75403.35620800033,12.833189902885431
1728818254,7680,,Aggregated,517.300000,78.900000,56,63,75,100,540,75000,75000,75000,75000,75000,75000,343234,26619,56,5911.522433301,10.770041961222887,75403.35620800033,12.832132014893629
1728818255,7690,,Aggregated,528.300000,79.800000,56,63,75,100,540,75000,75000,75000,75000,75000,75000,343953,26724,56,5922.452072372457,10.770041961222887,75420.06224999204,12.830130860902507
1728818256,7700,,Aggregated,528.900000,80.000000,56,63,75,100,540,75000,75000,75000,75000,75000,75000,344438,26819,56,5934.859029971352,10.770041961222887,75420.06224999204,12.82781226229394
1728818257,7710,,Aggregated,505.300000,78.800000,56,63,75,100,550,75000,75000,75000,75000,75000,75000,344941,26898,56,5943.448480488894,10.770041961222887,75420.06224999204,12.826170272597343
1728818258,7720,,Aggregated,522.000000,77.800000,56,63,75,100,550,75000,75000,75000,75000,75000,75000,345495,26965,56,5948.541918099129,10.770041961222887,75420.06224999204,12.825227572034327
1728818259,7730,,Aggregated,520.100000,79.700000,56,63,75,100,550,75000,75000,75000,75000,75000,75000,346013,27051,56,5958.344650108515,10.770041961222887,75420.06224999204,12.823356347882884
1728818260,7740,,Aggregated,518.800000,79.600000,56,63,75,100,550,75000,75000,75000,75000,75000,75000,346548,27130,56,5966.320827188555,10.770041961222887,75420.06224999204,12.821848632801228
1728818261,7750,,Aggregated,520.800000,79.700000,56,63,75,100,550,75000,75000,75000,75000,75000,75000,347066,27199,56,5972.397027425517,10.770041961222887,75420.06224999204,12.820705571850887
1728818262,7760,,Aggregated,519.500000,79.800000,56,63,75,100,550,75000,75000,75000,75000,75000,75000,347607,27292,56,5983.236759387884,10.770041961222887,75420.06224999204,12.818674537624386
1728818263,7770,,Aggregated,522.000000,80.100000,56,63,75,100,550,75000,75000,75000,75000,75000,75000,348137,27376,56,5992.295713967081,10.770041961222887,75420.06224999204,12.81697435205106
1728818264,7780,,Aggregated,519.800000,79.100000,56,63,75,100,550,75000,75000,75000,75000,75000,75000,348665,27457,56,6000.717636480873,10.770041961222887,75420.06224999204,12.815401603258142
1728818265,7790,,Aggregated,520.300000,80.300000,56,63,75,100,550,75000,75000,75000,75000,75000,75000,349191,27541,56,6009.791019487642,10.770041961222887,75420.06224999204,12.813700811303843
1728818266,7800,,Aggregated,522.700000,80.300000,56,63,75,100,560,75000,75000,75000,75000,75000,75000,349744,27623,56,6017.946653677836,10.770041961222887,75420.06224999204,12.812151173429708
1728818267,7810,,Aggregated,540.800000,81.800000,56,63,75,100,560,75000,75000,75000,75000,75000,75000,350252,27708,56,6027.485176782306,10.770041961222887,75420.06224999204,12.810385094160775
1728818268,7820,,Aggregated,523.400000,81.300000,56,63,75,100,560,75000,75000,75000,75000,75000,75000,350662,27803,56,6040.8649050101685,10.770041961222887,75420.06224999204,12.807897633618698
1728818269,7830,,Aggregated,530.000000,79.900000,56,63,75,100,560,75000,75000,75000,75000,75000,75000,351351,27897,56,6049.460939252369,10.770041961222887,75420.06224999204,12.806367421752038
1728818270,7840,,Aggregated,529.100000,81.100000,56,63,75,100,560,75000,75000,75000,75000,75000,75000,351800,27972,56,6057.787087938953,10.770041961222887,75420.06224999204,12.804829448550313
1728818271,7850,,Aggregated,513.600000,83.300000,56,63,75,100,570,75000,75000,75000,75000,75000,75000,352308,28057,56,6067.212547482255,10.770041961222887,75420.06224999204,12.803053010434052
1728818272,7860,,Aggregated,532.000000,84.300000,56,63,75,100,570,75000,75000,75000,75000,75000,75000,352879,28149,56,6077.023759458163,10.770041961222887,75420.06224999204,12.801212313569241
1728818273,7870,,Aggregated,523.000000,84.200000,56,63,75,100,570,75000,75000,75000,75000,75000,75000,353416,28239,56,6086.747119709849,10.770041961222887,75420.06224999204,12.799369581456414
1728818274,7880,,Aggregated,524.500000,85.700000,56,63,75,100,570,75000,75000,75000,75000,75000,75000,353969,28343,56,6099.342392981342,10.770041961222887,75420.06224999204,12.797027423305432
1728818275,7890,,Aggregated,526.700000,85.700000,56,63,75,100,570,75000,75000,75000,75000,75000,75000,354509,28427,56,6107.892135497714,10.770041961222887,75420.06224999204,12.795449480831234
1728818276,7900,,Aggregated,528.200000,86.500000,56,63,75,100,580,75000,75000,75000,75000,75000,75000,355051,28522,56,6118.710461140208,10.770041961222887,75420.06224999204,12.793438125790379
1728818277,7910,,Aggregated,528.600000,87.500000,56,63,75,100,580,75000,75000,75000,75000,75000,75000,355590,28600,56,6125.957517131923,10.770041961222887,75420.06224999204,12.79208076717568
1728818278,7920,,Aggregated,531.200000,88.900000,56,63,75,100,580,75000,75000,75000,75000,75000,75000,356114,28707,56,6139.5417105251045,10.770041961222887,75420.06224999204,12.789564577635252
1728818279,7930,,Aggregated,529.200000,90.100000,56,62,75,100,580,75000,75000,75000,75000,75000,75000,356655,28793,56,6148.3836002059,10.770041961222887,75420.06224999204,12.787909884902778
1728818280,7940,,Aggregated,532.900000,89.000000,56,62,74,100,590,75000,75000,75000,75000,75000,75000,357196,28888,56,6159.092591315256,10.770041961222887,75420.06224999204,12.785907456970403
1728818281,7950,,Aggregated,546.900000,90.300000,56,63,74,100,590,75000,75000,75000,75000,75000,75000,357723,28963,56,6165.823171809769,10.770041961222887,75420.06224999204,12.784649016138186
1728818282,7960,,Aggregated,529.900000,89.400000,56,63,75,100,590,75000,75000,75000,75000,75000,75000,357965,29044,56,6177.892856883282,10.770041961222887,75439.64754103217,12.78226921626416
1728818283,7970,,Aggregated,539.900000,91.700000,56,63,75,100,600,75000,75000,75000,75000,75000,75000,358809,29228,56,6192.023920908833,10.770041961222887,75439.64754103217,12.777792641767626
1728818284,7980,,Aggregated,540.700000,90.700000,56,63,75,100,610,75000,75000,75000,75000,75000,75000,359391,29412,56,6210.501747117899,10.770041961222887,75439.64754103217,12.772512389013636
1728818285,7990,,Aggregated,508.400000,89.300000,56,63,75,100,620,75000,75000,75000,75000,75000,75000,360020,29600,56,6225.223177047211,10.770041961222887,75439.64754103217,12.76721571023832
1728818286,8000,,Aggregated,538.100000,99.500000,56,63,75,100,630,75000,75000,75000,75000,75000,75000,360637,29778,56,6241.034292766225,10.212082997895777,75439.64754103217,12.76230669620699
1728818287,8010,,Aggregated,541.600000,107.100000,56,63,75,100,630,75000,75000,75000,75000,75000,75000,361276,29955,56,6255.919096022211,10.212082997895777,75439.64754103217,12.75749565429201
1728818288,8020,,Aggregated,551.400000,117.100000,56,63,75,100,650,75000,75000,75000,75000,75000,75000,361923,30157,56,6273.730317099149,10.212082997895777,75439.64754103217,12.75180632344449
1728818289,8030,,Aggregated,558.800000,125.500000,56,63,75,110,660,75000,75000,75000,75000,75000,75000,362562,30338,56,6288.105053094427,10.212082997895777,75439.64754103217,12.746923284845074
1728818290,8040,,Aggregated,568.200000,135.400000,56,63,75,110,670,75000,75000,75000,75000,75000,75000,363221,30555,56,6307.937602224343,10.212082997895777,75439.64754103217,12.740692305786284
1728818291,8050,,Aggregated,579.500000,144.900000,56,63,75,110,700,75000,75000,75000,75000,75000,75000,364036,30914,56,6337.125904802872,10.212082997895777,75439.64754103217,12.729600918590469
1728818292,8060,,Aggregated,591.100000,154.800000,56,63,76,110,730,75000,75000,75000,75000,75000,75000,364635,31312,56,6372.684903831416,10.212082997895777,75441.77162495907,12.716354710875258
1728818293,8070,,Aggregated,601.100000,166.600000,56,63,76,110,760,75000,75000,75000,75000,75000,75000,365610,31664,56,6396.996929231143,10.212082997895777,75441.77162495907,12.70610486584065
1728818294,8080,,Aggregated,631.700000,196.000000,56,63,76,110,790,75000,75000,75000,75000,75000,75000,366390,32027,56,6423.750609564452,10.212082997895777,75441.77162495907,12.694898878244494
1728818295,8090,,Aggregated,668.100000,227.300000,56,63,76,110,820,75000,75000,75000,75000,75000,75000,367250,32404,56,6454.002251717558,10.212082997895777,75441.77162495907,12.683496255956433
1728818296,8100,,Aggregated,679.300000,243.100000,56,63,77,110,850,75000,75000,75000,75000,75000,75000,368054,32815,56,6486.876574525599,10.212082997895777,75441.77162495907,12.670629853228059
1728818298,8110,,Aggregated,699.700000,261.800000,56,63,77,110,870,75000,75000,75000,75000,75000,75000,368881,33167,56,6511.492007859312,10.212082997895777,75441.77162495907,12.660107189039284
1728818299,8120,,Aggregated,740.700000,303.700000,56,63,77,120,940,75000,75000,75000,75000,75000,75000,369982,33790,56,6556.090770399585,10.212082997895777,75441.77162495907,12.640377099426459
1728818300,8130,,Aggregated,758.800000,320.700000,57,63,78,120,1000,75000,75000,75000,75000,75000,75000,370937,34272,57,6583.023799261497,10.212082997895777,75441.77162495907,12.625550969571652
1728818301,8140,,Aggregated,756.300000,345.000000,57,63,78,120,1100,75000,75000,75000,75000,75000,75000,371979,34907,57,6618.808971766334,10.212082997895777,75441.77162495907,12.605397078867355
1728818302,8150,,Aggregated,802.700000,373.700000,57,63,78,120,1200,75000,75000,75000,75000,75000,75000,372884,35337,57,6636.475057349702,10.212082997895777,75441.77162495907,12.592489889617147
1728818303,8160,,Aggregated,829.500000,407.200000,57,63,79,120,1300,75000,75000,75000,75000,75000,75000,373391,35620,57,6660.545509818452,10.212082997895777,75461.3675409928,12.583717872150105
1728818304,8170,,Aggregated,853.100000,429.100000,57,63,79,120,1300,75000,75000,75000,75000,75000,75000,374104,35724,57,6669.05802255155,10.212082997895777,75461.3675409928,12.582394200543165
1728818305,8180,,Aggregated,842.700000,413.800000,57,63,79,120,1300,75000,75000,75000,75000,75000,75000,374592,35808,57,6677.248448721107,10.212082997895777,75461.3675409928,12.580997458568255
1728818306,8190,,Aggregated,829.900000,402.800000,57,63,79,120,1300,75000,75000,75000,75000,75000,75000,375255,36026,57,6690.642064402743,10.212082997895777,75461.3675409928,12.575267484777019
1728818307,8200,,Aggregated,799.300000,374.300000,57,63,79,120,1400,75000,75000,75000,75000,75000,75000,376013,36321,57,6704.925016482839,10.212082997895777,75461.3675409928,12.567052202982344
1728818308,8210,,Aggregated,767.100000,350.200000,57,64,79,130,1500,75000,75000,75000,75000,75000,75000,376813,36698,57,6722.864464553653,10.212082997895777,75461.3675409928,12.555976041166309
1728818309,8220,,Aggregated,765.200000,338.000000,57,64,80,130,1600,75000,75000,75000,75000,75000,75000,377714,37172,57,6740.420255306846,10.212082997895777,75461.3675409928,12.541780288789932
1728818310,8230,,Aggregated,753.900000,333.600000,57,64,80,130,3400,75000,75000,75000,75000,75000,76000,378264,37590,57,6763.828608747607,10.212082997895777,75571.68516691308,12.52841137406679
1728818311,8240,,Aggregated,789.700000,339.600000,57,64,81,130,14000,75000,75000,75000,75000,75000,76000,379418,38089,57,6779.734637967154,10.212082997895777,75571.68516691308,12.51429294340279
1728818312,8250,,Aggregated,715.100000,311.200000,57,64,82,140,15000,75000,75000,75000,75000,75000,76000,380245,38560,57,6796.94367367531,10.212082997895777,75571.68516691308,12.500098620626176
1728818313,8260,,Aggregated,742.800000,327.500000,57,64,82,140,16000,75000,75000,75000,75000,75000,76000,381108,39039,57,6815.674779175266,10.212082997895777,75571.68516691308,12.4858255402668
1728818314,8270,,Aggregated,729.500000,315.600000,57,64,82,140,16000,75000,75000,75000,75000,75000,76000,381810,39427,57,6832.667526070701,10.212082997895777,75571.68516691308,12.474290877661664
1728818315,8280,,Aggregated,767.500000,337.400000,57,64,83,150,16000,75000,75000,75000,75000,75000,76000,382973,39993,57,6850.48248828183,10.212082997895777,75571.68516691308,12.458131513187613
1728818316,8290,,Aggregated,769.900000,356.500000,57,64,84,150,16000,75000,75000,75000,75000,75000,76000,383679,40320,57,6863.908016502814,10.212082997895777,75571.68516691308,12.448945602964978
1728818317,8300,,Aggregated,814.100000,403.600000,57,64,84,150,16000,75000,75000,75000,75000,75000,76000,384421,40659,57,6865.603658767838,10.212082997895777,75571.68516691308,12.439515531149443
1728818318,8310,,Aggregated,843.500000,430.600000,57,64,85,150,16000,75000,75000,75000,75000,75000,76000,385003,40769,57,6860.124474243221,10.212082997895777,75571.68516691308,12.437742043568491
1728818319,8320,,Aggregated,829.200000,424.200000,57,65,85,150,16000,75000,75000,75000,75000,75000,76000,385134,40769,57,6857.87128323505,10.212082997895777,75571.68516691308,12.438239677618698
1728818320,8330,,Aggregated,841.400000,426.600000,57,65,85,150,16000,75000,75000,75000,75000,75000,76000,385870,40851,57,6849.598718658681,10.212082997895777,75571.68516691308,12.438124238733252
1728818321,8340,,Aggregated,770.200000,376.300000,57,65,86,160,16000,75000,75000,75000,75000,75000,76000,386747,41387,57,6861.155795811935,10.212082997895777,75571.68516691308,12.422190734511192
1728818322,8350,,Aggregated,771.900000,357.800000,57,65,87,160,16000,75000,75000,75000,75000,75000,76000,387421,41667,57,6863.444226260361,10.212082997895777,75571.68516691308,12.414745199666513
1728818323,8360,,Aggregated,738.600000,324.400000,57,65,88,160,17000,75000,75000,75000,75000,75000,76000,388689,42466,57,6881.1343056557525,10.212082997895777,75571.68516691308,12.391006691725261
1728818324,8370,,Aggregated,728.300000,328.600000,57,65,88,170,17000,75000,75000,75000,75000,75000,76000,389425,42768,57,6883.237739992433,10.212082997895777,75571.68516691308,12.38306734287732
1728818325,8380,,Aggregated,752.200000,341.900000,57,65,89,170,17000,75000,75000,75000,75000,75000,76000,389842,42965,57,6885.807688926435,10.212082997895777,75571.68516691308,12.377660693306519
1728818326,8390,,Aggregated,745.800000,338.900000,57,65,89,170,17000,75000,75000,75000,75000,75000,76000,390580,43078,57,6878.9712471144685,10.212082997895777,75571.68516691308,12.376465768856573
1728818327,8400,,Aggregated,718.200000,306.600000,57,65,90,170,17000,75000,75000,75000,75000,75000,76000,391113,43259,57,6878.624066008176,10.212082997895777,75571.68516691308,12.37212007782917
1728818328,8410,,Aggregated,673.400000,280.600000,57,65,90,170,17000,75000,75000,75000,75000,75000,76000,391803,43511,57,6879.051575860502,10.212082997895777,75571.68516691308,12.365852226756815
1728818329,8420,,Aggregated,682.300000,273.000000,57,65,90,170,17000,75000,75000,75000,75000,75000,76000,392868,44121,57,6888.23792721958,10.212082997895777,75571.68516691308,12.348442733946262
1728818330,8430,,Aggregated,662.300000,260.800000,57,65,91,180,18000,75000,75000,75000,75000,75000,76000,394062,44875,57,6903.998983308124,10.212082997895777,75571.68516691308,12.326560287467455
1728818331,8440,,Aggregated,730.600000,309.000000,57,65,91,180,18000,75000,75000,75000,75000,75000,76000,394614,45022,57,6901.481002875981,9.412833023816347,75571.68516691308,12.323597236793423
1728818332,8450,,Aggregated,816.400000,390.700000,57,66,93,190,18000,75000,75000,75000,75000,75000,76000,395827,45651,57,6910.993206832392,9.412833023816347,75571.68516691308,12.306358585947901
1728818333,8460,,Aggregated,801.200000,379.500000,57,66,93,190,18000,75000,75000,75000,75000,75000,76000,396222,45651,57,6904.210202616627,9.412833023816347,75571.68516691308,12.307968764985286
1728818334,8470,,Aggregated,773.100000,362.300000,57,66,93,180,18000,75000,75000,75000,75000,75000,76000,396632,45652,57,6897.130626343175,9.412833023816347,75571.68516691308,12.309569071582727
1728818335,8480,,Aggregated,757.600000,339.900000,57,66,93,180,18000,75000,75000,75000,75000,75000,76000,397087,45652,57,6889.292346040985,9.412833023816347,75571.68516691308,12.311392717464939
1728818336,8490,,Aggregated,717.700000,299.800000,57,66,93,190,18000,75000,75000,75000,75000,75000,76000,397952,46071,57,6896.677035919779,9.412833023816347,75571.68516691308,12.300242240270183
1728818337,8500,,Aggregated,695.900000,277.400000,57,66,94,190,19000,75000,75000,75000,75000,75000,76000,399205,46891,57,6920.3123895161,9.412833023816347,75571.68516691308,12.276719980962163
1728818339,8510,,Aggregated,720.600000,294.300000,57,66,95,190,19000,75000,75000,75000,75000,75000,76000,400035,47339,57,6929.786312318702,9.412833023816347,75571.68516691308,12.264541852587898
1728818340,8520,,Aggregated,784.500000,356.400000,57,66,96,200,19000,75000,75000,75000,75000,75000,76000,400968,47718,57,6934.332396044451,9.412833023816347,75571.68516691308,12.255237325671875
1728818341,8530,,Aggregated,763.200000,347.800000,57,66,97,200,19000,75000,75000,75000,75000,75000,76000,401787,48125,57,6943.017896593896,9.412833023816347,75571.68516691308,12.244530061948247
1728818342,8540,,Aggregated,720.100000,304.100000,57,66,97,200,19000,75000,75000,75000,75000,75000,76000,402178,48125,57,6936.331379359106,9.412833023816347,75571.68516691308,12.24612733665193
1728818343,8550,,Aggregated,724.400000,307.700000,57,66,97,200,19000,75000,75000,75000,75000,75000,76000,402683,48126,57,6927.722494008533,9.412833023816347,75571.68516691308,12.248185297119571
1728818344,8560,,Aggregated,719.400000,284.200000,57,66,97,200,19000,75000,75000,75000,75000,75000,76000,403109,48126,57,6920.460833662221,9.412833023816347,75571.68516691308,12.249972091915586
1728818345,8570,,Aggregated,672.600000,247.500000,57,66,96,200,19000,75000,75000,75000,75000,75000,76000,403540,48126,57,6913.12863993388,9.412833023816347,75571.68516691308,12.251737126431085
1728818346,8580,,Aggregated,674.700000,247.500000,57,66,97,200,19000,75000,75000,75000,75000,75000,76000,403786,48126,57,6909.163465516264,9.412833023816347,75571.68516691308,12.252762601972332
1728818347,8590,,Aggregated,675.900000,247.400000,57,66,97,200,19000,75000,75000,75000,75000,75000,76000,404413,48203,57,6903.816544314507,9.412833023816347,75571.68516691308,12.252672391837057
1728818348,8600,,Aggregated,641.600000,242.600000,57,66,97,200,19000,75000,75000,75000,75000,75000,76000,404825,48216,57,6897.7002646271885,9.412833023816347,75571.68516691308,12.253909714073982
1728818349,8610,,Aggregated,628.700000,206.600000,57,66,97,200,19000,75000,75000,75000,75000,75000,76000,405535,48431,57,6899.837297485392,9.412833023816347,75571.68516691308,12.249440862071092
1728818350,8620,,Aggregated,541.400000,126.300000,57,66,98,200,19000,75000,75000,75000,75000,75000,76000,406353,48860,57,6914.165477526686,9.412833023816347,75571.68516691308,12.238086097555573
1728818351,8630,,Aggregated,530.300000,101.700000,57,66,99,210,19000,75000,75000,75000,75000,75000,76000,407349,49398,57,6932.557999009337,9.412833023816347,75571.68516691308,12.223808085941048
1728818352,8640,,Aggregated,531.200000,103.000000,57,66,99,210,19000,75000,75000,75000,75000,75000,76000,408127,49740,57,6941.787053684528,9.412833023816347,75571.68516691308,12.215388837298194
1728818353,8650,,Aggregated,551.100000,125.100000,57,66,100,210,19000,75000,75000,75000,75000,75000,76000,409062,50254,57,6959.472883044521,9.412833023816347,75571.68516691308,12.201776258855626
1728818354,8660,,Aggregated,577.000000,146.700000,57,66,100,210,19000,75000,75000,75000,75000,75000,76000,409717,50453,57,6961.376639596019,9.412833023816347,75571.68516691308,12.197768215622002
1728818355,8670,,Aggregated,630.800000,206.400000,57,66,100,210,19000,75000,75000,75000,75000,75000,76000,410096,50618,57,6965.7114836242345,9.412833023816347,75571.68516691308,12.193744879247786
1728818356,8680,,Aggregated,656.200000,228.900000,57,66,100,220,19000,75000,75000,75000,75000,75000,76000,410916,50812,57,6964.88624197887,9.412833023816347,75571.68516691308,12.19060099874427
1728818357,8690,,Aggregated,653.400000,239.300000,57,66,100,220,19000,75000,75000,75000,75000,75000,76000,411635,51165,57,6975.586776788868,9.379166993312538,75571.68516691308,12.181648790797672
1728818358,8700,,Aggregated,713.200000,263.000000,57,67,100,220,20000,75000,75000,75000,75000,75000,76000,412627,51731,57,6995.417439929344,9.379166993312538,75571.68516691308,12.166726850157648
1728818359,8710,,Aggregated,710.300000,288.500000,57,67,100,230,21000,75000,75000,75000,75000,75000,76000,413621,52267,57,7013.478446662134,9.379166993312538,75571.68516691308,12.152883920303854
1728818360,8720,,Aggregated,772.100000,345.800000,57,67,100,220,21000,75000,75000,75000,75000,75000,76000,414056,52268,57,7006.175627605732,9.379166993312538,75571.68516691308,12.154701296442994
1728818361,8730,,Aggregated,817.300000,389.900000,57,67,100,220,21000,75000,75000,75000,75000,75000,76000,414478,52269,57,6999.102143289284,9.379166993312538,75571.68516691308,12.156466688219881
1728818362,8740,,Aggregated,777.000000,352.000000,57,67,100,220,21000,75000,75000,75000,75000,75000,76000,414680,52269,57,6995.766738670571,9.379166993312538,75571.68516691308,12.157321307996527
1728818363,8750,,Aggregated,728.300000,299.800000,57,67,100,230,20000,75000,75000,75000,75000,75000,76000,415331,52270,57,6985.252731334301,9.379166993312538,75571.68516691308,12.160041027517812
1728818364,8760,,Aggregated,678.300000,267.700000,57,67,100,230,20000,75000,75000,75000,75000,75000,76000,415700,52270,57,6979.100575092959,9.379166993312538,75571.68516691308,12.161580466682704
1728818365,8770,,Aggregated,632.600000,208.000000,57,67,100,220,20000,75000,75000,75000,75000,75000,76000,416130,52270,57,6971.94392256068,9.379166993312538,75571.68516691308,12.163384038641771
1728818366,8780,,Aggregated,603.000000,185.500000,57,67,100,220,20000,75000,75000,75000,75000,75000,76000,416590,52270,57,6964.306513794573,9.379166993312538,75571.68516691308,12.16533762212247
1728818367,8790,,Aggregated,604.400000,175.100000,57,67,100,220,21000,75000,75000,75000,75000,75000,76000,417324,52574,57,6975.706607372687,9.379166993312538,75571.68516691308,12.158270312754599
1728818368,8800,,Aggregated,575.800000,151.400000,57,67,100,220,21000,75000,75000,75000,75000,75000,76000,417861,52694,57,6976.019352435648,9.379166993312538,75571.68516691308,12.156518555213337
1728818369,8810,,Aggregated,571.200000,143.900000,57,67,100,230,21000,75000,75000,75000,75000,75000,76000,418469,52858,57,6980.162282434932,9.379166993312538,75571.68516691308,12.153619503475765
1728818370,8820,,Aggregated,532.700000,102.800000,57,67,100,230,21000,75000,75000,75000,75000,75000,76000,419146,53143,57,6993.696085880093,9.379166993312538,75571.68516691308,12.147032299007982
1728818371,8830,,Aggregated,474.500000,51.200000,57,67,100,230,21000,75000,75000,75000,75000,75000,76000,419937,53481,57,7005.238206741561,9.379166993312538,75571.68516691308,12.139154206464303
1728818372,8840,,Aggregated,506.400000,79.600000,57,67,100,230,21000,75000,75000,75000,75000,75000,76000,420553,53653,57,7007.507334482358,9.379166993312538,75571.68516691308,12.136056573131091
1728818373,8850,,Aggregated,538.300000,114.200000,57,67,100,230,21000,75000,75000,75000,75000,75000,76000,421256,53912,57,7017.218797768602,9.379166993312538,75571.68516691308,12.130471732153369
1728818374,8860,,Aggregated,573.000000,133.000000,57,67,110,230,21000,75000,75000,75000,75000,75000,76000,422279,54515,57,7049.694567982454,9.379166993312538,75571.68516691308,12.114909810812282
1728818375,8870,,Aggregated,580.300000,154.200000,57,67,110,240,23000,75000,75000,75000,75000,75000,76000,423163,55225,57,7091.715038689435,9.379166993312538,75571.68516691308,12.095322606182487
1728818376,8880,,Aggregated,611.500000,178.700000,57,67,110,250,23000,75000,75000,75000,75000,75000,76000,424467,55887,57,7113.51525643967,9.379166993312538,75571.68516691308,12.079221706281054
1728818377,8890,,Aggregated,655.300000,242.800000,57,67,110,250,27000,75000,75000,75000,75000,75000,76000,425748,56806,57,7142.723056172894,9.379166993312538,75571.68516691308,12.054694326221146
1728818378,8900,,Aggregated,769.900000,344.100000,57,67,110,260,27000,75000,75000,75000,75000,75000,76000,426514,57137,57,7149.652156964487,9.379166993312538,75571.68516691308,12.047203608791271
1728818379,8910,,Aggregated,829.800000,411.200000,58,68,120,260,27000,75000,75000,75000,75000,75000,76000,427496,57888,58,7179.35579564948,9.379166993312538,75571.68516691308,12.027034171079963
1728818380,8920,,Aggregated,847.300000,429.600000,58,68,120,270,27000,75000,75000,75000,75000,75000,76000,429105,58958,58,7218.095420609358,9.379166993312538,75571.68516691308,11.9993964181261
1728818381,8930,,Aggregated,886.500000,487.800000,58,68,120,280,27000,75000,75000,75000,75000,75000,76000,430103,59585,58,7235.470572005552,9.379166993312538,75571.68516691308,11.983529526648267
1728818382,8940,,Aggregated,978.400000,564.600000,58,68,120,280,27000,75000,75000,75000,75000,75000,76000,430834,60030,58,7245.1510500044305,9.379166993312538,75571.68516691308,11.972437179981153
1728818383,8950,,Aggregated,1005.100000,596.900000,58,69,120,290,27000,75000,75000,75000,75000,75000,76000,431330,60134,58,7242.444240355488,9.379166993312538,75571.68516691308,11.971316625321679
