Timestamp,User Count,Type,Name,Requests/s,Failures/s,50%,66%,75%,80%,90%,95%,98%,99%,99.9%,99.99%,100%,Total Request Count,Total Failure Count,Total Median Response Time,Total Average Response Time,Total Min Response Time,Total Max Response Time,Total Average Content Size
1728810457,0,,Aggregated,0.000000,0.000000,N/A,N/A,N/A,N/A,N/A,N/A,N/A,N/A,N/A,N/A,N/A,0,0,0,0.0,0,0,0
1728810458,10,,Aggregated,0.000000,0.000000,25,26,27,27,30,30,30,30,30,30,30,10,0,17,21.065079199615866,14.30124999023974,30.391084030270576,13.9
1728810459,20,,Aggregated,0.000000,0.000000,12,14,16,17,27,27,30,30,30,30,30,27,0,12,12.798325680368752,2.3319170577451587,30.391084030270576,13.925925925925926
1728810460,30,,Aggregated,10.000000,0.000000,10,12,13,14,25,27,30,30,30,30,30,48,0,10,10.07788809511112,2.154499990865588,30.391084030270576,13.916666666666666
1728810461,40,,Aggregated,12.500000,0.000000,8,11,12,12,15,26,27,30,30,30,30,73,0,8,8.47383796983743,1.4759580371901393,30.391084030270576,13.945205479452055
1728810462,50,,Aggregated,15.666667,0.000000,4,10,11,12,14,17,27,27,30,30,30,103,0,4,7.4940938943346005,1.4759580371901393,30.391084030270576,13.932038834951456
1728810463,60,,Aggregated,17.500000,0.000000,3,9,10,11,13,16,27,27,30,30,30,140,0,3,6.74721911699245,1.189333968795836,30.391084030270576,13.942857142857143
1728810464,70,,Aggregated,20.200000,0.000000,3,8,9,10,12,14,26,27,30,30,30,181,0,3,6.155377582554289,1.189333968795836,30.391084030270576,13.950276243093922
1728810465,80,,Aggregated,22.333333,0.000000,3,6,9,10,12,14,25,27,30,30,30,224,0,3,5.688367611063378,1.189333968795836,30.391084030270576,13.955357142857142
1728810466,90,,Aggregated,24.857143,0.000000,3,6,9,9,12,14,17,27,30,30,30,279,0,3,5.476613246124758,1.189333968795836,30.391084030270576,13.939068100358423
1728810467,100,,Aggregated,27.250000,0.000000,3,4,8,9,11,13,17,26,30,30,30,328,0,3,5.183154754354845,1.189333968795836,30.391084030270576,13.942073170731707
1728810468,110,,Aggregated,30.222222,0.000000,3,4,7,9,11,13,25,27,30,30,30,398,0,3,5.0296563293607015,1.1149579659104347,30.391084030270576,13.942211055276381
1728810469,120,,Aggregated,32.100000,0.000000,3,3,6,8,11,13,17,26,30,30,30,470,0,3,4.8382352170673135,1.1149579659104347,30.391084030270576,13.938297872340426
1728810470,130,,Aggregated,38.000000,0.000000,3,3,6,8,11,13,16,26,30,30,30,537,0,3,4.7140641097201375,1.1149579659104347,30.391084030270576,13.931098696461826
1728810471,140,,Aggregated,43.300000,0.000000,3,3,5,8,11,13,15,25,30,30,30,617,0,3,4.560109963934911,1.1149579659104347,30.391084030270576,13.93030794165316
1728810472,150,,Aggregated,47.500000,0.000000,3,3,4,7,10,12,15,25,30,30,30,700,0,3,4.3658243029910535,1.1149579659104347,30.391084030270576,13.928571428571429
1728810473,160,,Aggregated,53.600000,0.000000,3,3,4,6,10,12,15,25,30,30,30,779,0,3,4.23585992744037,1.1149579659104347,30.391084030270576,13.93196405648267
1728810474,170,,Aggregated,58.400000,0.000000,3,3,4,6,10,12,14,17,30,30,30,870,0,3,4.144960448370669,1.1044999118894339,30.391084030270576,13.929885057471264
1728810475,180,,Aggregated,62.800000,0.000000,3,3,4,6,10,12,15,17,30,30,30,962,0,3,4.121395190156369,1.1044999118894339,30.391084030270576,13.924116424116423
1728810476,190,,Aggregated,67.700000,0.000000,3,3,4,5,10,12,14,17,30,30,30,1059,0,3,4.022840538099092,1.1044999118894339,30.391084030270576,13.918791312559017
1728810477,200,,Aggregated,72.900000,0.000000,3,3,3,4,9,12,14,16,30,30,30,1168,0,3,3.928595396258696,1.1044999118894339,30.391084030270576,13.916952054794521
1728810478,210,,Aggregated,77.200000,0.000000,2,3,3,4,9,12,14,16,30,30,30,1281,0,2,3.8481975453385937,1.0972499148920178,30.391084030270576,13.917252146760344
1728810479,220,,Aggregated,82.800000,0.000000,2,3,3,4,9,11,14,16,30,30,30,1395,0,2,3.7878463645615885,1.0972499148920178,30.391084030270576,13.921863799283154
1728810480,230,,Aggregated,87.000000,0.000000,2,3,3,4,9,11,14,15,30,30,30,1526,0,2,3.716151275809947,1.0972499148920178,30.391084030270576,13.92005242463958
1728810481,240,,Aggregated,92.100000,0.000000,2,3,3,4,9,12,14,15,30,30,30,1643,0,2,3.6907384503826646,1.0972499148920178,30.391084030270576,13.917833231892878
1728810482,250,,Aggregated,97.400000,0.000000,2,3,3,4,9,11,14,15,30,30,30,1773,0,2,3.6180412333886243,1.0972499148920178,30.391084030270576,13.918781725888325
1728810483,260,,Aggregated,100.400000,0.000000,2,3,3,4,9,11,14,15,30,30,30,1906,0,2,3.5746088365077235,1.0972499148920178,30.391084030270576,13.919202518363065
1728810484,270,,Aggregated,106.000000,0.000000,2,3,3,4,9,11,14,15,27,30,30,2035,0,2,3.555130947745092,1.0972499148920178,30.391084030270576,13.92088452088452
1728810485,280,,Aggregated,111.600000,0.000000,2,3,3,4,9,11,13,15,27,30,30,2187,0,2,3.4982438368388933,0.9758749511092901,30.391084030270576,13.919981710105167
1728810486,290,,Aggregated,116.300000,0.000000,2,3,3,3,9,11,14,15,27,30,30,2350,0,2,3.484126728156859,0.9758749511092901,30.391084030270576,13.92
1728810487,300,,Aggregated,120.800000,0.000000,2,3,3,3,8,11,13,15,27,30,30,2490,0,2,3.4385602327482587,0.9758749511092901,30.391084030270576,13.916867469879518
1728810488,310,,Aggregated,127.700000,0.000000,2,3,3,3,8,11,13,15,27,30,30,2651,0,2,3.3921194317694776,0.9758749511092901,30.391084030270576,13.91701244813278
1728810489,320,,Aggregated,131.400000,0.000000,2,3,3,3,8,11,13,15,27,30,30,2822,0,2,3.3485584102011954,0.9758749511092901,30.391084030270576,13.916725726435152
1728810490,330,,Aggregated,136.400000,0.000000,2,3,3,3,7,11,13,15,27,30,30,3005,0,2,3.304388185539988,0.9758749511092901,30.391084030270576,13.916139767054908
1728810491,340,,Aggregated,141.900000,0.000000,2,3,3,3,7,11,13,15,27,30,30,3170,0,2,3.29787272644855,0.9758749511092901,30.391084030270576,13.918611987381704
1728810492,350,,Aggregated,147.100000,0.000000,2,3,3,3,7,11,13,15,27,30,30,3367,0,2,3.2637259178306164,0.9758749511092901,30.391084030270576,13.917433917433918
1728810493,360,,Aggregated,153.600000,0.000000,2,3,3,3,7,11,13,15,27,30,30,3546,0,2,3.2411213433099473,0.9758749511092901,30.391084030270576,13.917089678510997
1728810494,370,,Aggregated,157.600000,0.000000,2,3,3,3,7,11,13,15,27,30,30,3736,0,2,3.219538908232426,0.9758749511092901,30.391084030270576,13.917826552462527
1728810495,380,,Aggregated,162.500000,0.000000,2,3,3,3,6,11,13,15,27,30,30,3942,0,2,3.180541376811738,0.9758749511092901,30.391084030270576,13.916286149162861
1728810496,390,,Aggregated,168.000000,0.000000,2,3,3,3,6,11,13,15,27,30,30,4133,0,2,3.1648401433262614,0.9758749511092901,30.391084030270576,13.91725139124123
1728810497,400,,Aggregated,173.600000,0.000000,2,3,3,3,6,10,13,14,27,30,30,4328,0,2,3.1419490857444474,0.9758749511092901,30.391084030270576,13.918438077634011
1728810498,410,,Aggregated,176.800000,0.000000,2,3,3,3,6,10,13,14,27,30,30,4545,0,2,3.1215862054951544,0.9758749511092901,30.391084030270576,13.915731573157316
1728810499,420,,Aggregated,182.200000,0.000000,2,3,3,3,6,10,13,15,30,34,34,4770,0,2,3.1542467276284576,0.9206659160554409,34.24504096619785,13.914884696016772
1728810500,430,,Aggregated,186.900000,0.000000,2,3,3,3,5,10,13,15,30,34,34,4985,0,2,3.1449380500051554,0.9206659160554409,34.24504096619785,13.91494483450351
1728810501,440,,Aggregated,192.300000,0.000000,2,3,3,3,5,10,13,15,30,34,34,5201,0,2,3.1318885414663993,0.9206659160554409,34.24504096619785,13.91520861372813
1728810502,450,,Aggregated,197.500000,0.000000,2,3,3,3,5,10,13,15,30,34,34,5433,0,2,3.115055081215988,0.9206659160554409,34.24504096619785,13.913675685624884
1728810503,460,,Aggregated,201.300000,0.000000,2,3,3,3,5,10,13,15,30,34,34,5677,0,2,3.08907206094551,0.9206659160554409,34.24504096619785,13.912101462039809
1728810504,470,,Aggregated,207.500000,0.000000,2,3,3,3,5,10,13,15,30,34,34,5923,0,2,3.122361795803796,0.9206659160554409,34.24504096619785,13.911700151950026
1728810505,480,,Aggregated,212.300000,0.000000,2,3,3,3,5,10,13,15,30,34,34,6165,0,2,3.1088258378095897,0.9206659160554409,34.24504096619785,13.909975669099756
1728810506,490,,Aggregated,216.900000,0.000000,2,3,3,3,5,10,14,16,30,34,34,6396,0,2,3.1063653847540182,0.9206659160554409,34.24504096619785,13.909943714821763
1728810507,500,,Aggregated,222.900000,0.000000,2,3,3,3,5,10,13,16,30,34,34,6671,0,2,3.08685117290753,0.9206659160554409,34.24504096619785,13.909908559436367
1728810508,510,,Aggregated,225.300000,0.000000,2,3,3,3,5,10,13,16,30,34,34,6932,0,2,3.0694425500906783,0.9206659160554409,34.24504096619785,13.911136757068666
1728810509,520,,Aggregated,233.700000,0.000000,2,3,3,3,5,10,13,16,30,34,34,7198,0,2,3.059135691324111,0.9206659160554409,34.24504096619785,13.911642122811893
1728810510,530,,Aggregated,238.200000,0.000000,2,3,3,3,5,10,13,15,30,34,34,7455,0,2,3.0436240946611677,0.9206659160554409,34.24504096619785,13.911334674714956
1728810511,540,,Aggregated,241.700000,0.000000,2,3,3,3,5,10,13,15,30,34,34,7748,0,2,3.0288976286693003,0.9206659160554409,34.24504096619785,13.91094475993805
1728810512,550,,Aggregated,247.000000,0.000000,2,3,3,3,5,10,13,15,30,34,34,8023,0,2,3.0145138703464487,0.9206659160554409,34.24504096619785,13.909510158294902
1728810513,560,,Aggregated,251.600000,0.000000,2,3,3,3,5,10,13,15,30,34,34,8302,0,2,3.0025858115565263,0.9206659160554409,34.24504096619785,13.910262587328354
1728810514,570,,Aggregated,256.600000,0.000000,2,3,3,3,4,10,13,15,30,34,34,8598,0,2,2.9842472140139797,0.9206659160554409,34.24504096619785,13.911374738311235
1728810515,580,,Aggregated,261.500000,0.000000,2,3,3,3,4,9,13,15,30,34,34,8903,0,2,2.962714423018362,0.9138330351561308,34.24504096619785,13.910928900370662
1728810516,590,,Aggregated,267.100000,0.000000,2,3,3,3,4,9,13,15,30,34,34,9199,0,2,2.9525530060307967,0.9138330351561308,34.24504096619785,13.911729535819111
1728810517,600,,Aggregated,269.800000,0.000000,2,3,3,3,4,9,13,15,30,34,34,9507,0,2,2.940440900427189,0.9138330351561308,34.24504096619785,13.912169980014726
1728810518,610,,Aggregated,278.000000,0.000000,2,2,3,3,4,9,13,15,30,36,36,9823,0,2,2.938237013941426,0.8081670384854078,36.226792028173804,13.912144965896365
1728810519,620,,Aggregated,280.900000,0.000000,2,2,3,3,4,9,13,15,30,35,36,10147,0,2,2.928548866449796,0.8081670384854078,36.226792028173804,13.911698038829211
1728810520,630,,Aggregated,286.900000,0.000000,2,2,3,3,4,9,13,14,30,35,36,10447,0,2,2.91609822306782,0.8081670384854078,36.226792028173804,13.912606489901407
1728810521,640,,Aggregated,292.200000,0.000000,2,2,3,3,4,9,13,14,30,35,36,10770,0,2,2.906773953355707,0.8081670384854078,36.226792028173804,13.911792014856081
1728810522,650,,Aggregated,295.700000,0.000000,2,2,3,3,4,9,13,14,30,35,36,11112,0,2,2.899258997573942,0.8081670384854078,36.226792028173804,13.910997120230382
1728810523,660,,Aggregated,302.200000,0.000000,2,2,3,3,4,9,13,14,30,35,36,11447,0,2,2.8922787829227157,0.8081670384854078,36.226792028173804,13.911592557001834
1728810524,670,,Aggregated,305.900000,0.000000,2,2,3,3,4,9,13,15,30,35,36,11774,0,2,2.8876869990030016,0.8081670384854078,36.226792028173804,13.91116018345507
1728810525,680,,Aggregated,310.900000,0.000000,2,2,3,3,4,9,13,14,30,35,36,12128,0,2,2.8742571707172497,0.8081670384854078,36.226792028173804,13.911444591029024
1728810526,690,,Aggregated,316.300000,0.000000,2,2,3,3,4,9,13,14,30,35,36,12488,0,2,2.8657742678298908,0.7237499812617898,36.226792028173804,13.911434977578475
1728810527,700,,Aggregated,322.300000,0.000000,2,2,3,3,4,9,13,15,30,35,36,12832,0,2,2.860475421042784,0.7237499812617898,36.226792028173804,13.911081670822943
1728810528,710,,Aggregated,328.200000,0.000000,2,2,3,3,4,9,13,14,30,35,36,13223,0,2,2.8568572037379503,0.7237499812617898,36.226792028173804,13.911366558269682
1728810529,720,,Aggregated,330.800000,0.000000,2,2,3,3,4,9,13,14,30,35,36,13570,0,2,2.8534076364804264,0.7237499812617898,36.226792028173804,13.911643330876934
1728810530,730,,Aggregated,338.300000,0.000000,2,2,3,3,4,8,13,14,30,35,36,13941,0,2,2.849395076367013,0.7237499812617898,36.226792028173804,13.911986227673768
1728810531,740,,Aggregated,341.300000,0.000000,2,2,3,3,4,8,13,15,30,35,36,14312,0,2,2.844582146312547,0.7237499812617898,36.226792028173804,13.912171604248183
1728810532,750,,Aggregated,346.300000,0.000000,2,2,3,3,4,8,12,14,30,35,36,14679,0,2,2.8344681954401008,0.7237499812617898,36.226792028173804,13.912391852306015
1728810533,760,,Aggregated,352.800000,0.000000,2,2,3,3,4,8,12,14,30,42,42,15064,0,2,2.8329948845822823,0.7237499812617898,42.48829197604209,13.912440254912374
1728810534,770,,Aggregated,359.100000,0.000000,2,2,3,3,4,8,12,14,30,42,42,15447,0,2,2.8250289171046155,0.7237499812617898,42.48829197604209,13.912345439243866
1728810535,780,,Aggregated,361.600000,0.000000,2,2,3,3,4,8,12,14,30,42,42,15851,0,2,2.820946179763901,0.7237499812617898,42.48829197604209,13.912623809223392
1728810536,790,,Aggregated,365.200000,0.000000,2,2,3,3,4,8,12,14,30,42,42,16257,0,2,2.8094046292750914,0.7237499812617898,42.48829197604209,13.912591499046565
1728810537,800,,Aggregated,371.200000,0.000000,2,2,3,3,4,8,12,14,30,42,42,16650,0,2,2.806211576983053,0.7237499812617898,42.48829197604209,13.912852852852852
1728810538,810,,Aggregated,375.100000,0.000000,2,2,3,3,4,8,12,14,30,42,42,17058,0,2,2.7982402781162925,0.7237499812617898,42.48829197604209,13.91253370852386
1728810539,820,,Aggregated,380.900000,0.000000,2,2,3,3,4,8,12,14,30,42,42,17469,0,2,2.795279778029557,0.7237499812617898,42.48829197604209,13.913045967141795
1728810540,830,,Aggregated,381.400000,0.000000,2,2,3,3,4,7,12,14,30,42,42,17906,0,2,2.794489241837099,0.7237499812617898,42.48829197604209,13.91338098961242
1728810541,840,,Aggregated,390.100000,0.000000,2,2,3,3,4,8,12,14,30,42,42,18310,0,2,2.8046080557457036,0.7237499812617898,42.48829197604209,13.912943746586565
1728810542,850,,Aggregated,394.500000,0.000000,2,2,3,3,4,7,12,14,30,42,42,18741,0,2,2.80098587718049,0.7237499812617898,42.48829197604209,13.913078277573236
1728810543,860,,Aggregated,396.700000,0.000000,2,2,3,3,4,7,12,14,29,42,42,19181,0,2,2.7993727176200185,0.7237499812617898,42.48829197604209,13.913977373442469
1728810544,870,,Aggregated,402.100000,0.000000,2,2,3,3,4,7,12,14,29,42,42,19608,0,2,2.7964587889722674,0.7237499812617898,42.48829197604209,13.913657690738473
1728810545,880,,Aggregated,410.600000,0.000000,2,2,3,3,4,7,12,14,30,42,42,20057,0,2,2.7979110548130732,0.7237499812617898,42.48829197604209,13.91379568230543
1728810546,890,,Aggregated,413.700000,0.000000,2,2,3,3,4,7,12,14,30,42,42,20494,0,2,2.797557442674479,0.7237499812617898,42.48829197604209,13.914365180052698
1728810547,900,,Aggregated,417.900000,0.000000,2,2,3,3,4,7,12,14,30,42,42,20964,0,2,2.800715365801392,0.7237499812617898,42.48829197604209,13.91428162564396
1728810548,910,,Aggregated,422.800000,0.000000,2,2,3,3,4,7,12,15,30,42,42,21418,0,2,2.801518963806365,0.7237499812617898,42.48829197604209,13.91469791763937
1728810549,920,,Aggregated,427.700000,0.000000,2,2,3,3,4,7,12,15,30,42,42,21891,0,2,2.79789121452478,0.7237499812617898,42.48829197604209,13.914759490201453
1728810550,930,,Aggregated,434.300000,0.000000,2,2,3,3,4,7,12,15,30,42,42,22367,0,2,2.797583382764992,0.7237499812617898,42.48829197604209,13.91523226181428
1728810551,940,,Aggregated,438.500000,0.000000,2,2,3,3,4,7,12,15,30,42,42,22828,0,2,2.7974550888673075,0.7237499812617898,42.48829197604209,13.91510425792886
1728810552,950,,Aggregated,446.800000,0.000000,2,2,3,3,4,7,12,15,30,42,42,23316,0,2,2.793859722053044,0.7237499812617898,42.48829197604209,13.915251329559101
1728810553,960,,Aggregated,450.200000,0.000000,2,2,3,3,4,7,12,14,30,42,42,23805,0,2,2.7892944718470667,0.7237499812617898,42.48829197604209,13.915605965133375
1728810554,970,,Aggregated,454.600000,0.000000,2,2,3,3,4,7,12,14,30,42,42,24284,0,2,2.7829072036268583,0.7237499812617898,42.48829197604209,13.915252841377038
1728810555,980,,Aggregated,459.100000,0.000000,2,2,3,3,4,7,12,14,30,42,42,24772,0,2,2.7753303913093097,0.7237499812617898,42.48829197604209,13.91563055062167
1728810556,990,,Aggregated,466.000000,0.000000,2,2,3,3,4,7,12,14,30,42,42,25244,0,2,2.77044202590546,0.7237499812617898,42.48829197604209,13.91566312787197
1728810557,1000,,Aggregated,471.500000,0.000000,2,2,3,3,4,7,12,14,30,42,42,25766,0,2,2.772897325191847,0.7237499812617898,42.48829197604209,13.915392377551813
1728810558,1010,,Aggregated,473.500000,0.000000,2,2,3,3,4,7,12,14,30,42,42,26293,0,2,2.7716325697624145,0.7237499812617898,42.48829197604209,13.915262617426691
1728810559,1020,,Aggregated,478.400000,0.000000,2,2,3,3,4,7,12,15,30,42,42,26797,0,2,2.777759778504594,0.7237499812617898,42.48829197604209,13.915065119229764
1728810560,1030,,Aggregated,484.700000,0.000000,2,2,3,3,4,7,12,14,30,42,42,27306,0,2,2.7686290587113374,0.7237499812617898,42.48829197604209,13.914670768329305
1728810561,1040,,Aggregated,489.700000,0.000000,2,2,3,3,4,7,12,15,30,42,42,27828,0,2,2.7798571413119433,0.7237499812617898,42.48829197604209,13.914259019692397
1728810562,1050,,Aggregated,492.300000,0.000000,2,2,3,3,4,7,12,15,32,49,50,28353,0,2,2.798502102154893,0.7237499812617898,49.58799993619323,13.91390681762071
1728810563,1060,,Aggregated,496.400000,0.000000,2,2,3,3,4,7,12,15,32,49,50,28923,0,2,2.7948788614621045,0.7237499812617898,49.58799993619323,13.914047643743734
1728810564,1070,,Aggregated,503.000000,0.000000,2,2,3,3,4,7,12,15,32,49,50,29438,0,2,2.78804437936195,0.7237499812617898,49.58799993619323,13.914566206943407
1728810565,1080,,Aggregated,509.100000,0.000000,2,2,3,3,4,7,12,15,32,49,50,29982,0,2,2.781852420151725,0.7237499812617898,49.58799993619323,13.914615435928223
1728810566,1090,,Aggregated,513.200000,0.000000,2,2,3,3,4,7,12,15,31,48,50,30528,0,2,2.7862580072124237,0.7237499812617898,49.58799993619323,13.914602987421384
1728810567,1100,,Aggregated,519.100000,0.000000,2,2,3,3,4,7,12,15,31,48,50,31085,0,2,2.789769734288776,0.7237499812617898,49.58799993619323,13.914556860221971
1728810568,1110,,Aggregated,524.200000,0.000000,2,2,3,3,4,7,12,15,31,48,50,31621,0,2,2.7859581405356297,0.7237499812617898,49.58799993619323,13.914423958761583
1728810569,1120,,Aggregated,530.700000,0.000000,2,2,3,3,4,7,12,15,31,48,50,32203,0,2,2.7840785493698434,0.7237499812617898,49.58799993619323,13.914231593329815
1728810570,1130,,Aggregated,532.600000,0.000000,2,2,3,3,4,7,12,15,31,48,50,32759,0,2,2.7791246342604903,0.7237499812617898,49.58799993619323,13.91434414969932
1728810571,1140,,Aggregated,536.600000,0.000000,2,2,3,3,4,7,12,15,31,48,50,33356,0,2,2.787383130506351,0.7237499812617898,49.58799993619323,13.914108406283727
1728810572,1150,,Aggregated,543.600000,0.000000,2,2,3,3,4,7,12,15,31,48,50,33933,0,2,2.7833368612036,0.7237499812617898,49.58799993619323,13.91441959154805
1728810573,1160,,Aggregated,548.300000,0.000000,2,2,3,3,4,7,12,15,31,48,50,34513,0,2,2.7768737878525487,0.7237499812617898,49.58799993619323,13.914148291947962
1728810574,1170,,Aggregated,554.000000,0.000000,2,2,3,3,4,7,12,15,32,48,50,35117,0,2,2.7840875254252415,0.7237499812617898,49.58799993619323,13.914030241763248
1728810575,1180,,Aggregated,558.300000,0.000000,2,2,3,3,4,7,12,15,32,48,50,35684,0,2,2.781545562270213,0.7237499812617898,49.58799993619323,13.91374285394014
1728810576,1190,,Aggregated,565.600000,0.000000,2,2,3,3,4,7,12,15,32,48,50,36290,0,2,2.7832220983332228,0.7237499812617898,49.58799993619323,13.913888123449986
1728810577,1200,,Aggregated,568.100000,0.000000,2,2,3,3,4,7,12,15,32,48,50,36895,0,2,2.780208119607983,0.7237499812617898,49.58799993619323,13.913890771107196
1728810578,1210,,Aggregated,575.200000,0.000000,2,2,3,3,4,7,12,15,31,48,50,37512,0,2,2.779603169836578,0.7237499812617898,49.58799993619323,13.913574322883344
1728810579,1220,,Aggregated,579.900000,0.000000,2,2,3,3,4,7,12,15,31,48,50,38127,0,2,2.7791577258676408,0.7237499812617898,49.58799993619323,13.912975057046188
1728810580,1230,,Aggregated,586.300000,0.000000,2,2,3,3,4,7,12,15,31,48,50,38766,0,2,2.775967478937867,0.7237499812617898,49.58799993619323,13.912810194500336
1728810581,1240,,Aggregated,591.900000,0.000000,2,2,3,3,4,7,12,15,31,48,50,39397,0,2,2.7686075311796223,0.7237499812617898,49.58799993619323,13.91258217630784
1728810582,1250,,Aggregated,595.400000,0.000000,2,2,3,3,4,7,12,14,31,48,50,40002,0,2,2.7638530124205944,0.7237499812617898,49.58799993619323,13.91250437478126
1728810583,1260,,Aggregated,605.900000,0.000000,2,2,3,3,4,7,12,14,31,48,50,40670,0,2,2.7575623934066282,0.7237499812617898,49.58799993619323,13.912244897959184
1728810584,1270,,Aggregated,605.800000,0.000000,2,2,3,3,4,7,12,14,32,48,50,41291,0,2,2.7592615508530685,0.7237499812617898,49.58799993619323,13.91245065510644
1728810585,1280,,Aggregated,613.100000,0.000000,2,2,3,3,4,7,12,14,32,48,50,41945,0,2,2.752763665033557,0.7237499812617898,49.58799993619323,13.9125283108833
1728810586,1290,,Aggregated,616.400000,0.000000,2,2,3,3,4,7,12,14,31,48,50,42560,0,2,2.7477978062906776,0.7237499812617898,49.58799993619323,13.912617481203007
1728810587,1300,,Aggregated,621.100000,0.000000,2,2,3,3,4,7,12,14,31,48,50,43275,0,2,2.7454077397542562,0.7237499812617898,49.58799993619323,13.912836510687464
1728810588,1310,,Aggregated,626.300000,0.000000,2,2,3,3,4,7,12,14,31,48,50,43922,0,2,2.7485240925532213,0.7237499812617898,49.58799993619323,13.91284549883885
1728810589,1320,,Aggregated,632.700000,0.000000,2,2,3,3,4,7,12,14,31,48,50,44592,0,2,2.7479569117682447,0.7237499812617898,49.58799993619323,13.912517940437747
1728810590,1330,,Aggregated,639.200000,0.000000,2,2,3,3,4,7,12,14,31,48,50,45243,0,2,2.7439402594032156,0.7237499812617898,49.58799993619323,13.912317927635215
1728810591,1340,,Aggregated,641.800000,0.000000,2,2,3,3,4,7,12,14,31,48,50,45912,0,2,2.743121362927818,0.7237499812617898,49.58799993619323,13.91202735668235
1728810592,1350,,Aggregated,648.200000,0.000000,2,2,3,3,4,7,12,14,31,48,50,46644,0,2,2.7359173097858376,0.7237499812617898,49.58799993619323,13.911950090043735
1728810593,1360,,Aggregated,648.600000,0.000000,2,2,3,3,4,6,12,14,31,48,50,47269,0,2,2.7328433634823983,0.7237499812617898,49.58799993619323,13.911760350335316
1728810594,1370,,Aggregated,658.600000,0.000000,2,2,3,3,4,6,12,14,31,48,50,47991,0,2,2.725622085706342,0.7237499812617898,49.58799993619323,13.911712612781564
1728810595,1380,,Aggregated,658.000000,0.000000,2,2,3,3,4,6,12,14,31,48,50,48698,0,2,2.7224251749246626,0.7237499812617898,49.58799993619323,13.911639081687133
1728810596,1390,,Aggregated,666.800000,0.000000,2,2,3,3,4,6,12,14,31,48,50,49397,0,2,2.718862579329426,0.7237499812617898,49.58799993619323,13.911573577342754
1728810597,1400,,Aggregated,673.300000,0.000000,2,2,3,3,4,6,12,14,31,48,50,50093,0,2,2.7227865477817406,0.7237499812617898,49.58799993619323,13.911584452917573
1728810598,1410,,Aggregated,676.800000,0.000000,2,2,3,3,4,6,12,14,31,48,50,50806,0,2,2.721929749994822,0.7237499812617898,49.58799993619323,13.911742707554225
1728810599,1420,,Aggregated,680.200000,0.000000,2,2,3,3,4,6,12,14,31,48,50,51524,0,2,2.715087986661522,0.7237499812617898,49.58799993619323,13.911614005123825
1728810600,1430,,Aggregated,685.800000,0.000000,2,2,3,3,4,6,12,14,31,48,50,52254,0,2,2.7115444953601644,0.7237499812617898,49.58799993619323,13.911413480307727
1728810601,1440,,Aggregated,694.100000,0.000000,2,2,3,3,4,6,12,14,31,48,50,52987,0,2,2.7075879338098474,0.7237499812617898,49.58799993619323,13.911638703833015
1728810602,1450,,Aggregated,695.900000,0.000000,2,2,3,3,4,6,11,14,31,48,50,53689,0,2,2.702861701495363,0.7237499812617898,49.58799993619323,13.911508875188586
1728810603,1460,,Aggregated,707.100000,0.000000,2,2,3,3,4,6,11,14,31,48,50,54446,0,2,2.6976616823818547,0.7237499812617898,49.58799993619323,13.911490283951071
1728810604,1470,,Aggregated,705.800000,0.000000,2,2,3,3,4,6,11,14,31,48,50,55158,0,2,2.692981669944795,0.7237499812617898,49.58799993619323,13.911146161934806
1728810605,1480,,Aggregated,713.100000,0.000000,2,2,3,3,4,6,11,14,31,48,50,55912,0,2,2.6900304122467658,0.7237499812617898,49.58799993619323,13.910895693232222
1728810606,1490,,Aggregated,714.900000,0.000000,2,2,3,3,4,6,11,14,31,48,50,56675,0,2,2.6912633200017075,0.7237499812617898,49.58799993619323,13.910983678870755
1728810607,1500,,Aggregated,719.800000,0.000000,2,2,3,3,4,6,11,14,31,48,50,57403,0,2,2.6939846841196458,0.7237499812617898,49.58799993619323,13.910823476124941
1728810608,1510,,Aggregated,726.400000,0.000000,2,2,3,3,4,6,11,14,31,48,50,58202,0,2,2.6889295691637023,0.7237499812617898,49.58799993619323,13.91075908044397
1728810609,1520,,Aggregated,731.700000,0.000000,2,2,3,3,4,6,11,14,31,48,50,58951,0,2,2.684508728502897,0.7237499812617898,49.58799993619323,13.910993876270123
1728810610,1530,,Aggregated,736.000000,0.000000,2,2,3,3,4,6,11,14,31,48,50,59718,0,2,2.684902337724504,0.7237499812617898,49.58799993619323,13.911048595063464
1728810611,1540,,Aggregated,738.100000,0.000000,2,2,3,3,4,6,11,14,31,47,50,60494,0,2,2.678590430230731,0.7237499812617898,49.58799993619323,13.910933315700731
1728810612,1550,,Aggregated,743.300000,0.000000,2,2,3,3,4,6,11,14,31,47,50,61276,0,2,2.672979274541356,0.7237499812617898,49.58799993619323,13.910878647431295
1728810613,1560,,Aggregated,746.200000,0.000000,2,2,3,3,4,6,11,14,31,47,50,62021,0,2,2.6712338219963288,0.7237499812617898,49.58799993619323,13.91112687638058
1728810614,1570,,Aggregated,754.400000,0.000000,2,2,3,3,4,6,11,14,31,47,50,62851,0,2,2.6692052217963758,0.7237499812617898,49.58799993619323,13.911123132487948
1728810615,1580,,Aggregated,757.500000,0.000000,2,2,3,3,4,6,11,14,31,47,50,63631,0,2,2.664983238878017,0.7237499812617898,49.58799993619323,13.911379673429618
1728810616,1590,,Aggregated,762.900000,0.000000,2,2,3,3,4,6,11,14,31,47,50,64408,0,2,2.6601731024800572,0.7237499812617898,49.58799993619323,13.911361942615825
1728810617,1600,,Aggregated,769.200000,0.000000,2,2,3,3,4,6,11,14,38,74,100,65229,0,2,2.6940141511244438,0.7237499812617898,100.15549999661744,13.911281791841052
1728810618,1610,,Aggregated,773.200000,0.000000,2,2,3,3,4,6,11,14,38,74,100,66027,0,2,2.693876192795708,0.7237499812617898,100.15549999661744,13.91121813803444
1728810619,1620,,Aggregated,779.500000,0.000000,2,2,3,3,4,6,12,14,40,74,100,66851,0,2,2.716299677273661,0.7237499812617898,100.15549999661744,13.91123543402492
1728810620,1630,,Aggregated,782.000000,0.000000,2,2,3,3,4,6,12,14,40,74,100,67672,0,2,2.7105094385891833,0.7237499812617898,100.15549999661744,13.91117448871025
1728810621,1640,,Aggregated,789.500000,0.000000,2,2,3,3,4,6,12,15,40,74,100,68497,0,2,2.721533640420179,0.7237499812617898,100.15549999661744,13.910988802429303
1728810622,1650,,Aggregated,796.600000,0.000000,2,2,3,3,4,6,12,15,40,74,100,69301,0,2,2.7241385178219044,0.7237499812617898,100.15549999661744,13.91099695531089
1728810623,1660,,Aggregated,799.100000,0.000000,2,2,3,3,4,7,12,15,40,73,100,70148,0,2,2.7366148433030957,0.7237499812617898,100.15549999661744,13.910802873923704
1728810624,1670,,Aggregated,803.600000,0.000000,2,2,3,3,4,6,12,15,40,73,100,71022,0,2,2.7296857825184806,0.7237499812617898,100.15549999661744,13.910830446903777
1728810625,1680,,Aggregated,808.900000,0.000000,2,2,3,3,4,6,12,15,40,73,100,71836,0,2,2.7246495409915408,0.7237499812617898,100.15549999661744,13.910768973773596
1728810626,1690,,Aggregated,814.300000,0.000000,2,2,3,3,4,6,12,15,40,73,100,72706,0,2,2.717934229477256,0.7237499812617898,100.15549999661744,13.910763898440294
1728810627,1700,,Aggregated,817.800000,0.000000,2,2,3,3,4,6,12,15,40,73,100,73570,0,2,2.7210470076558098,0.7237499812617898,100.15549999661744,13.910602147614517
1728810628,1710,,Aggregated,823.900000,0.000000,2,2,3,3,4,6,12,15,40,73,100,74430,0,2,2.7168174288139255,0.7237499812617898,100.15549999661744,13.910613999731291
1728810629,1720,,Aggregated,829.800000,0.000000,2,2,3,3,4,6,12,15,40,73,100,75282,0,2,2.7133663433145667,0.7237499812617898,100.15549999661744,13.910655933689329
1728810630,1730,,Aggregated,836.800000,0.000000,2,2,3,3,4,6,12,15,40,73,100,76172,0,2,2.709979130638051,0.7237499812617898,100.15549999661744,13.910623326156593
1728810631,1740,,Aggregated,840.800000,0.000000,2,2,3,3,4,6,12,15,40,73,100,77045,0,2,2.716643154398463,0.7237499812617898,100.15549999661744,13.910558764358491
1728810632,1750,,Aggregated,844.000000,0.000000,2,2,3,3,4,6,12,15,40,73,100,77928,0,2,2.7110645389895565,0.7237499812617898,100.15549999661744,13.910545631865311
1728810633,1760,,Aggregated,850.300000,0.000000,2,2,3,3,4,6,12,15,40,73,100,78820,0,2,2.722208053353038,0.7237499812617898,100.15549999661744,13.91061913219995
1728810634,1770,,Aggregated,858.200000,0.000000,2,2,3,3,4,6,12,15,40,73,100,79699,0,2,2.717911292892056,0.7237499812617898,100.15549999661744,13.910500759106137
1728810635,1780,,Aggregated,859.200000,0.000000,2,2,3,3,4,6,12,15,41,73,100,80598,0,2,2.718711695154694,0.7237499812617898,100.15549999661744,13.910717387528226
1728810636,1790,,Aggregated,868.800000,0.000000,2,2,3,3,4,6,12,15,41,73,100,81513,0,2,2.713287993628302,0.7237499812617898,100.15549999661744,13.91064002061021
1728810637,1800,,Aggregated,871.200000,0.000000,2,2,3,3,4,6,12,15,40,73,100,82397,0,2,2.7107729613180456,0.7237499812617898,100.15549999661744,13.910676359576199
1728810638,1810,,Aggregated,878.700000,0.000000,2,2,3,3,4,6,12,15,40,73,100,83305,0,2,2.7048546659067205,0.7237499812617898,100.15549999661744,13.910725646719884
1728810639,1820,,Aggregated,878.700000,0.000000,2,2,3,3,4,6,12,15,41,73,100,84215,0,2,2.7054601704451517,0.7237499812617898,100.15549999661744,13.910645371964614
1728810640,1830,,Aggregated,883.700000,0.000000,2,2,3,3,4,6,12,15,41,73,100,85124,0,2,2.7035975428763863,0.7237499812617898,100.15549999661744,13.910565762887082
1728810641,1840,,Aggregated,888.600000,0.000000,2,2,3,3,4,6,12,15,40,73,100,86040,0,2,2.698082875528092,0.7237499812617898,100.15549999661744,13.910518363551837
1728810642,1850,,Aggregated,894.800000,0.000000,2,2,3,3,4,6,12,15,40,73,100,86981,0,2,2.6927911078603435,0.7237499812617898,100.15549999661744,13.910693139881124
1728810643,1860,,Aggregated,900.000000,0.000000,2,2,3,3,4,6,12,15,41,73,100,87922,0,2,2.6941018908468113,0.7237499812617898,100.15549999661744,13.910704943017675
1728810644,1870,,Aggregated,902.000000,0.000000,2,2,3,3,4,6,12,15,41,73,100,88853,0,2,2.690199702344961,0.7237499812617898,100.15549999661744,13.910458847759783
1728810645,1880,,Aggregated,912.900000,0.000000,2,2,3,3,4,6,12,15,40,73,100,89811,0,2,2.683794821347412,0.7237499812617898,100.15549999661744,13.910445268396966
1728810646,1890,,Aggregated,911.900000,0.000000,2,2,3,3,4,6,12,15,40,73,100,90729,0,2,2.680559541999117,0.7237499812617898,100.15549999661744,13.910337378346505
1728810647,1900,,Aggregated,921.200000,0.000000,2,2,3,3,4,6,12,15,40,73,100,91707,0,2,2.6817503787704866,0.7237499812617898,100.15549999661744,13.910344902788228
1728810648,1910,,Aggregated,922.800000,0.000000,2,2,3,3,4,6,12,15,40,73,100,92664,0,2,2.687079903281423,0.7237499812617898,100.15549999661744,13.910170076836744
1728810649,1920,,Aggregated,928.800000,0.000000,2,2,3,3,4,6,12,15,40,73,100,93627,0,2,2.683488905056384,0.7237499812617898,100.15549999661744,13.910378416482425
1728810650,1930,,Aggregated,936.100000,0.000000,2,2,3,3,4,6,12,15,40,73,100,94605,0,2,2.677184487172247,0.7237499812617898,100.15549999661744,13.910184451138946
1728810651,1940,,Aggregated,938.900000,0.000000,2,2,3,3,4,6,12,15,40,73,100,95557,0,2,2.679947660923025,0.7237499812617898,100.15549999661744,13.910262984396747
1728810652,1950,,Aggregated,944.600000,0.000000,2,2,3,3,4,6,12,15,40,73,100,96567,0,2,2.682163531303255,0.7237499812617898,100.15549999661744,13.910310975799186
1728810653,1960,,Aggregated,948.900000,0.000000,2,2,3,3,4,6,12,15,40,73,100,97552,0,2,2.676293264396669,0.7237499812617898,100.15549999661744,13.910355502706249
1728810654,1970,,Aggregated,954.600000,0.000000,2,2,3,3,4,6,12,15,40,73,100,98540,0,2,2.671165746497378,0.7237499812617898,100.15549999661744,13.910361274609295
1728810655,1980,,Aggregated,961.000000,0.000000,2,2,3,3,4,6,12,15,40,73,100,99559,0,2,2.6852128352499505,0.7237499812617898,100.15549999661744,13.910374752659227
1728810656,1990,,Aggregated,965.700000,0.000000,2,2,3,3,4,6,12,15,40,73,100,100529,0,2,2.681535864036119,0.7237499812617898,100.15549999661744,13.910364173522069
1728810657,2000,,Aggregated,968.600000,0.000000,2,2,3,3,4,6,12,15,40,73,100,101562,0,2,2.6790433999801913,0.7237499812617898,100.15549999661744,13.910507867115653
1728810658,2010,,Aggregated,974.200000,0.000000,2,2,3,3,4,6,12,15,40,73,100,102593,0,2,2.674457803584394,0.7237499812617898,100.15549999661744,13.910637177975106
1728810659,2020,,Aggregated,983.500000,0.000000,2,2,3,3,4,6,12,15,41,73,100,103598,0,2,2.6945841746264816,0.7237499812617898,100.15549999661744,13.910548466186606
1728810660,2030,,Aggregated,987.300000,0.000000,2,2,3,3,4,6,12,15,41,73,100,104590,0,2,2.691302831951516,0.7237499812617898,100.15549999661744,13.910574624725117
1728810661,2040,,Aggregated,996.300000,0.000000,2,2,3,3,4,6,12,15,41,73,100,105670,0,2,2.6882120495437527,0.7237499812617898,100.15549999661744,13.910617961578499
1728810662,2050,,Aggregated,997.700000,0.000000,2,2,3,3,4,6,12,15,40,73,100,106694,0,2,2.68258637688224,0.7237499812617898,100.15549999661744,13.910547922094963
1728810663,2060,,Aggregated,1003.600000,0.000000,2,2,3,3,4,6,12,16,42,73,100,107695,0,2,2.715041696502714,0.7237499812617898,100.15549999661744,13.910487952086912
1728810664,2070,,Aggregated,1009.400000,0.000000,2,2,3,3,4,6,12,16,41,73,100,108744,0,2,2.724503074795403,0.7237499812617898,100.15549999661744,13.910385860369308
1728810665,2080,,Aggregated,1009.200000,0.000000,2,2,3,3,4,6,12,16,41,73,100,109817,0,2,2.7220354704468135,0.7237499812617898,100.15549999661744,13.91035996248304
1728810666,2090,,Aggregated,1016.700000,0.000000,2,2,3,3,4,6,12,16,41,71,100,110815,0,2,2.718894330430479,0.7237499812617898,100.15549999661744,13.91030095203718
1728810667,2100,,Aggregated,1023.700000,0.000000,2,2,3,3,4,7,13,17,42,71,100,111881,0,2,2.7410439519746848,0.7237499812617898,100.15549999661744,13.910377990901047
1728810668,2110,,Aggregated,1028.300000,0.000000,2,2,3,3,4,7,13,17,42,71,100,112923,0,2,2.7409558115242927,0.7237499812617898,100.15549999661744,13.910301710014789
1728810669,2120,,Aggregated,1026.700000,0.000000,2,2,3,3,4,7,12,16,41,71,100,113964,0,2,2.73983782363083,0.7237499812617898,100.15549999661744,13.910296233898425
1728810670,2130,,Aggregated,1032.300000,0.000000,2,2,3,3,4,7,12,16,41,71,100,115049,0,2,2.7362938799913294,0.7237499812617898,100.15549999661744,13.910281706055681
1728810671,2140,,Aggregated,1032.500000,0.000000,2,2,3,3,4,7,13,17,41,71,100,116059,0,2,2.741358907780948,0.7237499812617898,100.15549999661744,13.910183613506923
1728810672,2150,,Aggregated,1040.300000,0.000000,2,2,3,3,4,7,13,17,41,71,100,117197,0,2,2.7388548888729534,0.7237499812617898,100.15549999661744,13.910168349019173
1728810673,2160,,Aggregated,1044.200000,0.000000,2,2,3,3,4,7,12,16,41,71,100,118239,0,2,2.7356184182786043,0.7237499812617898,100.15549999661744,13.910131174993023
1728810674,2170,,Aggregated,1046.500000,0.000000,2,2,3,3,4,7,12,16,41,71,100,119356,0,2,2.7324037432819224,0.7237499812617898,100.15549999661744,13.910067361506753
1728810675,2180,,Aggregated,1054.400000,0.000000,2,2,3,3,4,7,13,17,41,70,100,120454,0,2,2.7448719125915946,0.7237499812617898,100.15549999661744,13.91009846082322
1728810676,2190,,Aggregated,1057.900000,0.000000,2,2,3,3,4,7,13,17,41,70,100,121555,0,2,2.7404555528959893,0.7237499812617898,100.15549999661744,13.910081855949981
1728810677,2200,,Aggregated,1062.100000,0.000000,2,2,3,3,4,7,13,17,41,70,100,122680,0,2,2.736419612422381,0.7237499812617898,100.15549999661744,13.910034235409194
1728810678,2210,,Aggregated,1068.800000,0.000000,2,2,3,3,4,6,12,17,41,70,100,123775,0,2,2.7314996509836287,0.7237499812617898,100.15549999661744,13.910103009493032
1728810679,2220,,Aggregated,1079.500000,0.000000,2,2,3,3,4,7,13,17,41,70,100,124873,0,2,2.7427560622248732,0.7237499812617898,100.15549999661744,13.91002858904647
1728810680,2230,,Aggregated,1082.900000,0.000000,2,2,3,3,4,6,13,17,41,70,100,126008,0,2,2.737897266816255,0.7237499812617898,100.15549999661744,13.910077137959494
1728810681,2240,,Aggregated,1085.700000,0.000000,2,2,3,3,4,6,13,17,41,70,100,127156,0,2,2.7346600794484957,0.7237499812617898,100.15549999661744,13.909976721507439
1728810682,2250,,Aggregated,1091.800000,0.000000,2,2,3,3,4,6,12,17,41,70,100,128250,0,2,2.7305175510442092,0.7237499812617898,100.15549999661744,13.910035087719299
1728810683,2260,,Aggregated,1101.400000,0.000000,2,2,3,3,4,6,13,17,41,70,100,129407,0,2,2.7353600096612647,0.7237499812617898,100.15549999661744,13.90999714080382
1728810684,2270,,Aggregated,1106.800000,0.000000,2,2,3,3,4,6,12,17,41,64,100,130523,0,2,2.7319014223854547,0.7237499812617898,100.15549999661744,13.91005416669859
1728810685,2280,,Aggregated,1109.900000,0.000000,2,2,3,3,4,6,12,17,41,64,100,131644,0,2,2.729898951391134,0.7237499812617898,100.15549999661744,13.910068062349975
1728810686,2290,,Aggregated,1116.800000,0.000000,2,2,3,3,4,6,12,17,41,64,100,132798,0,2,2.7293664074086967,0.7237499812617898,100.15549999661744,13.91008147713068
1728810687,2300,,Aggregated,1122.400000,0.000000,2,2,3,3,4,6,13,17,41,64,100,133937,0,2,2.743331534183258,0.7237499812617898,100.15549999661744,13.910159253977616
1728810688,2310,,Aggregated,1123.000000,0.000000,2,2,3,3,4,6,13,17,41,64,100,135077,0,2,2.7401005897310706,0.7237499812617898,100.15549999661744,13.910140142289213
1728810689,2320,,Aggregated,1126.800000,0.000000,2,2,3,3,4,6,12,17,41,64,100,136274,0,2,2.737371801976635,0.7237499812617898,100.15549999661744,13.91012959185171
1728810690,2330,,Aggregated,1129.800000,0.000000,2,2,3,3,4,6,12,17,41,64,100,137382,0,2,2.7338200305574634,0.6749590393155813,100.15549999661744,13.910155624463176
1728810691,2340,,Aggregated,1138.900000,0.000000,2,2,3,3,4,6,13,17,42,64,100,138641,0,2,2.751369841605374,0.6749590393155813,100.15549999661744,13.91026464033006
1728810692,2350,,Aggregated,1143.200000,0.000000,2,2,3,3,4,6,13,17,42,64,100,139853,0,2,2.7495442126352234,0.6749590393155813,100.15549999661744,13.910327272207246
1728810693,2360,,Aggregated,1143.300000,0.000000,2,2,3,3,4,7,13,17,42,63,100,140955,0,2,2.758462241805732,0.6749590393155813,100.15549999661744,13.910255045936646
1728810694,2370,,Aggregated,1149.500000,0.000000,2,2,3,3,4,7,14,20,61,92,120,142198,0,2,2.8949555684721986,0.6749590393155813,117.02929204329848,13.910258934724821
1728810695,2380,,Aggregated,1154.800000,0.000000,2,2,3,3,4,7,14,20,61,92,120,143378,0,2,2.8919332643092672,0.6749590393155813,117.02929204329848,13.910341893456458
1728810696,2390,,Aggregated,1160.600000,0.000000,2,2,3,3,4,7,14,20,61,92,120,144572,0,2,2.8935394217946375,0.6749590393155813,117.02929204329848,13.91026616495587
1728810697,2400,,Aggregated,1160.100000,0.000000,2,2,3,3,4,7,14,20,61,92,120,145754,0,2,2.889515140474669,0.6749590393155813,117.02929204329848,13.910300917985099
1728810698,2410,,Aggregated,1169.700000,0.000000,2,2,3,3,4,7,14,23,75,100,120,146956,0,2,3.000147062692373,0.6749590393155813,121.40391708817333,13.910306486295218
1728810699,2420,,Aggregated,1176.400000,0.000000,2,2,3,3,4,7,14,22,75,100,120,148171,0,2,2.9957009091762026,0.6749590393155813,121.40391708817333,13.910265841493949
1728810700,2430,,Aggregated,1179.900000,0.000000,2,2,3,3,4,7,14,22,75,100,120,149343,0,2,2.991454456408883,0.6749590393155813,121.40391708817333,13.910166529398767
1728810701,2440,,Aggregated,1186.400000,0.000000,2,2,3,3,4,7,14,22,75,100,120,150570,0,2,2.988404305253295,0.6749590393155813,121.40391708817333,13.91012153815501
1728810702,2450,,Aggregated,1186.100000,0.000000,2,2,3,3,4,7,14,23,75,100,120,151893,0,2,3.017331015632752,0.6749590393155813,121.40391708817333,13.91013410756256
1728810703,2460,,Aggregated,1193.000000,0.000000,2,2,3,3,4,7,14,23,75,100,120,153121,0,2,3.0132039239078723,0.6749590393155813,121.40391708817333,13.910129897270785
1728810704,2470,,Aggregated,1197.000000,0.000000,2,2,3,3,4,7,14,23,75,100,120,154360,0,2,3.009194765439148,0.6749590393155813,121.40391708817333,13.910073853329878
1728810705,2480,,Aggregated,1204.900000,0.000000,2,2,3,3,4,7,14,23,75,100,120,155618,0,2,3.0212495305047846,0.6749590393155813,121.40391708817333,13.910061818041616
1728810706,2490,,Aggregated,1209.200000,0.000000,2,2,3,3,4,7,14,23,74,100,120,156854,0,2,3.0179182574213357,0.6749590393155813,121.40391708817333,13.910069236359927
1728810707,2500,,Aggregated,1218.400000,0.000000,2,2,3,3,4,7,15,24,74,100,120,158127,0,2,3.03120047430142,0.6749590393155813,121.40391708817333,13.90999639530251
1728810708,2510,,Aggregated,1224.000000,0.000000,2,2,3,3,4,7,15,24,74,100,120,159356,0,2,3.0442894097770203,0.6749590393155813,121.40391708817333,13.910144581942317
1728810709,2520,,Aggregated,1224.900000,0.000000,2,2,3,3,4,7,15,25,74,100,120,160673,0,2,3.0730808264121827,0.6749590393155813,121.40391708817333,13.910121800178
1728810710,2530,,Aggregated,1232.100000,0.000000,2,2,3,3,4,7,15,25,74,100,120,161929,0,2,3.0690664739239737,0.6749590393155813,121.40391708817333,13.91022608674172
1728810711,2540,,Aggregated,1238.300000,0.000000,2,2,3,3,4,7,15,25,74,100,120,163183,0,2,3.065299391005837,0.6749590393155813,121.40391708817333,13.910211235238965
1728810712,2550,,Aggregated,1249.500000,0.000000,2,2,3,3,4,7,15,25,74,100,120,164473,0,2,3.0752179490085503,0.6749590393155813,121.40391708817333,13.910295306828477
1728810713,2560,,Aggregated,1253.300000,0.000000,2,2,3,3,4,7,15,25,74,100,120,165764,0,2,3.069838447859657,0.6749590393155813,121.40391708817333,13.910300185806326
1728810714,2570,,Aggregated,1258.900000,0.000000,2,2,3,3,4,7,15,25,73,100,120,167045,0,2,3.066767309093339,0.6749590393155813,121.40391708817333,13.910299619862911
1728810715,2580,,Aggregated,1261.900000,0.000000,2,2,3,3,4,7,15,25,73,100,120,168372,0,2,3.0644876456862367,0.6749590393155813,121.40391708817333,13.910329508469342
1728810716,2590,,Aggregated,1266.800000,0.000000,2,2,3,3,4,7,16,26,73,100,120,169656,0,2,3.1065155089920213,0.6749590393155813,121.40391708817333,13.910324421181686
1728810717,2600,,Aggregated,1271.800000,0.000000,2,2,3,3,4,7,16,26,73,100,120,170982,0,2,3.1024285113330015,0.6749590393155813,121.40391708817333,13.910376530862898
1728810718,2610,,Aggregated,1275.300000,0.000000,2,2,3,3,4,7,16,26,73,100,120,172267,0,2,3.0990360682242812,0.6749590393155813,121.40391708817333,13.910377495399583
1728810719,2620,,Aggregated,1283.100000,0.000000,2,2,3,3,4,7,16,26,73,100,120,173586,0,2,3.099098966160673,0.6749590393155813,121.40391708817333,13.910372956344405
1728810720,2630,,Aggregated,1289.500000,0.000000,2,2,3,3,4,8,16,27,73,100,120,174924,0,2,3.123696795393302,0.6749590393155813,121.40391708817333,13.910286753104206
1728810721,2640,,Aggregated,1291.100000,0.000000,2,2,3,3,4,8,16,27,73,100,120,176250,0,2,3.1225433020978004,0.6749590393155813,121.40391708817333,13.910286524822695
1728810722,2650,,Aggregated,1297.100000,0.000000,2,2,3,3,4,7,16,27,73,100,120,177574,0,2,3.1171112739835176,0.6749590393155813,121.40391708817333,13.910245869327717
1728810723,2660,,Aggregated,1299.100000,0.000000,2,2,3,3,5,8,16,28,73,100,120,178893,0,2,3.1615582493696306,0.6749590393155813,121.40391708817333,13.910365413962536
1728810724,2670,,Aggregated,1307.200000,0.000000,2,2,3,3,5,8,16,28,73,100,120,180241,0,2,3.1591561803902946,0.6749590393155813,121.40391708817333,13.910525352167376
1728810725,2680,,Aggregated,1311.300000,0.000000,2,2,3,3,5,8,16,28,73,100,120,181564,0,2,3.158021201333535,0.6749590393155813,121.40391708817333,13.910593509726597
1728810726,2690,,Aggregated,1314.200000,0.000000,2,2,3,3,5,8,16,28,73,100,120,182943,0,2,3.1551395511584612,0.6749590393155813,121.40391708817333,13.910644299043964
1728810727,2700,,Aggregated,1319.400000,0.000000,2,2,3,3,5,8,17,28,73,100,120,184258,0,2,3.166055788812901,0.6749590393155813,121.40391708817333,13.910674163401318
1728810728,2710,,Aggregated,1320.200000,0.000000,2,2,3,3,5,8,16,28,73,100,120,185640,0,2,3.16156292699875,0.6749590393155813,121.40391708817333,13.910531135531135
1728810729,2720,,Aggregated,1326.200000,0.000000,2,2,3,3,5,8,16,28,73,100,120,186983,0,2,3.164114077623729,0.6749590393155813,121.40391708817333,13.910462448457881
1728810730,2730,,Aggregated,1329.400000,0.000000,2,2,3,3,5,8,17,29,73,100,120,188364,0,2,3.1970076585832774,0.6749590393155813,121.40391708817333,13.910518995137075
1728810731,2740,,Aggregated,1335.600000,0.000000,2,2,3,3,5,8,17,29,73,100,120,189744,0,2,3.1964761475028665,0.6749590393155813,121.40391708817333,13.910500463782782
1728810732,2750,,Aggregated,1339.000000,0.000000,2,2,3,3,5,8,17,29,73,100,120,191088,0,2,3.1914860102590685,0.6749590393155813,121.40391708817333,13.910433936196936
1728810733,2760,,Aggregated,1348.500000,0.000000,2,2,3,3,5,8,17,29,73,100,120,192507,0,2,3.193000491071351,0.6749590393155813,121.40391708817333,13.910507150389336
1728810734,2770,,Aggregated,1348.800000,0.000000,2,2,3,3,5,8,17,29,73,100,120,193924,0,2,3.2111353164573644,0.6749590393155813,121.40391708817333,13.91056290093026
1728810735,2780,,Aggregated,1359.400000,0.000000,2,2,3,3,5,8,17,29,73,100,120,195302,0,2,3.2073171030136183,0.6749590393155813,121.40391708817333,13.910538550552477
1728810736,2790,,Aggregated,1359.000000,0.000000,2,2,3,3,5,8,17,29,73,100,120,196681,0,2,3.202699909623443,0.6749590393155813,121.40391708817333,13.910626852619217
1728810737,2800,,Aggregated,1365.600000,0.000000,2,2,3,3,5,8,18,30,73,100,120,198140,0,2,3.250733185237774,0.6749590393155813,121.40391708817333,13.910598566670032
1728810738,2810,,Aggregated,1377.800000,0.000000,2,2,3,3,5,8,18,30,73,100,120,199530,0,2,3.246209630051867,0.6749590393155813,121.40391708817333,13.91051972134516
1728810739,2820,,Aggregated,1379.300000,0.000000,2,2,3,3,5,8,18,30,73,100,120,200913,0,2,3.2410693387597336,0.6749590393155813,121.40391708817333,13.910443823943696
1728810740,2830,,Aggregated,1380.500000,0.000000,2,3,3,3,5,8,18,30,73,100,120,202327,0,2,3.2432086910257234,0.6749590393155813,121.40391708817333,13.910530972139162
1728810741,2840,,Aggregated,1390.100000,0.000000,2,3,3,3,5,8,19,32,75,100,120,203773,0,2,3.3029766091375707,0.6749590393155813,121.40391708817333,13.910527891330059
1728810742,2850,,Aggregated,1395.100000,0.000000,2,3,3,3,5,8,18,32,75,100,120,205180,0,2,3.299480553314193,0.6749590393155813,121.40391708817333,13.910624817233648
1728810743,2860,,Aggregated,1397.000000,0.000000,2,3,3,3,5,8,18,32,75,100,120,206629,0,2,3.298023413048905,0.6749590393155813,121.40391708817333,13.91053046764975
1728810744,2870,,Aggregated,1400.000000,0.000000,2,3,3,3,5,8,19,33,75,100,120,208031,0,2,3.334276614598772,0.6749590393155813,121.40391708817333,13.910604669496372
1728810745,2880,,Aggregated,1402.100000,0.000000,2,3,3,3,5,8,19,33,75,100,120,209473,0,2,3.330411133980837,0.6749590393155813,121.40391708817333,13.910513526802976
1728810746,2890,,Aggregated,1414.200000,0.000000,2,3,3,3,5,8,19,33,75,100,120,210937,0,2,3.3262246895770566,0.6749590393155813,121.40391708817333,13.910518306413763
1728810747,2900,,Aggregated,1415.000000,0.000000,2,3,3,3,5,8,19,33,75,100,120,212367,0,2,3.3244603047536434,0.6749590393155813,121.40391708817333,13.910499277194667
1728810748,2910,,Aggregated,1414.600000,0.000000,2,3,3,3,5,9,20,35,77,100,120,213849,0,2,3.3840085039410592,0.6749590393155813,121.40391708817333,13.910530327474058
1728810749,2920,,Aggregated,1422.700000,0.000000,2,3,3,3,5,9,20,34,77,100,120,215293,0,2,3.3797477518885315,0.6749590393155813,121.40391708817333,13.91066592968652
1728810750,2930,,Aggregated,1431.500000,0.000000,2,3,3,3,5,9,20,34,77,100,120,216776,0,2,3.3820503124780057,0.6749590393155813,121.40391708817333,13.91066354208953
1728810751,2940,,Aggregated,1432.800000,0.000000,2,3,3,3,5,9,20,37,80,100,120,218248,0,2,3.439750541162285,0.6749590393155813,121.40391708817333,13.910725413291301
1728810752,2950,,Aggregated,1435.800000,0.000000,2,3,3,3,5,9,20,36,80,100,120,219675,0,2,3.4365986335813394,0.6749590393155813,121.40391708817333,13.910777284625015
1728810753,2960,,Aggregated,1444.600000,0.000000,2,3,3,3,5,9,20,36,79,100,120,221182,0,2,3.433836868132568,0.6749590393155813,121.40391708817333,13.91072510421282
1728810754,2970,,Aggregated,1450.400000,0.000000,2,3,3,3,5,9,20,36,79,100,120,222633,0,2,3.4296094485523985,0.6749590393155813,121.40391708817333,13.910696078299264
1728810755,2980,,Aggregated,1457.200000,0.000000,2,3,3,3,5,9,21,39,84,100,130,224252,0,2,3.502462675902111,0.6749590393155813,126.5715000918135,13.910663004120364
1728810756,2990,,Aggregated,1458.100000,0.000000,2,3,3,3,5,9,21,38,84,100,130,225700,0,2,3.498186670325958,0.6749590393155813,126.5715000918135,13.910673460345592
1728810757,3000,,Aggregated,1462.600000,0.000000,2,3,3,3,5,9,22,40,84,100,130,227028,0,2,3.5407933519535097,0.6749590393155813,126.5715000918135,13.910746692037986
1728810758,3010,,Aggregated,1467.300000,0.000000,2,3,3,3,5,9,24,43,88,130,220,228675,0,2,3.6402905850343483,0.6749590393155813,218.23958295863122,13.910724827812398
1728810759,3020,,Aggregated,1471.500000,0.000000,2,3,3,3,5,9,24,42,88,130,220,230205,0,2,3.6419110117975424,0.6749590393155813,218.23958295863122,13.910662235833279
1728810760,3030,,Aggregated,1476.200000,0.000000,2,3,3,3,5,9,24,42,89,130,220,231557,0,2,3.6418038048386263,0.6749590393155813,218.23958295863122,13.910652668673372
1728810761,3040,,Aggregated,1479.200000,0.000000,2,3,3,3,5,10,25,45,91,130,220,233259,0,2,3.7319406937265063,0.6749590393155813,218.23958295863122,13.91062724267874
1728810762,3050,,Aggregated,1483.600000,0.000000,2,3,3,3,5,10,25,44,91,130,220,234758,0,2,3.7275915312909476,0.6749590393155813,218.23958295863122,13.91066545123063
1728810763,3060,,Aggregated,1488.600000,0.000000,2,3,3,3,5,10,25,44,91,130,220,236268,0,2,3.723163996918847,0.6749590393155813,218.23958295863122,13.910728494760187
1728810764,3070,,Aggregated,1493.200000,0.000000,2,3,3,3,5,10,26,46,92,130,220,237838,0,2,3.7844087487660167,0.6749590393155813,218.23958295863122,13.910733356318167
1728810765,3080,,Aggregated,1497.000000,0.000000,2,3,3,3,5,10,26,46,91,130,220,239372,0,2,3.78076451966923,0.6749590393155813,218.23958295863122,13.9107414401016
1728810766,3090,,Aggregated,1505.400000,0.000000,2,3,3,3,5,10,26,45,91,130,220,240933,0,2,3.7757823116777343,0.6749590393155813,218.23958295863122,13.910688863708998
1728810767,3100,,Aggregated,1514.000000,0.000000,2,3,3,3,5,10,27,47,92,130,220,242505,0,2,3.8363126380704258,0.6749590393155813,218.23958295863122,13.910628646832023
1728810768,3110,,Aggregated,1516.800000,0.000000,2,3,3,3,5,10,27,47,92,130,220,244022,0,2,3.8329393307063837,0.6749590393155813,218.23958295863122,13.910590028767897
1728810769,3120,,Aggregated,1522.000000,0.000000,2,3,3,3,5,10,27,47,92,130,220,245637,0,2,3.8312820100832448,0.6749590393155813,218.23958295863122,13.91062014273094
1728810770,3130,,Aggregated,1530.700000,0.000000,2,3,3,4,5,10,28,49,93,130,220,247209,0,2,3.900197730894792,0.6749590393155813,218.23958295863122,13.910601960284618
1728810771,3140,,Aggregated,1535.300000,0.000000,2,3,3,4,5,10,28,49,93,130,220,248809,0,2,3.8947162543129297,0.6749590393155813,218.23958295863122,13.910646319064021
1728810772,3150,,Aggregated,1546.800000,0.000000,2,3,3,4,5,10,28,48,93,130,220,250338,0,2,3.8893022929871535,0.6749590393155813,218.23958295863122,13.910660786616495
1728810773,3160,,Aggregated,1548.200000,0.000000,2,3,3,4,5,11,29,50,98,130,220,251758,0,2,3.945612190928893,0.6749590393155813,218.23958295863122,13.910723790306564
1728810774,3170,,Aggregated,1555.200000,0.000000,2,3,3,4,5,11,31,54,110,150,220,253508,0,2,4.092820304318859,0.6749590393155813,218.23958295863122,13.910649762532149
1728810775,3180,,Aggregated,1559.400000,0.000000,2,3,3,4,5,11,33,56,110,150,220,255099,0,2,4.1740116414163815,0.6749590393155813,218.23958295863122,13.91056021387775
1728810776,3190,,Aggregated,1565.100000,0.000000,2,3,3,4,6,12,35,58,110,150,220,256678,0,2,4.260315517921719,0.6749590393155813,218.23958295863122,13.91054550838015
1728810777,3200,,Aggregated,1563.700000,0.000000,2,3,3,4,6,12,35,58,110,150,220,258274,0,2,4.254850317338541,0.6749590393155813,218.23958295863122,13.910490409410162
1728810778,3210,,Aggregated,1574.300000,0.000000,2,3,3,4,6,12,34,58,110,150,220,259893,0,2,4.248662175478764,0.6749590393155813,218.23958295863122,13.910443913456692
1728810779,3220,,Aggregated,1578.700000,0.000000,2,3,3,4,6,12,37,61,120,150,220,261525,0,2,4.356392122744223,0.6749590393155813,218.23958295863122,13.910471274256762
1728810780,3230,,Aggregated,1581.500000,0.000000,2,3,3,4,6,12,37,61,120,150,220,263101,0,2,4.35130849409065,0.6749590393155813,218.23958295863122,13.910479245612901
1728810781,3240,,Aggregated,1575.100000,0.000000,2,3,3,4,6,12,36,61,110,150,220,264720,0,2,4.344377111284684,0.6749590393155813,218.23958295863122,13.910501662133575
1728810782,3250,,Aggregated,1589.000000,0.000000,2,3,3,4,6,12,39,63,120,150,220,266344,0,2,4.445591781789874,0.6749590393155813,218.23958295863122,13.910510467665876
1728810783,3260,,Aggregated,1590.000000,0.000000,2,3,3,4,6,12,38,63,120,150,220,268008,0,2,4.4458749098436385,0.6749590393155813,218.23958295863122,13.910547446344886
1728810784,3270,,Aggregated,1580.500000,0.000000,2,3,3,4,6,12,38,63,120,150,220,269620,0,2,4.438462760578803,0.6749590393155813,218.23958295863122,13.910518507529115
1728810785,3280,,Aggregated,1600.300000,0.000000,2,3,3,4,6,13,40,64,120,150,220,271271,0,2,4.504275713425363,0.6749590393155813,218.23958295863122,13.910532272155889
1728810786,3290,,Aggregated,1605.300000,0.000000,2,3,3,4,6,12,40,64,120,150,220,272893,0,2,4.4989020536533895,0.6749590393155813,218.23958295863122,13.91060232398779
1728810787,3300,,Aggregated,1603.000000,0.000000,2,3,3,4,6,12,39,64,120,150,220,274557,0,2,4.493322594395954,0.6749590393155813,218.23958295863122,13.910550450361855
1728810788,3310,,Aggregated,1617.300000,0.000000,2,3,3,4,6,13,42,67,120,150,220,276214,0,2,4.598320751335713,0.6749590393155813,218.23958295863122,13.910482452011847
1728810789,3320,,Aggregated,1623.400000,0.000000,2,3,3,4,6,13,42,67,120,150,220,277876,0,2,4.593005639814697,0.6749590393155813,218.23958295863122,13.910413277864947
1728810790,3330,,Aggregated,1615.200000,0.000000,2,3,3,4,6,13,41,66,120,150,220,279523,0,2,4.589316028337465,0.6749590393155813,218.23958295863122,13.910461750911374
1728810791,3340,,Aggregated,1644.700000,0.000000,2,3,3,4,6,13,44,69,120,150,220,281195,0,2,4.713063259200854,0.6749590393155813,218.23958295863122,13.910489162325076
1728810792,3350,,Aggregated,1631.400000,0.000000,2,3,3,4,6,13,44,69,120,150,220,282837,0,2,4.705633262985894,0.6749590393155813,218.23958295863122,13.91044665301923
1728810793,3360,,Aggregated,1626.500000,0.000000,2,3,3,4,6,13,43,69,120,150,220,284518,0,2,4.702165214711728,0.6749590393155813,218.23958295863122,13.91043097449019
1728810794,3370,,Aggregated,1661.000000,0.000000,2,3,3,4,6,14,45,70,120,150,220,286190,0,2,4.779446574787664,0.6749590393155813,218.23958295863122,13.910461581466858
1728810795,3380,,Aggregated,1652.400000,0.000000,2,3,3,4,6,14,45,70,120,150,220,287883,0,2,4.775287635506901,0.6749590393155813,218.23958295863122,13.910470573114772
1728810796,3390,,Aggregated,1648.200000,0.000000,2,3,3,4,6,14,45,70,120,150,220,289566,0,2,4.772793025909422,0.6749590393155813,218.23958295863122,13.910452193973049
1728810797,3400,,Aggregated,1671.000000,0.000000,2,3,3,4,6,14,48,74,120,160,220,291285,0,2,4.938197073725616,0.6749590393155813,218.23958295863122,13.910400466896682
1728810798,3410,,Aggregated,1666.300000,0.000000,2,3,3,4,6,14,48,74,120,160,220,292988,0,2,4.931593237942674,0.6749590393155813,218.23958295863122,13.910334211640068
1728810799,3420,,Aggregated,1648.800000,0.000000,2,3,3,4,6,14,47,74,120,160,220,294659,0,2,4.923854359553931,0.6749590393155813,218.23958295863122,13.91031327738165
1728810800,3430,,Aggregated,1683.400000,0.000000,2,3,3,4,6,15,50,77,130,160,250,296410,0,2,5.0852744658862346,0.6749590393155813,245.3544579911977,13.91037751762761
1728810801,3440,,Aggregated,1673.900000,0.000000,2,3,3,4,7,15,50,77,130,160,250,298062,0,2,5.0811486156424674,0.6749590393155813,245.3544579911977,13.910287121471372
1728810802,3450,,Aggregated,1677.200000,0.000000,2,3,3,4,7,15,52,79,130,170,250,299662,0,2,5.166833384331502,0.6749590393155813,245.3544579911977,13.910305610988381
1728810803,3460,,Aggregated,1702.400000,0.000000,2,3,3,4,7,16,53,80,130,170,250,301516,0,2,5.258227707456653,0.6749590393155813,245.3544579911977,13.910306584061875
1728810804,3470,,Aggregated,1686.900000,0.000000,2,3,3,4,7,16,53,79,130,170,250,303211,0,2,5.251736464731443,0.6749590393155813,245.3544579911977,13.910303386090874
1728810805,3480,,Aggregated,1697.200000,0.000000,2,3,3,4,7,17,56,82,130,170,250,304976,0,2,5.405272395398469,0.6749590393155813,245.3544579911977,13.9103634384345
1728810806,3490,,Aggregated,1705.100000,0.000000,2,3,3,4,7,17,56,82,130,170,250,306665,0,2,5.407780574626714,0.6749590393155813,245.3544579911977,13.910381034679537
1728810807,3500,,Aggregated,1682.000000,0.000000,2,3,3,4,7,17,56,82,130,170,250,308258,0,2,5.428104403839898,0.6749590393155813,245.3544579911977,13.910396486060378
1728810808,3510,,Aggregated,1707.000000,0.000000,2,3,3,4,7,18,57,83,130,170,250,310192,0,2,5.485445400563213,0.6749590393155813,245.3544579911977,13.91042966936607
1728810809,3520,,Aggregated,1730.800000,0.000000,2,3,4,4,7,18,57,83,130,170,250,311940,0,2,5.477867627179555,0.6749590393155813,245.3544579911977,13.910534077066103
1728810810,3530,,Aggregated,1714.500000,0.000000,2,3,4,4,7,19,60,85,140,170,250,313622,0,2,5.6371526819254285,0.6749590393155813,245.3544579911977,13.910577064109024
1728810811,3540,,Aggregated,1722.700000,0.000000,2,3,4,4,7,19,59,85,140,170,250,315443,0,2,5.646005541422525,0.6749590393155813,245.3544579911977,13.910595575111827
1728810812,3550,,Aggregated,1732.500000,0.000000,2,3,4,4,7,19,59,85,140,170,250,317239,0,2,5.6366244837321675,0.6749590393155813,245.3544579911977,13.910575307575677
1728810813,3560,,Aggregated,1733.400000,0.000000,2,3,4,4,7,20,60,86,140,170,250,318980,0,2,5.7258916568164535,0.6749590393155813,245.3544579911977,13.91056492570067
1728810814,3570,,Aggregated,1738.800000,0.000000,2,3,4,4,7,19,60,85,140,170,250,320789,0,2,5.71752201015864,0.6749590393155813,245.3544579911977,13.910614142006116
1728810815,3580,,Aggregated,1729.500000,0.000000,2,3,4,4,7,19,60,85,140,170,250,322586,0,2,5.707655179005003,0.6749590393155813,245.3544579911977,13.910625383618632
1728810816,3590,,Aggregated,1746.100000,0.000000,2,3,4,4,8,20,62,87,140,180,250,324377,0,2,5.816184754937672,0.6749590393155813,247.36241600476205,13.910622516392962
1728810817,3600,,Aggregated,1774.200000,0.000000,2,3,4,4,8,20,62,87,140,180,250,326112,0,2,5.806012697410798,0.6749590393155813,247.36241600476205,13.910622730840938
1728810818,3610,,Aggregated,1753.300000,0.000000,2,3,4,4,8,20,61,87,140,180,250,327677,0,2,5.803997941204408,0.6749590393155813,247.36241600476205,13.910600988168227
1728810819,3620,,Aggregated,1763.500000,0.000000,2,3,4,4,8,21,63,88,140,180,250,329739,0,2,5.88312513649106,0.6749590393155813,247.36241600476205,13.910592923494036
1728810820,3630,,Aggregated,1772.100000,0.000000,2,3,4,4,8,21,63,87,140,180,250,331530,0,2,5.870269790255941,0.6749590393155813,247.36241600476205,13.910599342442614
1728810821,3640,,Aggregated,1775.100000,0.000000,2,3,4,4,8,22,65,89,140,180,250,333230,0,2,5.9931158224514585,0.6749590393155813,247.36241600476205,13.91060228670888
1728810822,3650,,Aggregated,1781.200000,0.000000,2,3,4,4,8,22,65,89,140,180,250,335155,0,2,6.025447169967933,0.6749590393155813,247.36241600476205,13.910638361355193
1728810823,3660,,Aggregated,1779.700000,0.000000,2,3,4,4,8,22,65,89,140,180,250,337013,0,2,6.017441748089977,0.6749590393155813,247.36241600476205,13.910638462017786
1728810824,3670,,Aggregated,1792.500000,0.000000,2,3,4,4,8,24,68,92,140,180,250,338823,0,2,6.1882180143485,0.6749590393155813,247.36241600476205,13.91064361038064
1728810825,3680,,Aggregated,1803.200000,0.000000,2,3,4,4,8,24,68,91,140,180,250,340606,0,2,6.177856607351808,0.6749590393155813,247.36241600476205,13.910635749223443
1728810826,3690,,Aggregated,1784.500000,0.000000,2,3,4,4,8,25,70,94,150,190,250,342383,0,2,6.332673604891712,0.6749590393155813,247.36241600476205,13.910632245175725
1728810827,3700,,Aggregated,1804.700000,0.000000,2,3,4,4,9,25,70,94,150,190,250,344281,0,2,6.342423453950594,0.6749590393155813,247.36241600476205,13.910654378254971
1728810828,3710,,Aggregated,1811.900000,0.000000,2,3,4,4,9,27,71,94,150,190,250,345944,0,2,6.435283584050457,0.6749590393155813,247.36241600476205,13.910716763406795
1728810829,3720,,Aggregated,1813.700000,0.000000,2,3,4,4,9,28,72,96,150,190,250,348015,0,2,6.5393340282521955,0.6749590393155813,247.36241600476205,13.91070212490841
1728810830,3730,,Aggregated,1814.200000,0.000000,2,3,4,4,9,27,72,95,150,190,250,349859,0,2,6.53505944491541,0.6749590393155813,247.36241600476205,13.910732609422654
1728810831,3740,,Aggregated,1820.700000,0.000000,2,3,4,5,9,30,75,99,180,240,260,351585,0,2,6.843386087229273,0.6749590393155813,262.32054200954735,13.910727135685539
1728810832,3750,,Aggregated,1820.800000,0.000000,2,3,4,5,10,31,76,100,180,250,260,353526,0,2,6.920114883327846,0.6749590393155813,262.32054200954735,13.910705294660081
1728810833,3760,,Aggregated,1837.500000,0.000000,2,3,4,5,10,33,78,100,180,250,260,355392,0,2,7.08034112543171,0.6749590393155813,262.32054200954735,13.910754884746984
1728810834,3770,,Aggregated,1841.500000,0.000000,2,3,4,5,10,33,78,100,180,250,260,357260,0,2,7.096558049108482,0.6749590393155813,262.32054200954735,13.910742876336561
1728810835,3780,,Aggregated,1814.500000,0.000000,2,3,4,5,10,35,80,100,180,250,260,359096,0,2,7.294466266423232,0.6749590393155813,262.32054200954735,13.910711898768017
1728810836,3790,,Aggregated,1855.200000,0.000000,2,3,4,5,10,35,80,100,180,240,260,361027,0,2,7.290226159216316,0.6749590393155813,262.32054200954735,13.910718588914403
1728810837,3800,,Aggregated,1847.300000,0.000000,2,3,4,5,10,35,80,100,180,240,260,362630,0,2,7.299437636679273,0.6749590393155813,262.32054200954735,13.910815431707249
1728810838,3810,,Aggregated,1853.300000,0.000000,2,3,4,5,11,37,82,110,190,250,260,364779,0,2,7.52971022315365,0.6749590393155813,262.32054200954735,13.910800786229471
1728810839,3820,,Aggregated,1857.600000,0.000000,2,3,4,5,11,37,82,110,190,250,260,366582,0,2,7.520249231076891,0.6749590393155813,262.32054200954735,13.910822135293058
1728810840,3830,,Aggregated,1850.100000,0.000000,2,3,4,5,11,41,86,110,210,250,270,368692,0,2,7.882141762455608,0.6749590393155813,269.97495791874826,13.910814446746878
1728810841,3840,,Aggregated,1861.000000,0.000000,2,3,4,5,12,42,88,110,210,250,270,370477,0,2,8.014705658927648,0.6749590393155813,269.97495791874826,13.910798781030941
1728810842,3850,,Aggregated,1844.300000,0.000000,2,3,4,5,12,42,87,110,210,250,270,372435,0,2,8.016909828484772,0.6749590393155813,269.97495791874826,13.910800542376522
1728810843,3860,,Aggregated,1867.600000,0.000000,2,3,4,5,12,42,87,110,200,250,270,374387,0,2,8.010980000667285,0.6749590393155813,269.97495791874826,13.910819553029352
1728810844,3870,,Aggregated,1865.500000,0.000000,2,3,4,5,12,45,90,120,210,250,270,376296,0,2,8.283725900847289,0.6749590393155813,269.97495791874826,13.91085209515913
1728810845,3880,,Aggregated,1900.700000,0.000000,2,3,4,5,12,44,90,120,210,250,270,378179,0,2,8.268218164974625,0.6749590393155813,269.97495791874826,13.910891403277285
1728810846,3890,,Aggregated,1862.800000,0.000000,2,3,4,5,13,47,92,120,210,250,270,380118,0,2,8.55892258104329,0.6749590393155813,269.97495791874826,13.910867151779184
1728810847,3900,,Aggregated,1886.100000,0.000000,2,3,4,5,13,47,91,120,210,250,270,381975,0,2,8.553578953474593,0.6749590393155813,269.97495791874826,13.910855422475294
1728810848,3910,,Aggregated,1862.000000,0.000000,2,3,4,5,14,50,95,130,210,250,270,384122,0,2,8.89777428128065,0.6749590393155813,269.97495791874826,13.910801776518918
1728810849,3920,,Aggregated,1893.600000,0.000000,2,3,4,5,14,51,97,130,210,250,270,385852,0,2,9.032607157305439,0.6749590393155813,269.97495791874826,13.910854420866032
1728810850,3930,,Aggregated,1875.100000,0.000000,2,3,4,5,15,52,97,130,210,250,270,387878,0,2,9.13218394261839,0.6749590393155813,269.97495791874826,13.910876615843126
1728810851,3940,,Aggregated,1904.600000,0.000000,2,3,4,5,16,56,100,140,250,340,440,389566,0,2,9.76314801176286,0.6749590393155813,442.36395799089223,13.910880312963657
1728810852,3950,,Aggregated,1922.600000,0.000000,2,3,4,6,17,60,110,150,270,340,440,391597,0,2,10.196843682063784,0.6749590393155813,442.36395799089223,13.910880318286402
1728810853,3960,,Aggregated,1888.500000,0.000000,2,3,4,6,17,60,110,140,270,340,440,393595,0,2,10.236041482413015,0.6749590393155813,442.36395799089223,13.910898258362021
1728810854,3970,,Aggregated,1896.900000,0.000000,2,3,5,6,18,62,110,150,270,340,440,395409,0,2,10.447983585154107,0.6749590393155813,442.36395799089223,13.910889736955912
1728810855,3980,,Aggregated,1903.400000,0.000000,2,3,5,6,18,62,110,150,270,340,440,397479,0,2,10.501395236325111,0.6749590393155813,442.36395799089223,13.910933659388295
1728810856,3990,,Aggregated,1926.900000,0.000000,2,3,5,6,19,65,120,160,270,340,440,399308,0,2,10.860390284695276,0.6749590393155813,442.36395799089223,13.91097348412754
1728810857,4000,,Aggregated,1901.600000,0.000000,3,3,5,6,21,66,120,160,270,340,440,401113,0,3,11.032804295402991,0.6749590393155813,442.36395799089223,13.910925350213033
1728810858,4010,,Aggregated,1940.000000,0.000000,3,4,5,6,22,69,120,160,270,340,440,403316,0,3,11.406062856604748,0.6749590393155813,442.36395799089223,13.910863937954359
1728810859,4020,,Aggregated,1901.900000,0.000000,3,4,5,6,24,71,120,160,270,340,440,405224,0,3,11.716764284048066,0.6749590393155813,442.36395799089223,13.910873985746155
1728810860,4030,,Aggregated,1931.700000,0.000000,3,4,5,6,26,73,120,160,270,340,440,407162,0,3,11.927663205187086,0.6749590393155813,442.36395799089223,13.910861033200545
1728810861,4040,,Aggregated,1903.200000,0.000000,3,4,5,6,26,73,120,160,270,340,440,409256,0,3,11.920348209683214,0.6749590393155813,442.36395799089223,13.91085530816897
1728810862,4050,,Aggregated,1931.200000,0.000000,3,4,5,6,26,74,130,170,270,340,440,410952,0,3,12.086785967382905,0.6749590393155813,442.36395799089223,13.910853335669373
1728810863,4060,,Aggregated,1944.600000,0.000000,3,4,5,7,29,78,130,180,300,360,440,412767,0,3,12.763099845287643,0.6749590393155813,442.36395799089223,13.910828627288518
1728810864,4070,,Aggregated,1954.200000,0.000000,3,4,5,7,31,83,140,190,300,360,440,415109,0,3,13.396699048942818,0.6749590393155813,442.36395799089223,13.910835467310996
1728810865,4080,,Aggregated,1929.500000,0.000000,3,4,5,7,34,85,150,190,300,360,440,416964,0,3,13.745985565514674,0.6749590393155813,442.36395799089223,13.910874799742903
1728810866,4090,,Aggregated,1918.600000,0.000000,3,4,5,7,36,88,150,190,300,360,440,418802,0,3,14.043509282002121,0.6749590393155813,442.36395799089223,13.910807493756
1728810867,4100,,Aggregated,1931.000000,0.000000,3,4,5,7,39,91,150,190,300,360,440,420751,0,3,14.428593917611755,0.6749590393155813,442.36395799089223,13.910814234547274
1728810868,4110,,Aggregated,1948.900000,0.000000,3,4,5,8,41,93,150,190,300,360,440,422654,0,3,14.695390375922491,0.6749590393155813,442.36395799089223,13.91084196529549
1728810869,4120,,Aggregated,1941.100000,0.000000,3,4,5,8,43,94,150,190,300,360,440,424860,0,3,14.942532387245265,0.6749590393155813,442.36395799089223,13.91084121828367
1728810870,4130,,Aggregated,1958.900000,0.000000,3,4,6,8,45,98,160,200,320,370,440,426532,0,3,15.492193508400415,0.6749590393155813,442.36395799089223,13.910853113013795
1728810871,4140,,Aggregated,1941.600000,0.000000,3,4,6,9,49,100,170,210,330,390,510,428564,0,3,16.30529974711334,0.6749590393155813,507.5799999758601,13.910911789137678
1728810872,4150,,Aggregated,1950.300000,0.000000,3,4,6,9,50,100,170,210,330,390,510,430681,0,3,16.416544624139924,0.6749590393155813,507.5799999758601,13.910910859777887
1728810873,4160,,Aggregated,1929.400000,0.000000,3,4,6,9,52,110,170,220,330,390,510,432343,0,3,17.08781453224106,0.6749590393155813,507.5799999758601,13.910927203632301
1728810874,4170,,Aggregated,1939.300000,0.000000,3,4,6,9,56,110,180,230,400,480,530,434279,0,3,18.12374265341817,0.6749590393155813,533.3849170710891,13.910923622832327
1728810875,4180,,Aggregated,1940.900000,0.000000,3,4,6,10,59,120,190,240,400,480,530,436276,0,3,18.759577316226924,0.6749590393155813,533.3849170710891,13.910930236822562
1728810876,4190,,Aggregated,1928.300000,0.000000,3,4,6,10,60,120,190,240,400,480,530,438070,0,3,18.995080734635103,0.6749590393155813,533.3849170710891,13.9109229118634
1728810877,4200,,Aggregated,1952.700000,0.000000,3,4,6,11,63,120,200,250,410,490,540,439907,0,3,19.80045205133977,0.6749590393155813,538.3127080276608,13.910953906166531
1728810878,4210,,Aggregated,1926.600000,0.000000,3,4,7,11,67,130,210,270,430,490,560,441964,0,3,20.875204708814213,0.6749590393155813,564.2612500814721,13.910954285869437
1728810879,4220,,Aggregated,1921.100000,0.000000,3,4,7,12,69,130,210,270,430,490,560,444191,0,3,21.39376644387131,0.6749590393155813,564.2612500814721,13.910966228491798
1728810880,4230,,Aggregated,1905.300000,0.000000,3,4,7,12,71,130,210,270,430,490,560,446019,0,3,21.64834063721012,0.6749590393155813,564.2612500814721,13.910961192236206
1728810881,4240,,Aggregated,1926.900000,0.000000,3,4,7,13,73,140,220,280,430,490,560,447843,0,3,22.30063710643635,0.6749590393155813,564.2612500814721,13.910968799333695
1728810882,4250,,Aggregated,1940.200000,0.000000,3,4,7,13,77,150,230,290,430,490,560,449808,0,3,23.083756519327494,0.6749590393155813,564.2612500814721,13.91097312631167
1728810883,4260,,Aggregated,1942.300000,0.000000,3,4,7,14,79,150,230,290,430,490,560,451674,0,3,23.500550005242765,0.6749590393155813,564.2612500814721,13.910975615156064
1728810884,4270,,Aggregated,1914.900000,0.000000,3,4,8,15,82,150,230,290,430,490,560,453805,0,3,24.091276109413432,0.6749590393155813,564.2612500814721,13.910972774649904
1728810885,4280,,Aggregated,1946.600000,0.000000,3,4,8,16,86,160,240,290,430,490,560,455787,0,3,24.77418861311973,0.6749590393155813,564.2612500814721,13.91096279621841
1728810887,4290,,Aggregated,1961.900000,0.000000,3,5,8,17,90,160,240,300,430,500,560,457809,0,3,25.68702272966883,0.6749590393155813,564.2612500814721,13.910965053111669
1728810888,4300,,Aggregated,1918.500000,0.000000,3,5,8,18,93,170,250,310,460,510,590,459781,0,3,26.66093008061547,0.6749590393155813,590.3122089803219,13.910981532512217
1728810889,4310,,Aggregated,1951.200000,0.000000,3,5,9,19,97,170,270,320,470,560,630,462100,0,3,27.777746746453435,0.6749590393155813,628.6584170302376,13.910952174853927
1728810890,4320,,Aggregated,1961.400000,0.000000,3,5,9,20,100,180,270,330,470,560,640,464013,0,3,28.586449842574204,0.6749590393155813,637.1671250090003,13.910983097456322
1728810891,4330,,Aggregated,1958.300000,0.000000,3,5,10,22,100,180,280,340,470,560,640,465979,0,3,29.348415260991818,0.6749590393155813,637.1671250090003,13.910995989089637
1728810892,4340,,Aggregated,1914.500000,0.000000,3,5,10,23,110,190,280,340,470,560,640,467928,0,3,29.97744688175852,0.6749590393155813,637.1671250090003,13.911065377579456
1728810893,4350,,Aggregated,1930.900000,0.000000,3,5,10,25,110,190,280,340,470,560,640,469873,0,3,30.451815191944394,0.6749590393155813,637.1671250090003,13.911035535133962
1728810894,4360,,Aggregated,1943.700000,0.000000,3,5,11,26,110,190,280,340,470,560,640,471633,0,3,31.105810152463498,0.6749590393155813,637.1671250090003,13.911036759514284
1728810895,4370,,Aggregated,1925.500000,0.000000,3,5,11,28,120,200,290,360,480,580,710,473573,0,3,32.18479788615999,0.6749590393155813,705.0861660391092,13.91103377937509
1728810896,4380,,Aggregated,1932.400000,0.000000,3,5,12,30,120,200,300,360,480,580,710,475566,0,3,33.052157637014915,0.6749590393155813,705.0861660391092,13.911038636067339
1728810897,4390,,Aggregated,1938.900000,0.000000,3,5,12,32,120,210,300,360,480,580,710,477522,0,3,33.76575592261483,0.6749590393155813,705.0861660391092,13.911063783448721
1728810898,4400,,Aggregated,1955.600000,0.000000,3,5,13,34,130,220,310,370,480,580,710,479562,0,3,34.72240592338531,0.6749590393155813,705.0861660391092,13.911008378478694
1728810899,4410,,Aggregated,1928.400000,0.000000,3,5,14,36,130,220,320,380,480,580,710,481642,0,3,35.733723393387706,0.6749590393155813,705.0861660391092,13.911008591443437
1728810900,4420,,Aggregated,1936.200000,0.000000,3,5,14,38,140,220,320,380,480,580,710,483480,0,3,36.376754038521625,0.6749590393155813,705.0861660391092,13.91098701083809
1728810901,4430,,Aggregated,1951.900000,0.000000,3,5,15,40,140,230,320,380,480,580,710,485565,0,3,37.281415451742035,0.6749590393155813,705.0861660391092,13.910977932923501
1728810902,4440,,Aggregated,1959.000000,0.000000,3,6,16,43,150,230,330,380,480,580,710,487624,0,3,38.118285641773134,0.6749590393155813,705.0861660391092,13.910978540842944
1728810903,4450,,Aggregated,1960.900000,0.000000,3,6,17,45,150,240,340,390,500,600,710,489732,0,3,39.0641971855552,0.6749590393155813,705.0861660391092,13.910979882874715
1728810904,4460,,Aggregated,1953.600000,0.000000,3,6,18,46,150,240,340,400,510,620,710,491552,0,3,39.96645489694355,0.6749590393155813,711.6087090689689,13.910986019790379
1728810905,4470,,Aggregated,1961.500000,0.000000,3,6,19,49,160,250,350,420,600,860,950,493924,0,3,41.590420463250425,0.6749590393155813,954.344000085257,13.911010600821179
1728810906,4480,,Aggregated,1957.600000,0.000000,3,6,20,52,160,260,360,420,630,860,950,495899,0,3,42.70247066602834,0.6749590393155813,954.344000085257,13.911012121419885
1728810907,4490,,Aggregated,1933.200000,0.000000,3,6,21,54,170,260,370,430,640,860,950,497972,0,3,43.77415134969193,0.6749590393155813,954.344000085257,13.910954832801844
1728810908,4500,,Aggregated,1935.200000,0.000000,3,6,23,57,170,270,380,440,650,860,950,499897,0,3,44.87908983473823,0.6749590393155813,954.344000085257,13.910987663458673
1728810909,4510,,Aggregated,1950.600000,0.000000,3,6,24,59,180,270,390,460,680,860,950,501755,0,3,46.126388075451075,0.6749590393155813,954.344000085257,13.91100636764955
1728810910,4520,,Aggregated,1926.800000,0.000000,3,7,26,62,180,280,390,460,680,860,950,503720,0,3,47.23533056766992,0.6749590393155813,954.344000085257,13.91101008496784
1728810911,4530,,Aggregated,1906.900000,0.000000,3,7,27,64,190,280,400,460,680,860,950,505689,0,3,48.25361120459026,0.6749590393155813,954.344000085257,13.91104809477762
1728810912,4540,,Aggregated,1908.500000,0.000000,3,7,29,67,190,290,400,470,700,860,950,507560,0,3,49.36150646646258,0.6749590393155813,954.344000085257,13.911076522972653
1728810913,4550,,Aggregated,1908.200000,0.000000,3,7,30,69,190,290,410,470,730,860,950,509447,0,3,50.458142087731424,0.6749590393155813,954.344000085257,13.911099682597012
1728810914,4560,,Aggregated,1900.400000,0.000000,3,7,32,72,200,300,420,480,740,870,1000,511373,0,3,51.6098469939549,0.6749590393155813,1008.5628749802709,13.911109894343268
1728810915,4570,,Aggregated,1905.800000,0.000000,3,7,34,75,200,300,420,490,750,870,1000,513347,0,3,52.72579822342146,0.6749590393155813,1008.5628749802709,13.911130288089733
1728810916,4580,,Aggregated,1900.400000,0.000000,3,8,36,77,210,310,430,500,760,870,1000,515256,0,3,53.69065619854931,0.6749590393155813,1008.5628749802709,13.911123790892294
1728810917,4590,,Aggregated,1928.100000,0.000000,3,8,38,80,210,310,430,500,760,870,1000,517159,0,3,54.77606594652684,0.6749590393155813,1008.5628749802709,13.911168518772756
1728810918,4600,,Aggregated,1925.400000,0.000000,3,8,40,83,220,320,440,510,770,870,1000,519064,0,3,55.95922492169057,0.6749590393155813,1008.5628749802709,13.911143905183176
1728810919,4610,,Aggregated,1920.200000,0.000000,3,8,42,86,220,320,440,520,770,860,1000,521130,0,3,57.24103658745869,0.6749590393155813,1008.5628749802709,13.91111814710341
1728810920,4620,,Aggregated,1931.000000,0.000000,3,8,44,88,220,330,450,530,770,860,1000,522951,0,3,58.2591911619133,0.6749590393155813,1008.5628749802709,13.911140814340158
1728810921,4630,,Aggregated,1930.900000,0.000000,3,9,46,92,230,330,450,530,770,860,1000,524973,0,3,59.363993286588034,0.6749590393155813,1008.5628749802709,13.911145906551384
1728810922,4640,,Aggregated,1941.400000,0.000000,3,9,48,94,230,340,460,540,770,860,1000,526960,0,3,60.32333724939374,0.6749590393155813,1008.5628749802709,13.911173523607104
1728810923,4650,,Aggregated,1930.300000,0.000000,3,9,50,97,230,340,470,540,770,860,1000,528769,0,3,61.26290359671995,0.6749590393155813,1008.5628749802709,13.911174823032363
1728810924,4660,,Aggregated,1952.100000,0.000000,3,10,52,100,240,350,470,550,800,950,1100,530682,0,3,62.69999981686935,0.6749590393155813,1055.9417090844363,13.911172792745939
1728810925,4670,,Aggregated,1931.800000,0.000000,3,10,55,100,240,360,480,560,810,950,1100,532605,0,3,64.11396234415623,0.6749590393155813,1055.9417090844363,13.911163057049784
1728810926,4680,,Aggregated,1925.600000,0.000000,3,10,57,110,250,360,490,570,810,950,1100,534326,0,3,65.24732742260372,0.6749590393155813,1055.9417090844363,13.911138518432567
1728810927,4690,,Aggregated,1909.600000,0.000000,3,11,59,110,260,370,500,580,820,960,1100,536415,0,3,66.83372388700953,0.6749590393155813,1055.9417090844363,13.911143424400883
1728810928,4700,,Aggregated,1929.800000,0.000000,4,11,61,110,260,380,510,600,850,960,1100,538352,0,4,68.22729626586,0.6749590393155813,1055.9417090844363,13.911141780842275
1728810929,4710,,Aggregated,1886.100000,0.000000,4,12,64,120,260,380,510,600,850,960,1100,540341,0,4,69.42270324597831,0.6749590393155813,1055.9417090844363,13.911143148493267
1728810930,4720,,Aggregated,1901.900000,0.000000,4,12,66,120,270,390,520,610,850,960,1100,541994,0,4,70.50161170969758,0.6749590393155813,1055.9417090844363,13.911124477392738
1728810931,4730,,Aggregated,1886.700000,0.000000,4,12,68,120,270,390,530,620,850,960,1100,543970,0,4,71.65969301856128,0.6749590393155813,1055.9417090844363,13.911120098534846
1728810933,4740,,Aggregated,1887.600000,0.000000,4,13,71,130,280,400,530,630,890,990,1100,546195,0,4,73.4841453938529,0.6749590393155813,1092.7398750791326,13.9110830381091
1728810934,4750,,Aggregated,1891.500000,0.000000,4,14,74,130,280,410,540,640,900,990,1100,548450,0,4,74.95205013424209,0.6749590393155813,1092.7398750791326,13.91109308049959
1728810935,4760,,Aggregated,1877.800000,0.000000,4,14,77,130,290,410,550,660,900,990,1100,550804,0,4,76.44642681455994,0.6749590393155813,1092.7398750791326,13.91105547526888
1728810936,4770,,Aggregated,1890.000000,0.000000,4,15,79,140,290,420,550,660,900,990,1100,552747,0,4,77.68890402611802,0.6749590393155813,1092.7398750791326,13.91103524759067
1728810937,4780,,Aggregated,1899.300000,0.000000,4,16,82,140,290,420,560,670,900,990,1100,554696,0,4,78.91031346004027,0.6749590393155813,1092.7398750791326,13.911048574354242
1728810938,4790,,Aggregated,1867.000000,0.000000,4,17,85,140,300,430,570,670,900,990,1100,556619,0,4,80.03988996134939,0.6749590393155813,1092.7398750791326,13.911043280951603
1728810939,4800,,Aggregated,1926.700000,0.000000,4,17,87,150,300,430,570,680,900,990,1100,558610,0,4,81.14567161753409,0.6749590393155813,1092.7398750791326,13.911018420722865
1728810940,4810,,Aggregated,1961.700000,0.000000,4,18,90,150,310,440,580,690,910,1000,1100,560592,0,4,82.56324372822088,0.6749590393155813,1092.7398750791326,13.911049390644177
1728810941,4820,,Aggregated,1963.100000,0.000000,4,19,93,160,310,440,590,690,910,1000,1100,562490,0,4,83.80791483407063,0.6749590393155813,1092.7398750791326,13.911002862273108
1728810942,4830,,Aggregated,1917.600000,0.000000,4,20,96,160,310,450,590,690,910,1000,1100,564466,0,4,85.02030918891337,0.6749590393155813,1092.7398750791326,13.911009697661152
1728810943,4840,,Aggregated,1957.500000,0.000000,4,21,98,160,320,450,590,700,910,1000,1100,566338,0,4,85.99239551515826,0.6749590393155813,1092.7398750791326,13.911040756579993
1728810944,4850,,Aggregated,1974.300000,0.000000,4,23,100,170,320,460,600,700,910,1000,1100,568301,0,4,87.33771555326318,0.6749590393155813,1092.7398750791326,13.911054177275775
1728810945,4860,,Aggregated,1998.100000,0.000000,4,24,100,170,330,460,600,700,910,1000,1100,570329,0,4,88.49989557336414,0.6749590393155813,1092.7398750791326,13.91103030005488
1728810946,4870,,Aggregated,2009.400000,0.000000,4,25,110,170,330,460,610,710,910,1000,1100,572262,0,4,89.61405141184456,0.6749590393155813,1092.7398750791326,13.911032009813686
1728810947,4880,,Aggregated,2013.200000,0.000000,4,26,110,180,340,470,610,710,910,1000,1100,574152,0,4,90.84456676116088,0.6749590393155813,1092.7398750791326,13.911030528501163
1728810948,4890,,Aggregated,2017.100000,0.000000,4,28,110,180,340,470,620,720,910,1000,1100,576207,0,4,92.17123725907331,0.6749590393155813,1092.7398750791326,13.91100420508602
1728810949,4900,,Aggregated,2007.100000,0.000000,4,29,120,180,340,470,620,720,910,1000,1100,578124,0,4,93.31141061944177,0.6749590393155813,1092.7398750791326,13.910987954141326
1728810950,4910,,Aggregated,1966.800000,0.000000,4,31,120,190,350,480,620,730,910,990,1100,580067,0,4,94.46883708826888,0.6749590393155813,1092.7398750791326,13.91098786864276
1728810951,4920,,Aggregated,1981.800000,0.000000,4,33,120,190,350,480,630,730,920,1000,1100,582220,0,4,95.77158972308847,0.6749590393155813,1092.7398750791326,13.910966644910859
1728810952,4930,,Aggregated,2008.500000,0.000000,4,34,130,190,350,490,640,740,930,1000,1100,584191,0,4,97.02672801844666,0.6749590393155813,1092.7398750791326,13.910996574750381
1728810953,4940,,Aggregated,1960.100000,0.000000,4,36,130,200,360,490,650,750,940,1000,1100,586072,0,4,98.3041786113003,0.6749590393155813,1092.7398750791326,13.910990458510216
1728810954,4950,,Aggregated,1960.900000,0.000000,4,38,130,200,360,500,650,750,940,1000,1100,588024,0,4,99.53443414681978,0.6749590393155813,1092.7398750791326,13.911005333115655
1728810955,4960,,Aggregated,1964.600000,0.000000,4,39,140,200,370,500,660,760,950,1000,1100,590060,0,4,100.77426209946726,0.6749590393155813,1101.702291984111,13.910997186726773
1728810956,4970,,Aggregated,1970.500000,0.000000,4,41,140,210,370,510,660,760,950,1000,1100,591950,0,4,102.09838757549821,0.6749590393155813,1101.702291984111,13.910984035813836
1728810957,4980,,Aggregated,1973.700000,0.000000,4,43,140,210,380,510,660,760,950,1000,1100,593963,0,4,103.49323934683184,0.6749590393155813,1101.702291984111,13.910991088670507
1728810958,4990,,Aggregated,1970.600000,0.000000,4,45,150,210,380,520,670,770,950,1000,1100,596095,0,4,104.654932811587,0.6749590393155813,1101.702291984111,13.911009151225896
1728810959,5000,,Aggregated,1972.600000,0.000000,4,47,150,210,380,520,670,770,950,1000,1100,597881,0,4,105.63947875649264,0.6749590393155813,1101.702291984111,13.911012392098094
1728810960,5010,,Aggregated,1978.700000,0.000000,4,49,150,220,390,530,670,770,950,1000,1100,600037,0,4,107.13501810516354,0.6749590393155813,1101.702291984111,13.911027153325545
1728810961,5020,,Aggregated,1973.700000,0.000000,4,51,160,220,390,530,680,770,950,1000,1100,601969,0,4,108.40455388964695,0.6749590393155813,1101.702291984111,13.911028641009754
1728810962,5030,,Aggregated,1973.300000,0.000000,5,53,160,230,400,530,680,770,950,1000,1100,603921,0,5,109.68063123022215,0.6749590393155813,1101.702291984111,13.911057903268805
1728810963,5040,,Aggregated,1979.400000,0.000000,5,54,160,230,400,540,680,780,950,1000,1100,605816,0,5,110.90500269062446,0.6749590393155813,1101.702291984111,13.911068707330278
1728810964,5050,,Aggregated,1978.200000,0.000000,5,56,160,230,410,540,690,780,950,1000,1100,607890,0,5,112.30549896856407,0.6749590393155813,1101.702291984111,13.911057921663458
1728810965,5060,,Aggregated,1982.500000,0.000000,5,59,170,240,410,550,690,780,950,1000,1100,609849,0,5,113.55273779828283,0.6749590393155813,1101.702291984111,13.911025516152359
1728810966,5070,,Aggregated,1977.900000,0.000000,5,61,170,240,410,550,700,790,950,1000,1100,611896,0,5,114.95070326309241,0.6749590393155813,1101.702291984111,13.911024095597945
1728810967,5080,,Aggregated,1976.700000,0.000000,5,63,170,250,420,550,700,790,950,1000,1100,613828,0,5,116.08006110727916,0.6749590393155813,1101.702291984111,13.911043484494028
1728810968,5090,,Aggregated,1988.100000,0.000000,5,65,180,250,420,550,700,790,950,1000,1100,615763,0,5,117.33273632738859,0.6749590393155813,1101.702291984111,13.911090793048624
1728810969,5100,,Aggregated,1994.300000,0.000000,5,67,180,250,430,560,710,800,950,1000,1100,617849,0,5,118.93931990686241,0.6749590393155813,1101.702291984111,13.911073741318672
1728810970,5110,,Aggregated,1978.700000,0.000000,5,69,180,260,430,560,710,800,950,1000,1100,619852,0,5,120.12556705864209,0.6749590393155813,1101.702291984111,13.911101359679407
1728810971,5120,,Aggregated,1992.200000,0.000000,5,71,190,260,430,570,720,800,950,1000,1100,621718,0,5,121.1571811788249,0.6749590393155813,1101.702291984111,13.911078656239646
1728810972,5130,,Aggregated,2000.800000,0.000000,5,74,190,260,440,570,720,810,960,1000,1100,623923,0,5,122.54292496956461,0.6749590393155813,1101.702291984111,13.911067551604926
1728810973,5140,,Aggregated,1983.900000,0.000000,5,76,190,270,440,570,730,810,960,1000,1100,625766,0,5,123.84221997268807,0.6749590393155813,1101.702291984111,13.911083376214112
1728810974,5150,,Aggregated,1999.600000,0.000000,5,78,200,270,440,580,730,820,970,1100,1100,627915,0,5,125.48946605357682,0.6749590393155813,1101.702291984111,13.911061210514163
1728810975,5160,,Aggregated,1988.400000,0.000000,5,81,200,270,450,580,730,820,970,1100,1100,629925,0,5,126.77847523763106,0.6749590393155813,1101.702291984111,13.911067190538557
1728810976,5170,,Aggregated,1994.200000,0.000000,5,83,200,280,450,590,740,820,970,1100,1100,631834,0,5,127.84528238473676,0.6749590393155813,1143.5121250106022,13.911049421208736
1728810977,5180,,Aggregated,2000.700000,0.000000,5,85,210,280,450,590,740,820,970,1100,1100,633891,0,5,128.99378185696736,0.6749590393155813,1143.5121250106022,13.911016247272796
1728810978,5190,,Aggregated,1994.500000,0.000000,5,88,210,280,460,590,750,830,980,1100,1100,635937,0,5,130.4153057320009,0.6749590393155813,1143.5121250106022,13.91100533543417
1728810979,5200,,Aggregated,1993.900000,0.000000,5,90,210,280,460,600,750,830,980,1100,1100,638085,0,5,131.67582682037366,0.6749590393155813,1143.5121250106022,13.911022826112509
1728810980,5210,,Aggregated,2005.900000,0.000000,5,93,220,290,460,600,750,840,980,1100,1100,640032,0,5,132.83295036799515,0.6749590393155813,1143.5121250106022,13.911056009699514
1728810981,5220,,Aggregated,2001.200000,0.000000,6,95,220,290,470,600,750,840,980,1100,1100,641983,0,6,134.0407750914158,0.6749590393155813,1143.5121250106022,13.911059950185598
1728810982,5230,,Aggregated,2006.900000,0.000000,6,98,220,290,470,610,760,840,980,1100,1100,644236,0,6,135.34208123983905,0.6749590393155813,1143.5121250106022,13.911037259637773
1728810983,5240,,Aggregated,2018.100000,0.000000,6,100,230,300,470,610,760,840,980,1100,1100,646130,0,6,136.45433503894293,0.6749590393155813,1143.5121250106022,13.91102564499404
1728810984,5250,,Aggregated,2008.400000,0.000000,6,100,230,300,470,610,760,840,980,1100,1100,648231,0,6,137.68266519249875,0.6749590393155813,1143.5121250106022,13.911048684805262
1728810985,5260,,Aggregated,2014.500000,0.000000,6,110,230,300,480,610,770,850,980,1100,1100,650253,0,6,138.95570559904752,0.6749590393155813,1143.5121250106022,13.911054620278568
1728810986,5270,,Aggregated,2010.100000,0.000000,6,110,240,310,480,620,770,850,980,1100,1100,652266,0,6,140.24882435220306,0.6749590393155813,1143.5121250106022,13.911054692410765
1728810987,5280,,Aggregated,2011.700000,0.000000,6,110,240,310,480,620,770,850,990,1100,1100,654034,0,6,141.3712946884708,0.6749590393155813,1143.5121250106022,13.911045908928282
1728810988,5290,,Aggregated,2014.100000,0.000000,6,110,240,310,490,630,780,860,990,1100,1100,656779,0,6,143.35899622486977,0.6749590393155813,1143.5121250106022,13.911027910453898
1728810989,5300,,Aggregated,2013.900000,0.000000,6,120,250,320,490,630,780,860,990,1100,1100,659217,0,6,145.0049547778242,0.6749590393155813,1143.5121250106022,13.910994407001033
1728810990,5310,,Aggregated,2013.900000,0.000000,6,120,250,320,500,640,790,860,990,1100,1100,661212,0,6,146.24973237378296,0.6749590393155813,1143.5121250106022,13.910986188998384
1728810991,5320,,Aggregated,2024.500000,0.000000,6,120,250,330,500,640,790,860,990,1100,1100,663434,0,6,147.57290671093386,0.6749590393155813,1143.5121250106022,13.910978333941282
1728810992,5330,,Aggregated,2018.600000,0.000000,7,130,260,330,500,640,790,860,990,1100,1100,665501,0,7,148.8913261068987,0.6749590393155813,1143.5121250106022,13.910970832500627
1728810993,5340,,Aggregated,2021.500000,0.000000,7,130,260,330,510,650,790,860,990,1100,1100,667481,0,7,150.26204204513303,0.6749590393155813,1143.5121250106022,13.910933794370177
1728810994,5350,,Aggregated,2023.300000,0.000000,7,130,260,340,510,650,800,870,990,1100,1100,669610,0,7,151.6500860291286,0.6749590393155813,1143.5121250106022,13.910951150669792
1728810995,5360,,Aggregated,2027.600000,0.000000,7,140,270,340,510,650,800,870,990,1100,1100,671598,0,7,152.8042987287341,0.6749590393155813,1143.5121250106022,13.910955660975763
1728810996,5370,,Aggregated,2029.100000,0.000000,7,140,270,340,520,660,800,870,990,1100,1100,673708,0,7,154.10775100028508,0.6749590393155813,1143.5121250106022,13.91095400381174
1728810997,5380,,Aggregated,2034.800000,0.000000,7,140,270,350,520,660,800,870,1000,1100,1100,675812,0,7,155.33474970725715,0.6749590393155813,1143.5121250106022,13.910973761933793
1728810998,5390,,Aggregated,2033.800000,0.000000,7,140,270,350,520,660,810,870,1000,1100,1100,677761,0,7,156.31386866968637,0.6749590393155813,1143.5121250106022,13.91096714033413
1728810999,5400,,Aggregated,2044.000000,0.000000,8,150,280,350,520,670,810,880,1000,1100,1100,679847,0,8,157.48932845381898,0.6749590393155813,1143.5121250106022,13.910960848543864
1728811000,5410,,Aggregated,2072.700000,0.000000,8,150,280,350,530,670,810,880,1000,1100,1100,681931,0,8,158.75933672320483,0.6749590393155813,1143.5121250106022,13.910958733361586
1728811001,5420,,Aggregated,2049.600000,0.000000,8,150,280,360,530,670,820,880,1000,1100,1100,683927,0,8,160.01314927922868,0.6749590393155813,1143.5121250106022,13.910952484695004
1728811002,5430,,Aggregated,2031.700000,0.000000,8,160,280,360,530,680,820,880,1000,1100,1100,685895,0,8,161.23574714292215,0.6749590393155813,1143.5121250106022,13.910963048279985
1728811003,5440,,Aggregated,2040.300000,0.000000,8,160,290,360,540,680,820,880,1000,1100,1100,688047,0,8,162.58629963856274,0.6749590393155813,1143.5121250106022,13.910931956683191
1728811004,5450,,Aggregated,2031.500000,0.000000,8,160,290,370,540,680,820,880,1000,1100,1100,690179,0,8,163.78558048530337,0.6749590393155813,1143.5121250106022,13.91095933084026
1728811005,5460,,Aggregated,2024.700000,0.000000,9,170,290,370,540,680,820,880,1000,1100,1100,692333,0,9,164.76388358949256,0.6749590393155813,1143.5121250106022,13.910973476636244
1728811006,5470,,Aggregated,2037.900000,0.000000,9,170,300,370,540,690,820,890,1000,1100,1100,694229,0,9,165.86789284280954,0.6749590393155813,1143.5121250106022,13.910967418531925
1728811008,5480,,Aggregated,2031.900000,0.000000,9,170,300,370,550,690,830,890,1000,1100,1100,696981,0,9,167.73846120217388,0.6749590393155813,1143.5121250106022,13.910945922485691
1728811009,5490,,Aggregated,2036.600000,0.000000,10,180,300,380,550,700,830,890,1000,1100,1100,699495,0,10,169.26381693486888,0.6749590393155813,1143.5121250106022,13.910917161666632
1728811010,5500,,Aggregated,2046.700000,0.000000,10,180,310,380,560,700,830,890,1000,1100,1100,701526,0,10,170.5378013447402,0.6749590393155813,1143.5121250106022,13.910901377853422
1728811011,5510,,Aggregated,2075.600000,0.000000,10,180,310,380,560,700,830,890,1000,1100,1100,703744,0,10,171.7957722906993,0.6749590393155813,1143.5121250106022,13.910885208257548
1728811012,5520,,Aggregated,2102.000000,0.000000,10,180,310,390,560,700,830,890,1000,1100,1100,705644,0,10,172.89562679708527,0.6749590393155813,1143.5121250106022,13.910871487605649
1728811013,5530,,Aggregated,2116.200000,0.000000,11,190,310,390,560,710,830,890,1000,1100,1100,707750,0,11,174.13049144498743,0.6749590393155813,1143.5121250106022,13.910879547862946
1728811014,5540,,Aggregated,2126.000000,0.000000,11,190,320,390,570,710,830,890,1000,1100,1100,709875,0,11,175.27159870127272,0.6749590393155813,1143.5121250106022,13.910908258496214
1728811015,5550,,Aggregated,2143.400000,0.000000,11,190,320,390,570,710,840,900,1000,1100,1200,711855,0,11,176.62788122727568,0.6749590393155813,1187.0058750500903,13.910903203601857
1728811016,5560,,Aggregated,2139.600000,0.000000,12,200,320,400,570,720,840,900,1000,1100,1200,714123,0,12,178.10976738701208,0.6749590393155813,1187.0058750500903,13.910876697711739
1728811017,5570,,Aggregated,2135.500000,0.000000,12,200,330,400,570,720,840,900,1000,1100,1200,716191,0,12,179.22961889790253,0.6749590393155813,1187.0058750500903,13.910833841810355
1728811018,5580,,Aggregated,2145.100000,0.000000,12,200,330,400,580,720,840,900,1000,1100,1200,718091,0,12,180.34567498087827,0.6749590393155813,1187.0058750500903,13.910795428434557
1728811019,5590,,Aggregated,2142.800000,0.000000,13,210,330,410,580,720,850,900,1000,1100,1200,720212,0,13,181.69815743007453,0.6749590393155813,1187.0058750500903,13.910780436871365
1728811020,5600,,Aggregated,2095.700000,0.000000,13,210,340,410,580,730,850,910,1000,1100,1200,722435,0,13,183.16708243286953,0.6749590393155813,1187.0058750500903,13.910818274308415
1728811021,5610,,Aggregated,2092.200000,0.000000,14,210,340,410,590,730,850,910,1000,1100,1200,724314,0,14,184.29471309680142,0.6749590393155813,1187.0058750500903,13.910796974792701
1728811022,5620,,Aggregated,2106.600000,0.000000,14,210,340,410,590,740,860,910,1000,1100,1200,726173,0,14,185.8815253612848,0.6749590393155813,1187.0058750500903,13.910759557295576
1728811023,5630,,Aggregated,2065.900000,0.000000,15,220,340,420,590,740,860,920,1000,1200,1500,728393,0,15,187.70759934787446,0.6749590393155813,1514.457333018072,13.910750103309615
1728811024,5640,,Aggregated,2030.800000,0.000000,15,220,350,420,600,750,870,930,1100,1300,1600,730789,0,15,189.51354766552845,0.6749590393155813,1579.1924580698833,13.910719783685852
1728811025,5650,,Aggregated,2043.300000,0.000000,16,220,350,420,600,750,870,930,1100,1300,1600,732736,0,16,190.4952585805666,0.6749590393155813,1579.1924580698833,13.910741385710542
1728811026,5660,,Aggregated,2069.600000,0.000000,17,220,350,430,600,750,870,930,1100,1300,1600,734828,0,17,191.80706900149409,0.6749590393155813,1579.1924580698833,13.91074237780814
1728811027,5670,,Aggregated,2082.800000,0.000000,17,230,350,430,610,750,870,930,1100,1300,1600,736936,0,17,193.15336872009868,0.6749590393155813,1579.1924580698833,13.91072223368108
1728811028,5680,,Aggregated,2070.100000,0.000000,18,230,360,430,610,760,870,930,1100,1300,1600,739121,0,18,194.4831961810134,0.6749590393155813,1579.1924580698833,13.910711507317476
1728811029,5690,,Aggregated,2076.500000,0.000000,19,230,360,430,610,760,880,930,1100,1300,1600,741170,0,19,195.5221855542086,0.6749590393155813,1579.1924580698833,13.910727633336482
1728811030,5700,,Aggregated,2097.400000,0.000000,20,240,360,440,620,760,880,930,1100,1300,1600,743302,0,20,196.89259649294365,0.6749590393155813,1579.1924580698833,13.91072538483685
1728811031,5710,,Aggregated,2100.800000,0.000000,20,240,360,440,620,770,880,940,1100,1300,1600,745500,0,20,198.19587145154938,0.6749590393155813,1579.1924580698833,13.910709590878605
1728811032,5720,,Aggregated,2054.500000,0.000000,21,240,370,440,620,770,880,940,1100,1300,1600,747630,0,21,199.30755817619757,0.6749590393155813,1579.1924580698833,13.910739269424715
1728811033,5730,,Aggregated,2084.400000,0.000000,22,240,370,440,620,770,890,940,1100,1300,1600,749528,0,22,200.2804501914902,0.6749590393155813,1579.1924580698833,13.910729152213126
1728811034,5740,,Aggregated,2160.800000,0.000000,23,250,370,440,630,770,890,940,1100,1300,1600,751729,0,23,201.65203060872244,0.6749590393155813,1579.1924580698833,13.91072048570695
1728811035,5750,,Aggregated,2134.800000,0.000000,24,250,370,450,630,780,890,950,1100,1300,1600,753781,0,24,203.16525528413806,0.6749590393155813,1579.1924580698833,13.910714119883627
1728811036,5760,,Aggregated,2088.300000,0.000000,25,250,380,450,640,780,890,960,1100,1300,1600,755856,0,25,204.58010749907015,0.6749590393155813,1579.1924580698833,13.910719766728054
1728811037,5770,,Aggregated,2094.600000,0.000000,26,250,380,450,640,780,900,960,1100,1300,1600,758152,0,26,205.6907112672133,0.6749590393155813,1579.1924580698833,13.910709198155516
1728811038,5780,,Aggregated,2118.600000,0.000000,28,260,380,450,640,780,900,960,1100,1300,1600,760023,0,28,206.5714737713992,0.6749590393155813,1579.1924580698833,13.910696123669942
1728811039,5790,,Aggregated,2121.200000,0.000000,29,260,380,460,640,790,900,960,1100,1300,1600,762274,0,29,208.14875786660897,0.6749590393155813,1579.1924580698833,13.910696153876428
1728811040,5800,,Aggregated,2103.200000,0.000000,30,260,390,460,650,790,900,970,1100,1300,1600,764370,0,30,209.5556350668205,0.6749590393155813,1579.1924580698833,13.910691157423761
1728811041,5810,,Aggregated,2105.800000,0.000000,31,260,390,460,650,790,900,970,1100,1300,1600,766578,0,31,210.72398656840275,0.6749590393155813,1579.1924580698833,13.910716195873087
1728811042,5820,,Aggregated,2135.500000,0.000000,32,270,390,460,650,800,910,970,1100,1300,1600,768405,0,32,212.00951540392933,0.6749590393155813,1579.1924580698833,13.91069813444733
1728811043,5830,,Aggregated,2137.300000,0.000000,34,270,390,470,660,800,910,980,1100,1300,1600,770664,0,34,213.62612257232098,0.6749590393155813,1579.1924580698833,13.910677026564105
1728811044,5840,,Aggregated,2074.900000,0.000000,35,270,390,470,660,800,910,980,1100,1300,1600,773079,0,35,214.9156064840225,0.6749590393155813,1579.1924580698833,13.910679244941331
1728811045,5850,,Aggregated,2114.600000,0.000000,36,270,400,470,660,800,920,980,1100,1300,1600,774842,0,36,215.8863937799468,0.6749590393155813,1579.1924580698833,13.910661786531964
1728811046,5860,,Aggregated,2152.000000,0.000000,38,270,400,470,670,810,920,980,1100,1300,1600,776753,0,38,217.31798069184455,0.6749590393155813,1579.1924580698833,13.910675594429632
1728811047,5870,,Aggregated,2117.400000,0.000000,39,280,400,480,670,810,930,990,1200,1300,1600,778516,0,39,218.92637756132743,0.6749590393155813,1579.1924580698833,13.910678778599284
1728811048,5880,,Aggregated,2070.600000,0.000000,41,280,410,480,680,820,940,1000,1300,1400,1800,780970,0,41,221.49359761795935,0.6749590393155813,1752.4234580341727,13.910667503233158
1728811049,5890,,Aggregated,2037.900000,0.000000,42,280,410,480,680,820,940,1000,1300,1400,1900,783356,0,42,222.79159520342625,0.6749590393155813,1893.0600420571864,13.910680456905927
1728811050,5900,,Aggregated,2030.000000,0.000000,44,280,410,480,690,820,940,1000,1300,1400,1900,785523,0,44,224.00327162989666,0.6749590393155813,1893.0600420571864,13.91068625616309
1728811051,5910,,Aggregated,2048.600000,0.000000,45,280,410,490,690,820,940,1000,1300,1400,1900,787807,0,45,225.22998391228643,0.6749590393155813,1893.0600420571864,13.910690054797685
1728811052,5920,,Aggregated,2002.700000,0.000000,47,290,410,490,690,830,940,1000,1300,1400,1900,789959,0,47,226.50666411147435,0.6749590393155813,1893.0600420571864,13.910658654436496
1728811053,5930,,Aggregated,2047.900000,0.000000,49,290,420,490,690,830,950,1000,1300,1400,1900,792071,0,49,227.50715648942565,0.6749590393155813,1893.0600420571864,13.910640586513077
1728811054,5940,,Aggregated,2090.000000,0.000000,50,290,420,490,690,830,950,1000,1300,1400,1900,794316,0,50,228.7729400030268,0.6749590393155813,1893.0600420571864,13.910661499957197
1728811055,5950,,Aggregated,2075.100000,0.000000,52,290,420,500,700,830,950,1000,1300,1400,1900,796383,0,52,229.81612111935488,0.6749590393155813,1893.0600420571864,13.910677400195635
1728811056,5960,,Aggregated,2037.900000,0.000000,53,300,420,500,700,830,950,1000,1300,1400,1900,798409,0,53,231.17784530733726,0.6749590393155813,1893.0600420571864,13.9106635821991
1728811057,5970,,Aggregated,2101.800000,0.000000,55,300,420,500,700,840,960,1000,1300,1400,1900,800497,0,55,232.70122001099818,0.6749590393155813,1893.0600420571864,13.910655505267354
1728811058,5980,,Aggregated,2119.100000,0.000000,56,300,430,500,710,840,960,1000,1300,1400,1900,802650,0,56,234.27601761265416,0.6749590393155813,1893.0600420571864,13.91064349342802
1728811059,5990,,Aggregated,2147.500000,0.000000,58,300,430,510,710,840,960,1000,1300,1400,1900,804874,0,58,235.7618255071824,0.6749590393155813,1893.0600420571864,13.910644398999098
1728811060,6000,,Aggregated,2169.800000,0.000000,60,310,430,510,710,850,960,1000,1300,1400,1900,807056,0,60,237.02098530204907,0.6749590393155813,1893.0600420571864,13.910680299756152
1728811061,6010,,Aggregated,2168.000000,0.000000,61,310,440,510,720,850,960,1000,1300,1400,1900,809146,0,61,238.22092869809043,0.6749590393155813,1893.0600420571864,13.910703383567366
1728811062,6020,,Aggregated,2190.300000,0.000000,63,310,440,520,720,850,970,1000,1300,1400,1900,811357,0,63,239.59418121557252,0.6749590393155813,1893.0600420571864,13.910731034550759
1728811063,6030,,Aggregated,2157.800000,0.000000,65,310,440,520,720,850,970,1000,1300,1400,1900,813625,0,65,240.87827716824324,0.6749590393155813,1893.0600420571864,13.910729144261792
1728811064,6040,,Aggregated,2150.600000,0.000000,67,320,440,520,720,850,970,1000,1300,1400,1900,815814,0,67,242.11077991559242,0.6749590393155813,1893.0600420571864,13.910723522763767
1728811065,6050,,Aggregated,2145.100000,0.000000,69,320,440,520,730,860,970,1000,1300,1400,1900,817910,0,69,243.28737516982005,0.6749590393155813,1893.0600420571864,13.910727341639056
1728811066,6060,,Aggregated,2159.300000,0.000000,70,320,450,520,730,860,980,1000,1300,1400,1900,819956,0,70,244.3219152141039,0.6749590393155813,1893.0600420571864,13.910726917054086
1728811067,6070,,Aggregated,2123.800000,0.000000,72,320,450,530,730,860,980,1000,1300,1500,2200,822238,0,72,245.745996447649,0.6749590393155813,2195.9746669745073,13.910714416020665
1728811068,6080,,Aggregated,2123.800000,0.000000,72,320,450,530,730,860,980,1000,1300,1500,2200,822530,0,72,245.82734938546912,0.6749590393155813,2195.9746669745073,13.91071328705336
1728811069,6090,,Aggregated,2143.500000,0.000000,74,330,450,530,740,870,990,1100,1800,2200,2500,824730,0,74,249.42445809800566,0.6749590393155813,2535.7278330484405,13.910711384331842
1728811070,6100,,Aggregated,2058.800000,0.000000,76,330,450,530,740,880,1000,1100,1800,2200,3400,826563,0,76,252.06994533475512,0.6749590393155813,3434.652457945049,13.91072670806702
1728811071,6110,,Aggregated,1911.100000,0.000000,78,330,460,540,750,880,1000,1100,2000,3700,4100,829312,0,78,255.97281066287778,0.6749590393155813,4103.929708013311,13.910663296805062
1728811072,6120,,Aggregated,1913.200000,0.000000,80,330,460,540,750,880,1000,1100,2100,3800,4100,831304,0,80,257.1055873007891,0.6749590393155813,4103.929708013311,13.910695726232522
1728811073,6130,,Aggregated,1888.800000,0.000000,82,330,460,540,750,890,1000,1100,2100,4000,5000,833590,0,82,258.8135483446716,0.6749590393155813,5008.984124986455,13.910692306769516
1728811074,6140,,Aggregated,1964.000000,0.000000,84,340,460,540,750,890,1000,1100,2100,4000,5100,835990,0,84,260.16354442881936,0.6749590393155813,5134.868124965578,13.910677161210062
1728811076,6150,,Aggregated,1964.000000,0.000000,84,340,460,540,750,890,1000,1100,2100,4000,5200,836383,0,84,260.2637037165975,0.6749590393155813,5177.718040999025,13.910667720410386
1728811077,6160,,Aggregated,1939.400000,0.000000,86,340,460,550,760,900,1000,1200,2200,4400,7200,838251,0,86,262.8872077322437,0.6749590393155813,7188.436791999266,13.91065325302326
1728811078,6170,,Aggregated,1939.400000,0.000000,86,340,460,550,760,900,1000,1200,2200,4400,7200,838420,0,86,263.09999311672834,0.6749590393155813,7188.436791999266,13.910661720855895
1728811079,6180,,Aggregated,1673.500000,0.000000,87,340,470,550,760,900,1000,1200,2900,4400,7200,839174,0,87,265.54443201093443,0.6749590393155813,7188.436791999266,13.910664534411218
1728811080,6190,,Aggregated,1589.000000,0.000000,89,340,470,550,770,910,1100,1400,3800,4700,11000,841350,0,89,273.4159035442771,0.6749590393155813,11126.679666922428,13.910654305580318
1728811082,6200,,Aggregated,1513.500000,0.000000,92,350,470,560,770,920,1100,1600,4600,5000,12000,844540,0,92,283.89712299921865,0.6749590393155813,12158.652042038739,13.91069102706799
1728811083,6210,,Aggregated,1462.100000,0.000000,94,350,470,560,780,920,1100,1700,4600,5000,12000,846590,0,94,287.0398452561518,0.6749590393155813,12158.652042038739,13.910697031620973
1728811084,6220,,Aggregated,1426.600000,0.000000,96,350,480,560,780,930,1100,1700,4600,5000,12000,849570,0,96,288.62836753527444,0.6749590393155813,12158.652042038739,13.910683051426016
1728811085,6230,,Aggregated,1467.800000,0.000000,98,350,480,560,780,930,1100,1700,4600,5000,12000,851452,0,98,290.1382183998982,0.6749590393155813,12158.652042038739,13.910704302767508
1728811086,6240,,Aggregated,1449.600000,0.000000,100,360,480,570,780,940,1100,1700,4600,5000,16000,853822,0,100.0,291.6132267521618,0.6749590393155813,16308.143790927716,13.910705041566041
1728811087,6250,,Aggregated,1407.700000,0.000000,100,360,480,570,790,940,1100,1700,4600,5000,16000,855597,0,100.0,292.99798471043187,0.6749590393155813,16308.143790927716,13.91073601239836
1728811088,6260,,Aggregated,1678.600000,0.000000,100,360,490,570,790,940,1200,1700,4600,5000,16000,858211,0,100.0,295.0911548839824,0.6749590393155813,16308.143790927716,13.910745725701489
1728811089,6270,,Aggregated,1706.700000,0.000000,110,360,490,570,790,950,1200,1700,4600,5000,16000,860755,0,110.0,296.75215902866785,0.6749590393155813,16308.143790927716,13.910745798746449
1728811090,6280,,Aggregated,1882.500000,0.000000,110,360,490,580,800,950,1200,1700,4600,5000,16000,862635,0,110.0,298.21911073425366,0.6749590393155813,16308.143790927716,13.910764112283875
1728811091,6290,,Aggregated,2080.400000,0.000000,110,370,500,580,800,960,1200,1700,4600,5000,16000,865718,0,110.0,300.0951133912176,0.6749590393155813,16308.143790927716,13.910809293557486
1728811093,6300,,Aggregated,2131.800000,0.000000,110,370,500,580,800,960,1200,1700,4600,5000,16000,867235,0,110.0,301.3474999896105,0.6749590393155813,16308.143790927716,13.910794651968613
1728811094,6310,,Aggregated,2144.700000,0.000000,120,370,500,590,810,970,1200,1700,4600,5000,16000,870208,0,120.0,303.57998028353927,0.6749590393155813,16308.143790927716,13.910792592115907
1728811095,6320,,Aggregated,2063.800000,0.000000,120,370,500,590,810,970,1200,1700,4600,5000,16000,872218,0,120.0,304.6747734585786,0.6749590393155813,16308.143790927716,13.910794090468208
1728811096,6330,,Aggregated,2136.200000,0.000000,120,380,510,590,810,980,1200,1700,4600,5000,16000,874511,0,120.0,306.4340193047909,0.6749590393155813,16308.143790927716,13.910776422480678
1728811097,6340,,Aggregated,2175.400000,0.000000,120,380,510,600,820,980,1300,1700,4600,5000,16000,877087,0,120.0,308.5325745544503,0.6749590393155813,16308.143790927716,13.910788781500582
1728811098,6350,,Aggregated,2116.100000,0.000000,130,380,510,600,820,990,1300,1700,4600,5000,16000,879672,0,130.0,310.24071200338767,0.6749590393155813,16308.143790927716,13.91076446675579
1728811099,6360,,Aggregated,2141.000000,0.000000,130,380,510,600,820,990,1300,1700,4600,5000,16000,881736,0,130.0,311.6557294598349,0.6749590393155813,16308.143790927716,13.910773746336773
1728811100,6370,,Aggregated,2128.900000,0.000000,130,390,520,600,830,1000,1300,1700,4600,5000,16000,884477,0,130.0,313.36616693722084,0.6749590393155813,16308.143790927716,13.910793610235201
1728811101,6380,,Aggregated,2129.400000,0.000000,130,390,520,610,830,1000,1300,1700,4600,5000,16000,886771,0,130.0,314.940468537601,0.6749590393155813,16308.143790927716,13.910789820596298
1728811103,6390,,Aggregated,2161.400000,0.000000,140,390,520,610,830,1000,1300,1700,4600,5000,16000,889456,0,140.0,316.44515540240855,0.6749590393155813,16308.143790927716,13.910784794301236
1728811104,6400,,Aggregated,2106.800000,0.000000,140,390,520,610,840,1000,1300,1700,4600,5000,16000,891252,0,140.0,317.508339622009,0.6749590393155813,16308.143790927716,13.91079739512506
1728811105,6410,,Aggregated,2222.800000,0.000000,140,390,530,610,840,1000,1300,1700,4600,5000,16000,892883,0,140.0,319.280811877253,0.6749590393155813,16308.143790927716,13.910804663096958
1728811106,6420,,Aggregated,2099.100000,0.000000,140,400,530,620,850,1000,1300,1700,4600,5000,16000,895490,0,140.0,321.55515986127017,0.6749590393155813,16308.143790927716,13.910827591597895
1728811107,6430,,Aggregated,2000.200000,0.000000,150,400,530,620,850,1000,1300,1800,4600,5000,16000,897705,0,150.0,324.19361104948484,0.6749590393155813,16308.143790927716,13.910840420850947
1728811108,6440,,Aggregated,2083.100000,0.000000,150,400,540,630,860,1000,1400,1800,4600,5000,16000,899879,0,150.0,326.40257670018605,0.6749590393155813,16308.143790927716,13.910821343758439
1728811109,6450,,Aggregated,2070.500000,0.000000,150,400,540,630,860,1000,1400,1800,4600,5000,16000,901265,0,150.0,327.4959099436806,0.6749590393155813,16308.143790927716,13.910831997248312
1728811110,6460,,Aggregated,2050.900000,0.000000,150,400,540,630,860,1100,1400,1800,4600,5000,16000,902738,0,150.0,330.01647253722325,0.6749590393155813,16308.143790927716,13.910825732383039
1728811111,6470,,Aggregated,2009.800000,0.000000,160,410,540,640,870,1100,1500,1900,4600,5000,16000,905732,0,160.0,333.9939527360912,0.6749590393155813,16308.143790927716,13.910844488215057
1728811112,6480,,Aggregated,1887.600000,0.000000,160,410,550,640,880,1100,1500,1900,4600,5000,16000,908130,0,160.0,336.0703486293491,0.6749590393155813,16308.143790927716,13.910846464713202
1728811113,6490,,Aggregated,1978.600000,0.000000,160,410,550,640,880,1100,1500,1900,4600,5000,16000,910372,0,160.0,337.18440136874233,0.6749590393155813,16308.143790927716,13.910839744631865
1728811114,6500,,Aggregated,1924.100000,0.000000,160,410,550,650,880,1100,1500,1900,4600,5000,16000,912380,0,160.0,338.18192711080997,0.6749590393155813,16308.143790927716,13.910829917358996
1728811115,6510,,Aggregated,1911.700000,0.000000,160,420,560,650,880,1100,1500,1900,4600,5000,16000,914650,0,160.0,339.64273705764174,0.6749590393155813,16308.143790927716,13.910873011534466
1728811116,6520,,Aggregated,1972.400000,0.000000,170,420,560,650,890,1100,1500,1900,4600,5000,16000,916851,0,170.0,341.2546518686937,0.6749590393155813,16308.143790927716,13.910885192904844
1728811117,6530,,Aggregated,2055.000000,0.000000,170,420,560,660,890,1100,1500,1900,4600,5000,16000,918992,0,170.0,342.770134354437,0.6749590393155813,16308.143790927716,13.910899115552693
1728811118,6540,,Aggregated,1966.400000,0.000000,170,420,560,660,890,1100,1500,1900,4600,5000,16000,920650,0,170.0,344.18694709078414,0.6749590393155813,16308.143790927716,13.910871666757183
1728811119,6550,,Aggregated,2006.500000,0.000000,170,430,570,660,900,1100,1500,1900,4600,5000,16000,922874,0,170.0,345.81065425719436,0.6749590393155813,16308.143790927716,13.910853485957997
1728811120,6560,,Aggregated,2038.300000,0.000000,180,430,570,670,900,1100,1500,1800,4600,5000,16000,925298,0,180.0,347.50972266689377,0.6749590393155813,16308.143790927716,13.910851423001022
1728811121,6570,,Aggregated,2111.600000,0.000000,180,430,570,670,910,1100,1500,1800,4600,5000,16000,927928,0,180.0,349.03962415514405,0.6749590393155813,16308.143790927716,13.910845453526568
1728811123,6580,,Aggregated,2111.500000,0.000000,180,430,580,670,910,1100,1500,1800,4600,5000,16000,930353,0,180.0,350.18757036429406,0.6749590393155813,16308.143790927716,13.910833844787946
1728811124,6590,,Aggregated,2197.600000,0.000000,180,430,580,670,910,1100,1500,1800,4600,5000,16000,931502,0,180.0,351.1467222943845,0.6749590393155813,16308.143790927716,13.91083647700166
1728811125,6600,,Aggregated,2197.600000,0.000000,180,440,580,680,920,1100,1500,1900,4600,5000,16000,934048,0,180.0,353.5618421890283,0.6749590393155813,16308.143790927716,13.91082364075508
1728811126,6610,,Aggregated,2098.200000,0.000000,190,440,580,680,920,1100,1500,1900,4600,5000,16000,936816,0,190.0,355.84058504478816,0.6749590393155813,16308.143790927716,13.910854426055916
1728811127,6620,,Aggregated,2128.200000,0.000000,190,440,590,690,930,1100,1500,1900,4600,5000,16000,939472,0,190.0,357.8211615053414,0.6749590393155813,16308.143790927716,13.91083502222525
1728811128,6630,,Aggregated,2167.200000,0.000000,190,440,590,690,930,1100,1500,1900,4600,5000,16000,941712,0,190.0,358.86654294618216,0.6749590393155813,16308.143790927716,13.910829425556859
1728811129,6640,,Aggregated,2171.500000,0.000000,190,450,590,690,930,1100,1500,1900,4600,5000,16000,943633,0,190.0,360.0717108270492,0.6749590393155813,16308.143790927716,13.910826560749783
1728811130,6650,,Aggregated,2162.200000,0.000000,200,450,600,700,940,1100,1500,1900,4600,5000,16000,945708,0,200.0,361.64601118249897,0.6749590393155813,16308.143790927716,13.91084245877163
1728811131,6660,,Aggregated,2133.100000,0.000000,200,450,600,700,940,1200,1500,1900,4600,5000,16000,947844,0,200.0,363.37609444779383,0.6749590393155813,16308.143790927716,13.910837648389398
1728811132,6670,,Aggregated,2077.600000,0.000000,200,450,600,700,950,1200,1500,1900,4600,5000,16000,949522,0,200.0,364.6481678350998,0.6749590393155813,16308.143790927716,13.910822498056916
1728811133,6680,,Aggregated,2093.000000,0.000000,200,450,600,700,950,1200,1500,1900,4600,5000,16000,951220,0,200.0,366.36968938060994,0.6749590393155813,16308.143790927716,13.910771430373625
1728811134,6690,,Aggregated,2053.300000,0.000000,210,460,610,710,960,1200,1500,1900,4600,5000,16000,954222,0,210.0,368.8164372449636,0.6749590393155813,16308.143790927716,13.910754520436544
1728811135,6700,,Aggregated,2128.900000,0.000000,210,460,610,710,960,1200,1500,1900,4600,5000,16000,956741,0,210.0,370.7186897420296,0.6749590393155813,16308.143790927716,13.910744914245338
1728811136,6710,,Aggregated,2186.000000,0.000000,210,460,610,720,960,1200,1500,1900,4600,5000,16000,959589,0,210.0,372.7064719032472,0.6749590393155813,16308.143790927716,13.910758668554974
1728811138,6720,,Aggregated,2088.700000,0.000000,210,460,620,720,970,1200,1500,1900,4600,5000,16000,961484,0,210.0,373.65725313576274,0.6749590393155813,16308.143790927716,13.910763985672148
1728811139,6730,,Aggregated,2116.600000,0.000000,210,470,620,720,970,1200,1500,1900,4600,5000,16000,963874,0,210.0,375.4995105455134,0.6749590393155813,16308.143790927716,13.910772569858716
1728811140,6740,,Aggregated,2038.700000,0.000000,220,470,620,720,970,1200,1500,1900,4600,5000,16000,966414,0,220.0,377.5700696257766,0.6749590393155813,16308.143790927716,13.91076702117312
1728811141,6750,,Aggregated,2068.200000,0.000000,220,470,630,730,980,1200,1500,1900,4600,5000,16000,969151,0,220.0,379.58974358333137,0.6749590393155813,16308.143790927716,13.910764163685535
1728811142,6760,,Aggregated,2134.600000,0.000000,220,470,630,730,980,1200,1500,1900,4600,5000,16000,971406,0,220.0,381.25588688327855,0.6749590393155813,16308.143790927716,13.910732484666555
1728811144,6770,,Aggregated,2173.000000,0.000000,220,480,630,740,990,1200,1500,1900,4600,5000,16000,973648,0,220.0,383.27464181881584,0.6749590393155813,16308.143790927716,13.910734680295137
1728811145,6780,,Aggregated,2094.900000,0.000000,230,480,640,740,1000,1200,1600,1900,4600,5000,16000,976689,0,230.0,386.1311926464199,0.6749590393155813,16308.143790927716,13.910715693531923
1728811146,6790,,Aggregated,2028.500000,0.000000,230,480,640,740,1000,1200,1600,1900,4600,5000,16000,979388,0,230.0,388.1642559960616,0.6749590393155813,16308.143790927716,13.910699334686559
1728811147,6800,,Aggregated,2105.300000,0.000000,230,480,640,750,1000,1200,1600,1900,4600,5000,16000,981584,0,230.0,389.66132450771016,0.6749590393155813,16308.143790927716,13.91069842214217
1728811148,6810,,Aggregated,2169.300000,0.000000,240,490,650,750,1000,1200,1600,1900,4600,5000,16000,984170,0,240.0,391.6429452554884,0.6749590393155813,16308.143790927716,13.910694290620523
1728811150,6820,,Aggregated,2095.100000,0.000000,240,490,650,760,1000,1300,1600,1900,4600,5000,16000,986966,0,240.0,393.95408387534906,0.6749590393155813,16308.143790927716,13.910710196703837
1728811151,6830,,Aggregated,2044.300000,0.000000,240,490,650,760,1000,1300,1600,1900,4600,5000,16000,989673,0,240.0,395.5667861636442,0.6749590393155813,16308.143790927716,13.910681608975894
1728811152,6840,,Aggregated,2063.300000,0.000000,240,490,660,760,1000,1300,1600,1900,4600,5000,16000,991954,0,240.0,396.9658083942225,0.6749590393155813,16308.143790927716,13.910648074406676
1728811153,6850,,Aggregated,2113.400000,0.000000,240,500,660,760,1000,1300,1600,1900,4600,5000,16000,994199,0,240.0,398.2787730123776,0.6749590393155813,16308.143790927716,13.910665772144208
1728811154,6860,,Aggregated,2141.400000,0.000000,250,500,660,770,1000,1300,1600,1900,4600,5000,16000,996552,0,250.0,400.1607756169884,0.6749590393155813,16308.143790927716,13.910677014345463
1728811155,6870,,Aggregated,2176.200000,0.000000,250,500,670,770,1000,1300,1600,1900,4600,5000,16000,998791,0,250.0,401.94634374788365,0.6749590393155813,16308.143790927716,13.910691025449768
1728811157,6880,,Aggregated,2247.200000,0.000000,250,510,670,780,1000,1300,1600,1900,4600,5000,16000,1002225,0,250.0,405.415103378738,0.6749590393155813,16308.143790927716,13.910715657661703
1728811158,6890,,Aggregated,1971.400000,0.000000,250,510,670,780,1100,1300,1600,1900,4600,5000,16000,1004692,0,250.0,407.0249327670938,0.6749590393155813,16308.143790927716,13.910706962929932
1728811159,6900,,Aggregated,2116.400000,0.000000,260,510,680,780,1100,1300,1600,1900,4600,5000,16000,1008110,0,260.0,408.89199637947377,0.6749590393155813,16308.143790927716,13.910706172937477
1728811160,6910,,Aggregated,2170.900000,0.000000,260,510,680,790,1100,1300,1600,1900,4600,5000,16000,1010453,0,260.0,410.22739317073547,0.6749590393155813,16308.143790927716,13.91070836545589
1728811161,6920,,Aggregated,2253.500000,0.000000,260,520,680,790,1100,1300,1600,1900,4600,5000,16000,1012546,0,260.0,411.7948027973939,0.6749590393155813,16308.143790927716,13.910718130336795
1728811163,6930,,Aggregated,2199.800000,0.000000,260,520,690,790,1100,1300,1600,1900,4600,5000,16000,1014243,0,260.0,413.1086066271544,0.6749590393155813,16308.143790927716,13.910702859176746
1728811164,6940,,Aggregated,2149.000000,0.000000,260,520,690,800,1100,1300,1600,1900,4600,5000,16000,1017038,0,260.0,415.6824637999669,0.6749590393155813,16308.143790927716,13.910708351113724
1728811165,6950,,Aggregated,2034.800000,0.000000,270,520,690,800,1100,1300,1600,1900,4600,5000,16000,1019916,0,270.0,417.98920144159143,0.6749590393155813,16308.143790927716,13.910706371897293
1728811166,6960,,Aggregated,2092.100000,0.000000,270,530,700,800,1100,1300,1600,1900,4600,5000,16000,1022293,0,270.0,419.6883910022311,0.6749590393155813,16308.143790927716,13.910685097129688
1728811167,6970,,Aggregated,2157.800000,0.000000,270,530,700,810,1100,1300,1600,1900,4600,5000,16000,1024666,0,270.0,421.19816264763574,0.6749590393155813,16308.143790927716,13.910662596397264
1728811169,6980,,Aggregated,2171.000000,0.000000,270,530,700,810,1100,1300,1600,1900,4600,5000,16000,1027213,0,270.0,423.36493162362086,0.6749590393155813,16308.143790927716,13.910642680729314
1728811170,6990,,Aggregated,2077.700000,0.000000,270,540,710,810,1100,1300,1600,2000,4600,5000,16000,1030001,0,270.0,425.84825290960543,0.6749590393155813,16308.143790927716,13.910636979964098
1728811171,7000,,Aggregated,2035.600000,0.000000,280,540,710,820,1100,1300,1600,2000,4600,5000,16000,1033238,0,280.0,428.36209872199026,0.6749590393155813,16308.143790927716,13.910640142929315
1728811172,7010,,Aggregated,2088.200000,0.000000,280,540,720,820,1100,1300,1600,2000,4600,5000,16000,1035427,0,280.0,429.81057197531226,0.6749590393155813,16308.143790927716,13.910640730828923
1728811174,7020,,Aggregated,2109.000000,0.000000,280,540,720,820,1100,1300,1600,2000,4600,5000,16000,1037994,0,280.0,431.61233841766517,0.6749590393155813,16308.143790927716,13.910669040476149
1728811175,7030,,Aggregated,2139.500000,0.000000,280,550,720,830,1100,1300,1700,2000,4600,5000,16000,1040454,0,280.0,433.17214282568807,0.6749590393155813,16308.143790927716,13.910655348530545
1728811176,7040,,Aggregated,2095.600000,0.000000,280,550,720,830,1100,1300,1700,2000,4600,5000,16000,1043038,0,280.0,435.18665139212123,0.6749590393155813,16308.143790927716,13.91065042692596
1728811177,7050,,Aggregated,2082.500000,0.000000,290,550,730,830,1100,1400,1700,2000,4600,5000,16000,1045060,0,290.0,436.48932946343297,0.6749590393155813,16308.143790927716,13.91064340803399
1728811178,7060,,Aggregated,2141.200000,0.000000,290,560,730,840,1100,1400,1700,2000,4600,5000,16000,1048029,0,290.0,439.173486947985,0.6749590393155813,16308.143790927716,13.91066182328924
1728811179,7070,,Aggregated,2089.700000,0.000000,290,560,740,840,1100,1400,1700,2000,4600,5000,16000,1051255,0,290.0,441.4329272976596,0.6749590393155813,16308.143790927716,13.910632529690703
1728811181,7080,,Aggregated,2181.900000,0.000000,290,560,740,850,1100,1400,1700,2000,4600,5000,16000,1053746,0,290.0,442.8894114615774,0.6749590393155813,16308.143790927716,13.910628367747066
1728811182,7090,,Aggregated,2203.400000,0.000000,300,560,740,850,1100,1400,1700,2000,4600,5000,16000,1055899,0,300.0,443.87648547910266,0.6749590393155813,16308.143790927716,13.910641074572473
1728811183,7100,,Aggregated,2149.500000,0.000000,300,570,740,850,1100,1400,1700,2000,4600,5000,16000,1057925,0,300.0,445.32101575156025,0.6749590393155813,16308.143790927716,13.910647730226623
1728811184,7110,,Aggregated,2159.200000,0.000000,300,570,750,860,1100,1400,1700,2000,4600,5000,16000,1060185,0,300.0,447.3512574103859,0.6749590393155813,16308.143790927716,13.910645783518914
1728811185,7120,,Aggregated,2226.600000,0.000000,300,570,750,860,1200,1400,1700,2000,4600,5000,16000,1063666,0,300.0,451.14595725644324,0.6749590393155813,16308.143790927716,13.910649583609892
1728811186,7130,,Aggregated,2190.500000,0.000000,300,580,760,870,1200,1400,1700,2000,4600,5000,16000,1066250,0,300.0,453.2684203101152,0.6749590393155813,16308.143790927716,13.910654161781945
1728811187,7140,,Aggregated,2092.900000,0.000000,310,580,760,870,1200,1400,1700,2000,4600,5000,16000,1068198,0,310.0,454.19662568135556,0.6749590393155813,16308.143790927716,13.910664502273923
1728811188,7150,,Aggregated,2079.900000,0.000000,310,580,760,870,1200,1400,1700,2000,4600,5000,16000,1069713,0,310.0,455.32753120215176,0.6749590393155813,16308.143790927716,13.910662953521179
1728811189,7160,,Aggregated,2187.100000,0.000000,310,580,760,870,1200,1400,1700,2000,4600,5000,16000,1071580,0,310.0,457.0491640826421,0.6749590393155813,16308.143790927716,13.910676757684914
1728811190,7170,,Aggregated,2126.000000,0.000000,310,580,770,880,1200,1400,1700,2000,4600,5000,16000,1073608,0,310.0,458.7654929532268,0.6749590393155813,16308.143790927716,13.91067223791179
1728811192,7180,,Aggregated,2090.700000,0.000000,310,590,770,880,1200,1400,1700,2100,4600,5000,16000,1076310,0,310.0,462.11786863365523,0.6749590393155813,16308.143790927716,13.910653064637511
1728811193,7190,,Aggregated,2010.200000,0.000000,310,590,770,890,1200,1400,1700,2100,4600,5000,16000,1078792,0,310.0,463.9797747377975,0.6749590393155813,16308.143790927716,13.910676015394998
1728811194,7200,,Aggregated,2041.100000,0.000000,310,590,770,890,1200,1400,1700,2100,4600,5000,16000,1080384,0,310.0,464.3169134562253,0.6749590393155813,16308.143790927716,13.910679906403649
1728811195,7210,,Aggregated,2088.100000,0.000000,320,590,780,890,1200,1400,1800,2100,4600,5000,16000,1083323,0,320.0,466.883004506726,0.6749590393155813,16308.143790927716,13.910679455711731
1728811196,7220,,Aggregated,2046.200000,0.000000,320,600,780,890,1200,1400,1800,2100,4600,5000,16000,1086058,0,320.0,468.29591007845397,0.6749590393155813,16308.143790927716,13.910699060271183
1728811197,7230,,Aggregated,2127.600000,0.000000,320,600,780,900,1200,1400,1800,2100,4600,5000,16000,1087507,0,320.0,469.21359592254163,0.6749590393155813,16308.143790927716,13.910691149574209
1728811198,7240,,Aggregated,2132.200000,0.000000,320,600,790,900,1200,1400,1800,2100,4600,5000,16000,1089823,0,320.0,471.0908422535933,0.6749590393155813,16308.143790927716,13.910687331796082
1728811199,7250,,Aggregated,2066.700000,0.000000,320,600,790,900,1200,1400,1800,2100,4600,5000,16000,1092624,0,320.0,473.08411495234554,0.6749590393155813,16308.143790927716,13.910677415103457
1728811201,7260,,Aggregated,2167.100000,0.000000,330,610,790,910,1200,1400,1800,2100,4600,5000,16000,1095596,0,330.0,475.6170141029116,0.6749590393155813,16308.143790927716,13.910675102866385
1728811202,7270,,Aggregated,2167.100000,0.000000,330,610,790,910,1200,1400,1800,2100,4600,5000,16000,1097808,0,330.0,477.18247115924913,0.6749590393155813,16308.143790927716,13.910672904551616
1728811203,7280,,Aggregated,2174.200000,0.000000,330,610,800,920,1200,1400,1800,2100,4600,5000,16000,1100555,0,330.0,479.38728602932434,0.6749590393155813,16308.143790927716,13.910684154812799
1728811204,7290,,Aggregated,2149.800000,0.000000,330,610,800,920,1200,1400,1800,2100,4600,5000,16000,1102846,0,330.0,481.1989004074302,0.6749590393155813,16308.143790927716,13.910665677710215
1728811205,7300,,Aggregated,2154.600000,0.000000,330,620,810,930,1200,1500,1800,2100,4600,5000,16000,1105537,0,330.0,484.1725361195618,0.6749590393155813,16308.143790927716,13.910680510919128
1728811206,7310,,Aggregated,2176.300000,0.000000,340,620,810,930,1200,1500,1800,2100,4600,5000,16000,1107728,0,340.0,485.53219398440723,0.6749590393155813,16308.143790927716,13.910674822700157
1728811207,7320,,Aggregated,2048.800000,0.000000,340,620,810,930,1200,1500,1800,2100,4600,5000,16000,1109349,0,340.0,487.0086203360642,0.6749590393155813,16308.143790927716,13.910681850346464
1728811208,7330,,Aggregated,2152.100000,0.000000,340,620,810,930,1200,1500,1800,2100,4600,5000,16000,1111265,0,340.0,488.40743172100036,0.6749590393155813,16308.143790927716,13.910702667680527
1728811209,7340,,Aggregated,2093.300000,0.000000,340,630,820,940,1200,1500,1800,2100,4600,5000,16000,1114086,0,340.0,490.80449080243545,0.6749590393155813,16308.143790927716,13.910702584899191
1728811210,7350,,Aggregated,2053.300000,0.000000,340,630,820,940,1200,1500,1800,2100,4600,5000,16000,1116672,0,340.0,493.25973816814144,0.6749590393155813,16308.143790927716,13.910699829493351
1728811211,7360,,Aggregated,2032.600000,0.000000,350,630,820,950,1200,1500,1800,2100,4600,5000,16000,1118795,0,350.0,494.9680207390605,0.6749590393155813,16308.143790927716,13.910705714630472
1728811213,7370,,Aggregated,2109.200000,0.000000,350,640,830,950,1300,1500,1800,2100,4600,5000,16000,1121372,0,350.0,496.37986362237075,0.6749590393155813,16308.143790927716,13.910718298655576
1728811214,7380,,Aggregated,2120.000000,0.000000,350,640,830,950,1300,1500,1800,2100,4600,5000,16000,1123697,0,350.0,498.03097081595007,0.6749590393155813,16308.143790927716,13.910709915573326
1728811215,7390,,Aggregated,2104.100000,0.000000,350,640,830,950,1300,1500,1800,2100,4600,5000,16000,1124893,0,350.0,498.6561390833481,0.6749590393155813,16308.143790927716,13.910720397406687
1728811216,7400,,Aggregated,2097.000000,0.000000,350,640,830,960,1300,1500,1800,2200,4600,5000,16000,1127505,0,350.0,500.74414071976,0.6749590393155813,16308.143790927716,13.910732990097605
1728811217,7410,,Aggregated,2175.100000,0.000000,350,650,840,960,1300,1500,1800,2200,4600,5000,16000,1130213,0,350.0,503.0744270783596,0.6749590393155813,16308.143790927716,13.91074160357384
1728811218,7420,,Aggregated,2080.200000,0.000000,360,650,840,970,1300,1500,1900,2200,4600,5000,16000,1133046,0,360.0,505.67883099058093,0.6749590393155813,16308.143790927716,13.910736192528812
1728811219,7430,,Aggregated,2158.300000,0.000000,360,650,840,970,1300,1500,1900,2200,4600,5000,16000,1134917,0,360.0,506.8251353276902,0.6749590393155813,16308.143790927716,13.91073003576473
1728811220,7440,,Aggregated,2084.000000,0.000000,360,650,850,970,1300,1500,1900,2200,4600,5000,16000,1136950,0,360.0,508.548115054693,0.6749590393155813,16308.143790927716,13.91073661990413
1728811221,7450,,Aggregated,2136.300000,0.000000,360,660,850,970,1300,1500,1900,2200,4600,5000,16000,1139337,0,360.0,510.11637833378296,0.6749590393155813,16308.143790927716,13.910740193638933
1728811222,7460,,Aggregated,2167.900000,0.000000,360,660,850,980,1300,1500,1900,2200,4600,5000,16000,1141742,0,360.0,511.3294927219246,0.6749590393155813,16308.143790927716,13.910740780316393
1728811223,7470,,Aggregated,2176.900000,0.000000,370,660,860,980,1300,1500,1900,2200,4600,5100,16000,1143988,0,370.0,513.3049626601351,0.6749590393155813,16308.143790927716,13.910730706965458
1728811225,7480,,Aggregated,2101.100000,0.000000,370,660,860,980,1300,1500,1900,2200,4600,5800,16000,1146428,0,370.0,515.3657318999112,0.6749590393155813,16308.143790927716,13.910755843367399
1728811226,7490,,Aggregated,2089.400000,0.000000,370,670,860,990,1300,1500,1900,2200,4600,5800,16000,1149318,0,370.0,517.9725953365038,0.6749590393155813,16308.143790927716,13.910744458887793
1728811227,7500,,Aggregated,2153.000000,0.000000,370,670,870,990,1300,1500,1900,2200,4600,5900,16000,1151925,0,370.0,520.4457881046667,0.6749590393155813,16308.143790927716,13.91073116739371
1728811228,7510,,Aggregated,2126.100000,0.000000,370,670,870,990,1300,1500,1900,2200,4600,5900,16000,1153922,0,370.0,521.7631821856274,0.6749590393155813,16308.143790927716,13.910724468378278
1728811229,7520,,Aggregated,2056.900000,0.000000,380,670,870,1000,1300,1600,1900,2200,4600,5900,16000,1156558,0,380.0,523.4855664752404,0.6749590393155813,16308.143790927716,13.910700544200983
1728811230,7530,,Aggregated,2157.500000,0.000000,380,680,870,1000,1300,1600,1900,2200,4600,5900,16000,1158391,0,380.0,524.6045935200726,0.6749590393155813,16308.143790927716,13.910701999583905
1728811231,7540,,Aggregated,2172.600000,0.000000,380,680,880,1000,1300,1600,1900,2200,4600,6200,16000,1160627,0,380.0,526.1527376481164,0.6749590393155813,16308.143790927716,13.910705161951256
1728811232,7550,,Aggregated,2149.000000,0.000000,380,680,880,1000,1300,1600,1900,2200,4600,6500,16000,1162578,0,380.0,527.3729042100623,0.6749590393155813,16308.143790927716,13.910694164176512
1728811234,7560,,Aggregated,2149.300000,0.000000,380,680,880,1000,1300,1600,1900,2200,4600,6600,16000,1165867,0,380.0,529.9482314939848,0.6749590393155813,16308.143790927716,13.910692214463571
1728811235,7570,,Aggregated,2147.700000,0.000000,380,690,890,1000,1300,1600,1900,2200,4600,6600,16000,1168276,0,380.0,531.8998533618037,0.6749590393155813,16308.143790927716,13.910677785043944
1728811236,7580,,Aggregated,2187.800000,0.000000,390,690,890,1000,1300,1600,1900,2300,4600,6600,16000,1170841,0,390.0,534.2484858523072,0.6749590393155813,16308.143790927716,13.910668485302445
1728811237,7590,,Aggregated,2155.700000,0.000000,390,690,890,1000,1300,1600,1900,2300,4600,6600,16000,1173006,0,390.0,535.9367967877806,0.6749590393155813,16308.143790927716,13.910657745996184
1728811238,7600,,Aggregated,2186.200000,0.000000,390,690,890,1000,1300,1600,1900,2300,4600,6600,16000,1174190,0,390.0,536.7342618689731,0.6749590393155813,16308.143790927716,13.910653301424812
1728811239,7610,,Aggregated,2200.400000,0.000000,390,700,900,1000,1300,1600,1900,2300,4600,6600,16000,1177212,0,390.0,539.0722990554873,0.6749590393155813,16308.143790927716,13.910666048256388
1728811240,7620,,Aggregated,2148.000000,0.000000,390,700,900,1000,1300,1600,1900,2300,4600,6600,16000,1180020,0,390.0,540.5501055636715,0.6749590393155813,16308.143790927716,13.910670158132913
1728811241,7630,,Aggregated,2187.800000,0.000000,390,700,900,1000,1300,1600,1900,2300,4600,6600,16000,1182236,0,390.0,541.8418801438532,0.6749590393155813,16308.143790927716,13.910673503429095
1728811242,7640,,Aggregated,2214.200000,0.000000,400,700,910,1000,1300,1600,1900,2300,4600,6700,16000,1184432,0,400.0,543.4393021055948,0.6749590393155813,16308.143790927716,13.910685459359422
1728811243,7650,,Aggregated,2177.100000,0.000000,400,710,910,1000,1300,1600,2000,2300,4600,6800,16000,1186485,0,400.0,545.5461752660178,0.6749590393155813,16308.143790927716,13.910676494013831
1728811245,7660,,Aggregated,2057.200000,0.000000,400,710,910,1000,1300,1600,2000,2300,4600,7000,16000,1188639,0,400.0,548.7907335623024,0.6749590393155813,16308.143790927716,13.91068019810893
1728811246,7670,,Aggregated,2065.000000,0.000000,400,710,920,1000,1300,1600,2000,2400,4700,7000,16000,1191873,0,400.0,551.756566199126,0.6749590393155813,16308.143790927716,13.910679241831973
1728811247,7680,,Aggregated,2045.000000,0.000000,400,710,920,1100,1400,1600,2000,2400,4700,7000,16000,1194306,0,400.0,553.7501865510905,0.6749590393155813,16308.143790927716,13.910660249550785
1728811248,7690,,Aggregated,2120.500000,0.000000,410,720,920,1100,1400,1600,2000,2400,4700,7000,16000,1196476,0,410.0,555.0892189719674,0.6749590393155813,16308.143790927716,13.910663481758096
1728811249,7700,,Aggregated,2155.600000,0.000000,410,720,920,1100,1400,1600,2000,2400,4700,7000,16000,1198652,0,410.0,556.4494142707136,0.6749590393155813,16308.143790927716,13.910661309537714
1728811251,7710,,Aggregated,2169.000000,0.000000,410,720,930,1100,1400,1600,2000,2400,4700,7000,16000,1201786,0,410.0,558.9970572415646,0.6749590393155813,16308.143790927716,13.910657138625346
1728811252,7720,,Aggregated,1988.000000,0.000000,410,730,930,1100,1400,1600,2000,2400,4700,7000,16000,1204740,0,410.0,561.4129911727088,0.6749590393155813,16308.143790927716,13.910642960306788
1728811253,7730,,Aggregated,1997.400000,0.000000,410,730,940,1100,1400,1600,2000,2400,4700,7000,16000,1207549,0,410.0,563.3996766612263,0.6749590393155813,16308.143790927716,13.910656213536676
1728811255,7740,,Aggregated,2154.900000,0.000000,420,730,940,1100,1400,1600,2000,2400,4700,7000,16000,1209731,0,420.0,565.0368381036574,0.6749590393155813,16308.143790927716,13.910651210889032
1728811256,7750,,Aggregated,2184.100000,0.000000,420,740,940,1100,1400,1600,2000,2400,4700,7000,16000,1212804,0,420.0,567.791745955851,0.6749590393155813,16308.143790927716,13.91065910072856
1728811257,7760,,Aggregated,2130.200000,0.000000,420,740,950,1100,1400,1700,2000,2400,4700,7000,16000,1215287,0,420.0,570.4559848103919,0.6749590393155813,16308.143790927716,13.91064250666715
1728811258,7770,,Aggregated,2092.200000,0.000000,420,740,950,1100,1400,1700,2000,2400,4700,7000,16000,1217434,0,420.0,571.8860272544675,0.6749590393155813,16308.143790927716,13.910633348501849
1728811259,7780,,Aggregated,2062.700000,0.000000,420,740,950,1100,1400,1700,2100,2400,4700,7000,16000,1219186,0,420.0,573.4548501015189,0.6749590393155813,16308.143790927716,13.910646939843469
1728811260,7790,,Aggregated,2054.000000,0.000000,420,750,960,1100,1400,1700,2100,2400,4700,7000,16000,1221994,0,420.0,575.7410734961975,0.6749590393155813,16308.143790927716,13.910650134125044
1728811261,7800,,Aggregated,2054.800000,0.000000,430,750,960,1100,1400,1700,2100,2400,4700,7000,16000,1223936,0,430.0,577.1070183719064,0.6749590393155813,16308.143790927716,13.91063993542146
1728811262,7810,,Aggregated,2209.200000,0.000000,430,750,960,1100,1400,1700,2100,2500,4700,7000,16000,1226663,0,430.0,579.9601993856608,0.6749590393155813,16308.143790927716,13.910644569861486
1728811263,7820,,Aggregated,2144.800000,0.000000,430,760,970,1100,1400,1700,2100,2500,4700,7000,16000,1228899,0,430.0,581.9650930036539,0.6749590393155813,16308.143790927716,13.910641964880758
1728811264,7830,,Aggregated,1934.600000,0.000000,430,760,970,1100,1400,1700,2100,2500,4700,7000,16000,1230832,0,430.0,583.2540092760058,0.6749590393155813,16308.143790927716,13.910643369688145
1728811266,7840,,Aggregated,2143.700000,0.000000,430,760,970,1100,1400,1700,2100,2500,4700,7000,16000,1233688,0,430.0,585.2103091244394,0.6749590393155813,16308.143790927716,13.910644344437168
1728811267,7850,,Aggregated,2115.000000,0.000000,430,760,980,1100,1400,1700,2100,2500,4700,7000,16000,1236245,0,430.0,586.4946339791118,0.6749590393155813,16308.143790927716,13.910643116857905
1728811268,7860,,Aggregated,2115.000000,0.000000,440,770,980,1100,1400,1700,2100,2500,4700,7000,16000,1238600,0,440.0,587.711507840281,0.6749590393155813,16308.143790927716,13.91066445987405
1728811269,7870,,Aggregated,2139.300000,0.000000,440,770,980,1100,1400,1700,2100,2500,4700,7000,16000,1240801,0,440.0,589.1064785937398,0.6749590393155813,16308.143790927716,13.910674636787043
1728811271,7880,,Aggregated,2218.700000,0.000000,440,770,990,1100,1400,1700,2100,2500,4800,7100,16000,1244085,0,440.0,592.0571581387238,0.6749590393155813,16308.143790927716,13.910674913691588
1728811272,7890,,Aggregated,2097.300000,0.000000,440,780,990,1100,1400,1700,2100,2500,4800,7100,16000,1247227,0,440.0,594.5784348251228,0.6749590393155813,16308.143790927716,13.910673838844092
1728811273,7900,,Aggregated,2085.100000,0.000000,440,780,990,1100,1400,1700,2100,2500,4800,7200,16000,1249703,0,440.0,596.4780027762105,0.6749590393155813,16308.143790927716,13.910657172144102
1728811274,7910,,Aggregated,2304.700000,0.000000,450,780,1000,1100,1400,1700,2100,2500,4900,7200,16000,1251694,0,450.0,597.9612243512851,0.6749590393155813,16308.143790927716,13.910657077528533
1728811275,7920,,Aggregated,2234.100000,0.000000,450,780,1000,1100,1400,1700,2100,2500,4900,7200,16000,1253131,0,450.0,599.3379702284831,0.6749590393155813,16308.143790927716,13.910662971389264
1728811276,7930,,Aggregated,2171.600000,0.000000,450,790,1000,1100,1400,1700,2100,2500,4900,7200,16000,1255785,0,450.0,601.5455820864493,0.6749590393155813,16308.143790927716,13.910640754587767
1728811277,7940,,Aggregated,2138.500000,0.000000,450,790,1000,1100,1400,1700,2100,2500,4900,7200,16000,1258056,0,450.0,603.6563791926316,0.6749590393155813,16308.143790927716,13.91065580546494
1728811278,7950,,Aggregated,2142.000000,0.000000,450,790,1000,1100,1400,1700,2100,2500,4900,7200,16000,1260029,0,450.0,605.3115861402993,0.6749590393155813,16308.143790927716,13.91066951633653
1728811279,7960,,Aggregated,2140.200000,0.000000,450,790,1000,1100,1400,1700,2100,2500,5000,7200,16000,1262830,0,450.0,607.6090159665764,0.6749590393155813,16308.143790927716,13.910679188806094
1728811280,7970,,Aggregated,1999.300000,0.000000,460,790,1000,1100,1400,1700,2100,2500,5000,7200,16000,1264027,0,460.0,608.3731229399524,0.6749590393155813,16308.143790927716,13.910694154476131
1728811281,7980,,Aggregated,2126.400000,0.000000,460,800,1000,1200,1400,1700,2100,2500,5100,7200,16000,1267001,0,460.0,611.2974787400295,0.6749590393155813,16308.143790927716,13.910671735854983
1728811282,7990,,Aggregated,2101.900000,0.000000,460,800,1000,1200,1500,1700,2200,2500,5300,7300,16000,1269929,0,460.0,613.7071805909227,0.6749590393155813,16308.143790927716,13.910657209970006
1728811283,8000,,Aggregated,2190.700000,0.000000,460,800,1000,1200,1500,1800,2200,2500,5300,7300,16000,1272238,0,460.0,615.5990337465025,0.6749590393155813,16308.143790927716,13.910649579717003
1728811285,8010,,Aggregated,2077.700000,0.000000,460,810,1000,1200,1500,1800,2200,2500,5300,7300,16000,1275028,0,460.0,617.4268013567199,0.6749590393155813,16308.143790927716,13.910656864006123
1728811286,8020,,Aggregated,2082.400000,0.000000,470,810,1000,1200,1500,1800,2200,2600,5400,7300,16000,1277219,0,470.0,619.0001653104057,0.6749590393155813,16308.143790927716,13.910669196120635
1728811287,8030,,Aggregated,2276.200000,0.000000,470,810,1000,1200,1500,1800,2200,2600,5400,7300,16000,1279516,0,470.0,620.7608491493588,0.6749590393155813,16308.143790927716,13.910678725393039
1728811288,8040,,Aggregated,2110.900000,0.000000,470,810,1000,1200,1500,1800,2200,2600,5400,7300,16000,1280442,0,470.0,621.3467875011023,0.6749590393155813,16308.143790927716,13.910676157139488
1728811289,8050,,Aggregated,2109.100000,0.000000,470,810,1000,1200,1500,1800,2200,2600,5400,7300,16000,1283925,0,470.0,625.2159120653718,0.6749590393155813,16308.143790927716,13.910651323091303
1728811290,8060,,Aggregated,2178.000000,0.000000,470,820,1000,1200,1500,1800,2200,2600,5400,7400,16000,1286068,0,470.0,627.6746516466503,0.6749590393155813,16308.143790927716,13.910644693748697
1728811291,8070,,Aggregated,2024.900000,0.000000,470,820,1000,1200,1500,1800,2200,2600,5500,7400,16000,1287446,0,470.0,629.2238296644351,0.6749590393155813,16308.143790927716,13.910625377685744
1728811293,8080,,Aggregated,2054.400000,0.000000,480,820,1000,1200,1500,1800,2200,2600,5600,7400,16000,1290679,0,480.0,632.5851850409218,0.6749590393155813,16308.143790927716,13.910626887088114
1728811294,8090,,Aggregated,1954.200000,0.000000,480,830,1100,1200,1500,1800,2200,2600,5600,7400,16000,1293548,0,480.0,634.6408866744014,0.6749590393155813,16308.143790927716,13.910655035607492
1728811295,8100,,Aggregated,2041.100000,0.000000,480,830,1100,1200,1500,1800,2300,2600,5700,7400,16000,1295863,0,480.0,636.5093110696982,0.6749590393155813,16308.143790927716,13.910668797550358
1728811296,8110,,Aggregated,2072.200000,0.000000,480,830,1100,1200,1500,1800,2300,2700,5700,7400,16000,1298187,0,480.0,638.4074612802564,0.6749590393155813,16308.143790927716,13.910666182915095
1728811297,8120,,Aggregated,1970.400000,0.000000,480,830,1100,1200,1500,1800,2300,2700,5700,7400,16000,1299272,0,480.0,639.2331950691428,0.6749590393155813,16308.143790927716,13.910656890935847
1728811298,8130,,Aggregated,2009.200000,0.000000,480,840,1100,1200,1500,1800,2300,2700,5800,7400,16000,1302344,0,480.0,642.0999894723777,0.6749590393155813,16308.143790927716,13.910653406473251
1728811300,8140,,Aggregated,2053.500000,0.000000,490,840,1100,1200,1500,1800,2300,2700,5900,7400,16000,1305654,0,490.0,645.1339563065309,0.6749590393155813,16308.143790927716,13.910655502912716
1728811301,8150,,Aggregated,2022.500000,0.000000,490,840,1100,1200,1500,1800,2300,2700,5900,7400,16000,1308628,0,490.0,646.9646548582731,0.6749590393155813,16308.143790927716,13.910654517555791
1728811302,8160,,Aggregated,2146.100000,0.000000,490,850,1100,1200,1500,1800,2300,2700,5900,7400,16000,1310571,0,490.0,648.0722905608474,0.6749590393155813,16308.143790927716,13.910661841289025
1728811303,8170,,Aggregated,2156.000000,0.000000,490,850,1100,1200,1500,1800,2300,2700,5900,7400,16000,1312559,0,490.0,649.7233358802137,0.6749590393155813,16308.143790927716,13.910672205973217
1728811304,8180,,Aggregated,2276.400000,0.000000,490,850,1100,1200,1500,1800,2300,2700,6000,7500,16000,1314931,0,490.0,652.7791705456622,0.6749590393155813,16308.143790927716,13.910661471970773
1728811305,8190,,Aggregated,2115.800000,0.000000,500,850,1100,1200,1500,1900,2300,2700,6100,7500,16000,1317369,0,500.0,655.5929736681313,0.6749590393155813,16308.143790927716,13.910667398428231
1728811306,8200,,Aggregated,1958.500000,0.000000,500,860,1100,1200,1500,1900,2300,2700,6100,7500,16000,1319312,0,500.0,657.764842830552,0.6749590393155813,16308.143790927716,13.910668590901924
1728811307,8210,,Aggregated,2112.800000,0.000000,500,860,1100,1200,1500,1900,2300,2700,6200,7500,16000,1321525,0,500.0,660.1463255308119,0.6749590393155813,16308.143790927716,13.910665329827284
1728811309,8220,,Aggregated,2072.900000,0.000000,500,860,1100,1200,1500,1900,2300,2700,6200,7600,16000,1323081,0,500.0,661.3742218893684,0.6749590393155813,16308.143790927716,13.910657019487092
1728811310,8230,,Aggregated,2023.200000,0.000000,500,860,1100,1200,1600,1900,2300,2700,6200,7600,16000,1325809,0,500.0,663.9295463346397,0.6749590393155813,16308.143790927716,13.910664356630555
1728811311,8240,,Aggregated,2073.200000,0.000000,510,870,1100,1200,1600,1900,2400,2800,6200,7600,16000,1328500,0,510.0,666.6299406023775,0.6749590393155813,16308.143790927716,13.91067595031991
1728811312,8250,,Aggregated,1997.600000,0.000000,510,870,1100,1200,1600,1900,2400,2800,6200,7600,16000,1329373,0,510.0,667.5046451276078,0.6749590393155813,16308.143790927716,13.9106691650876
1728811313,8260,,Aggregated,1944.300000,0.000000,510,870,1100,1200,1600,1900,2400,2800,6200,7600,16000,1332862,0,510.0,670.7282035444294,0.6749590393155813,16308.143790927716,13.910681675972457
1728811314,8270,,Aggregated,1913.000000,0.000000,510,880,1100,1200,1600,1900,2400,2800,6200,7600,16000,1335212,0,510.0,672.524205264628,0.6749590393155813,16308.143790927716,13.910683846460337
1728811316,8280,,Aggregated,2163.700000,0.000000,510,880,1100,1200,1600,1900,2400,2800,6300,7600,16000,1337990,0,510.0,675.107094646911,0.6749590393155813,16308.143790927716,13.910672725506169
1728811317,8290,,Aggregated,1935.200000,0.000000,520,880,1100,1200,1600,1900,2400,2800,6300,7600,16000,1341321,0,520.0,677.2448652045783,0.6749590393155813,16308.143790927716,13.910674625984385
1728811318,8300,,Aggregated,2061.000000,0.000000,520,880,1100,1200,1600,1900,2400,2800,6300,7600,16000,1343292,0,520.0,678.9331666130009,0.6749590393155813,16308.143790927716,13.910663504286484
1728811319,8310,,Aggregated,2139.400000,0.000000,520,890,1100,1200,1600,1900,2400,2900,6200,7600,16000,1345749,0,520.0,681.8154908296125,0.6749590393155813,16308.143790927716,13.910677251107005
1728811320,8320,,Aggregated,2003.300000,0.000000,520,890,1100,1300,1600,1900,2400,2900,6200,7600,16000,1347147,0,520.0,682.8127255343854,0.6749590393155813,16308.143790927716,13.910672703127425
1728811321,8330,,Aggregated,2080.200000,0.000000,520,890,1100,1300,1600,1900,2500,2900,6200,7600,16000,1350498,0,520.0,685.8830247098446,0.6749590393155813,16308.143790927716,13.910651478195451
1728811323,8340,,Aggregated,2081.900000,0.000000,530,890,1100,1300,1600,1900,2500,2900,6200,7600,16000,1353022,0,530.0,687.3229909931292,0.6749590393155813,16308.143790927716,13.91065777200962
1728811324,8350,,Aggregated,2139.300000,0.000000,530,900,1100,1300,1600,2000,2500,2900,6200,7600,16000,1356727,0,530.0,689.9826365033333,0.6749590393155813,16308.143790927716,13.910659255694034
1728811326,8360,,Aggregated,2060.000000,0.000000,530,900,1100,1300,1600,2000,2500,2900,6200,7600,16000,1359796,0,530.0,691.3204235332204,0.6749590393155813,16308.143790927716,13.910678513541738
1728811327,8370,,Aggregated,2302.600000,0.000000,530,900,1100,1300,1600,2000,2500,2900,6200,7600,16000,1361259,0,530.0,692.1471801257142,0.6749590393155813,16308.143790927716,13.910677541893204
1728811328,8380,,Aggregated,2302.600000,0.000000,530,910,1100,1300,1600,2000,2500,2900,6200,7600,16000,1363770,0,530.0,693.9348452128576,0.6749590393155813,16308.143790927716,13.910671154226886
1728811329,8390,,Aggregated,1996.000000,0.000000,540,910,1100,1300,1600,2000,2500,2900,6300,7700,16000,1365684,0,540.0,696.0538433513199,0.6749590393155813,16308.143790927716,13.910687977599503
1728811330,8400,,Aggregated,2220.500000,0.000000,540,910,1100,1300,1600,2000,2500,2900,6300,7700,16000,1366431,0,540.0,696.8968147902046,0.6749590393155813,16308.143790927716,13.910676792315163
1728811331,8410,,Aggregated,2178.200000,0.000000,540,920,1200,1300,1600,2000,2500,2900,6400,7800,16000,1370254,0,540.0,702.6605044913983,0.6749590393155813,16308.143790927716,13.910696119113682
1728811332,8420,,Aggregated,1962.200000,0.000000,540,920,1200,1300,1600,2000,2500,2900,6400,7800,16000,1371394,0,540.0,704.0839203508373,0.6749590393155813,16308.143790927716,13.910702540626545
1728811333,8430,,Aggregated,2038.500000,0.000000,540,920,1200,1300,1600,2000,2500,3000,6500,8000,16000,1375298,0,540.0,708.7473750365498,0.6749590393155813,16308.143790927716,13.910716077533742
1728811335,8440,,Aggregated,2035.900000,0.000000,550,920,1200,1300,1600,2000,2500,3000,6500,8000,16000,1377857,0,550.0,710.1941785986538,0.6749590393155813,16308.143790927716,13.910720778716515
1728811336,8450,,Aggregated,1963.800000,0.000000,550,930,1200,1300,1600,2000,2500,3000,6500,8000,16000,1379898,0,550.0,711.2042527314446,0.6749590393155813,16308.143790927716,13.91073398178706
1728811337,8460,,Aggregated,1959.200000,0.000000,550,930,1200,1300,1600,2000,2500,3000,6500,8000,16000,1382766,0,550.0,712.9591815779826,0.6749590393155813,16308.143790927716,13.910737608532463
1728811338,8470,,Aggregated,2008.100000,0.000000,550,930,1200,1300,1600,2000,2500,3000,6500,8000,16000,1385463,0,550.0,714.9926545715942,0.6749590393155813,16308.143790927716,13.910742473815613
1728811339,8480,,Aggregated,2149.800000,0.000000,550,940,1200,1300,1600,2000,2500,3000,6500,8000,16000,1387947,0,550.0,716.9656331912138,0.6749590393155813,16308.143790927716,13.910718492853114
1728811340,8490,,Aggregated,2096.000000,0.000000,550,940,1200,1300,1700,2000,2600,3000,6500,8000,16000,1390172,0,550.0,719.1218409915753,0.6749590393155813,16308.143790927716,13.910721119401053
1728811342,8500,,Aggregated,2283.200000,0.000000,560,940,1200,1300,1700,2000,2600,3000,6500,8000,16000,1392571,0,560.0,720.7050653182666,0.6749590393155813,16308.143790927716,13.910723402971913
1728811343,8510,,Aggregated,2283.200000,0.000000,560,940,1200,1300,1700,2000,2600,3000,6500,8000,16000,1394695,0,560.0,722.340514305714,0.6749590393155813,16308.143790927716,13.910723850017387
1728811344,8520,,Aggregated,2163.100000,0.000000,560,950,1200,1300,1700,2000,2600,3000,6600,8000,16000,1397238,0,560.0,724.7039391039483,0.6749590393155813,16308.143790927716,13.910737469207108
1728811345,8530,,Aggregated,2132.600000,0.000000,560,950,1200,1300,1700,2100,2600,3000,6600,8000,16000,1399383,0,560.0,727.2887716777354,0.6749590393155813,16308.143790927716,13.910749951943107
1728811346,8540,,Aggregated,2186.000000,0.000000,560,950,1200,1300,1700,2100,2600,3000,6600,8000,16000,1401972,0,560.0,729.4511287055939,0.6749590393155813,16308.143790927716,13.91072860228307
1728811347,8550,,Aggregated,1977.400000,0.000000,570,950,1200,1300,1700,2100,2600,3000,6600,8000,16000,1404927,0,570.0,732.3752989698488,0.6749590393155813,16308.143790927716,13.910718492846959
1728811348,8560,,Aggregated,2145.300000,0.000000,570,960,1200,1300,1700,2100,2600,3000,6600,8000,16000,1407586,0,570.0,734.6893334265902,0.6749590393155813,16308.143790927716,13.910731564536732
1728811350,8570,,Aggregated,2027.000000,0.000000,570,960,1200,1300,1700,2100,2600,3000,6600,8000,16000,1410066,0,570.0,736.3355851784432,0.6749590393155813,16308.143790927716,13.910726164590878
1728811351,8580,,Aggregated,2219.700000,0.000000,570,960,1200,1300,1700,2100,2600,3000,6600,8000,16000,1411574,0,570.0,737.5631301443644,0.6749590393155813,16308.143790927716,13.910735108467568
1728811352,8590,,Aggregated,2051.200000,0.000000,570,960,1200,1300,1700,2100,2600,3100,6600,8000,16000,1413969,0,570.0,739.2930865354954,0.6749590393155813,16308.143790927716,13.910735666764971
1728811353,8600,,Aggregated,1976.500000,0.000000,580,970,1200,1300,1700,2100,2600,3100,6600,8000,16000,1416766,0,580.0,741.2135637650177,0.6749590393155813,16308.143790927716,13.910740376321849
1728811354,8610,,Aggregated,2139.100000,0.000000,580,970,1200,1300,1700,2100,2700,3100,6600,8000,16000,1418641,0,580.0,743.3287818293347,0.6749590393155813,16308.143790927716,13.910742746050621
1728811355,8620,,Aggregated,2157.400000,0.000000,580,970,1200,1300,1700,2100,2700,3100,6600,8000,16000,1420574,0,580.0,745.678403661075,0.6749590393155813,16308.143790927716,13.91075368125842
