Timestamp,User Count,Type,Name,Requests/s,Failures/s,50%,66%,75%,80%,90%,95%,98%,99%,99.9%,99.99%,100%,Total Request Count,Total Failure Count,Total Median Response Time,Total Average Response Time,Total Min Response Time,Total Max Response Time,Total Average Content Size
1728812735,0,,Aggregated,0.000000,0.000000,N/A,N/A,N/A,N/A,N/A,N/A,N/A,N/A,N/A,N/A,N/A,0,0,0,0.0,0,0,0
1728812736,10,,Aggregated,0.000000,0.000000,33,35,35,35,39,39,39,39,39,39,39,10,0,33,33.406503894366324,29.789916006848216,39.22608296852559,14.0
1728812737,20,,Aggregated,0.000000,0.000000,15,31,33,33,35,35,39,39,39,39,39,23,0,15,19.92460495144453,2.444041892886162,39.22608296852559,13.91304347826087
1728812738,30,,Aggregated,10.000000,0.000000,11,15,18,30,33,35,39,39,39,39,39,44,0,10,13.939522653923962,1.841624965891242,39.22608296852559,13.931818181818182
1728812739,40,,Aggregated,10.000000,0.000000,9,11,13,15,33,35,35,39,39,39,39,70,0,9,10.726652252820454,1.800083089619875,39.22608296852559,13.942857142857143
1728812740,50,,Aggregated,12.000000,0.000000,8,12,15,31,120,150,150,150,150,150,150,97,0,8,25.503787280482808,1.800083089619875,151.26558300107718,13.938144329896907
1728812741,60,,Aggregated,15.000000,0.000000,3,10,13,15,35,150,150,150,150,150,150,132,0,3,19.979357543034535,1.383500057272613,151.26558300107718,13.931818181818182
1728812742,70,,Aggregated,17.000000,0.000000,3,9,12,14,33,150,150,150,150,150,150,175,0,3,16.26846633851528,1.2793750502169132,151.26558300107718,13.914285714285715
1728812743,80,,Aggregated,18.833333,0.000000,3,7,10,12,30,120,150,150,150,150,150,220,0,3,13.67084955881265,1.118500018492341,151.26558300107718,13.909090909090908
1728812744,90,,Aggregated,22.000000,0.000000,3,6,10,11,16,35,150,150,150,150,150,269,0,3,12.049146161456228,1.118500018492341,151.26558300107718,13.910780669144982
1728812745,100,,Aggregated,24.500000,0.000000,3,4,9,10,15,33,150,150,150,150,150,331,0,3,10.513402789259988,1.118500018492341,151.26558300107718,13.900302114803626
1728812746,110,,Aggregated,27.444444,0.000000,3,3,8,10,14,31,150,150,150,150,150,382,0,3,9.603954605387612,1.118500018492341,151.26558300107718,13.900523560209423
1728812747,120,,Aggregated,29.300000,0.000000,3,3,7,9,13,19,150,150,150,150,150,445,0,3,8.686326476065128,1.118500018492341,151.26558300107718,13.898876404494382
1728812748,130,,Aggregated,34.000000,0.000000,3,3,6,9,13,16,120,150,150,150,150,521,0,3,7.904358350961414,1.118500018492341,151.26558300107718,13.904030710172744
1728812749,140,,Aggregated,39.200000,0.000000,3,3,4,8,12,15,110,150,150,150,150,599,0,3,7.357204765763961,1.0462090140208602,151.26558300107718,13.909849749582637
1728812750,150,,Aggregated,44.400000,0.000000,2,3,4,7,12,15,35,150,150,150,150,677,0,2,6.8966216054171365,1.0462090140208602,151.26558300107718,13.909896602658788
1728812751,160,,Aggregated,49.000000,0.000000,3,3,4,7,12,14,35,150,150,150,150,755,0,3,6.59867378016502,1.0462090140208602,151.26558300107718,13.90860927152318
1728812752,170,,Aggregated,54.400000,0.000000,2,3,4,7,11,14,33,150,150,150,150,852,0,2,6.191141128254739,1.0462090140208602,151.26558300107718,13.916666666666666
1728812753,180,,Aggregated,59.100000,0.000000,2,3,3,5,11,14,31,120,150,150,150,957,0,2,5.810994026713392,1.0462090140208602,151.26558300107718,13.918495297805643
1728812754,190,,Aggregated,64.000000,0.000000,2,3,3,5,10,13,30,120,150,150,150,1057,0,2,5.562736390003461,1.0462090140208602,151.26558300107718,13.915799432355724
1728812755,200,,Aggregated,69.700000,0.000000,2,3,3,4,10,13,19,110,150,150,150,1161,0,2,5.322664148779064,1.0462090140208602,151.26558300107718,13.916451335055987
1728812756,210,,Aggregated,74.700000,0.000000,2,3,3,4,10,13,18,39,150,150,150,1275,0,2,5.094181627272537,1.0462090140208602,151.26558300107718,13.916078431372549
1728812757,220,,Aggregated,79.400000,0.000000,2,3,3,4,10,13,16,35,150,150,150,1395,0,2,4.909248563200636,1.0439580073580146,151.26558300107718,13.9168458781362
1728812758,230,,Aggregated,84.700000,0.000000,2,3,3,4,9,12,15,35,150,150,150,1511,0,2,4.749504930366257,1.0439580073580146,151.26558300107718,13.913302448709464
1728812759,240,,Aggregated,90.700000,0.000000,2,3,3,4,9,12,15,33,150,150,150,1641,0,2,4.612172451659148,1.0439580073580146,151.26558300107718,13.914076782449726
1728812760,250,,Aggregated,96.000000,0.000000,2,3,3,4,9,12,14,33,150,150,150,1766,0,2,4.4776882217814125,1.0439580073580146,151.26558300107718,13.912231030577576
1728812761,260,,Aggregated,100.700000,0.000000,2,3,3,4,9,12,14,31,150,150,150,1904,0,2,4.3654121728658,0.9989169193431735,151.26558300107718,13.91281512605042
1728812762,270,,Aggregated,105.900000,0.000000,2,3,3,4,9,12,14,30,150,150,150,2050,0,2,4.358705080954767,0.8730000117793679,151.26558300107718,13.914634146341463
1728812763,280,,Aggregated,112.500000,0.000000,2,3,3,4,9,12,14,30,150,150,150,2198,0,2,4.264259914661231,0.8730000117793679,151.26558300107718,13.915832575068244
1728812764,290,,Aggregated,116.100000,0.000000,2,3,3,4,9,12,14,24,150,150,150,2340,0,2,4.198700728483944,0.8730000117793679,151.26558300107718,13.914529914529915
1728812765,300,,Aggregated,120.900000,0.000000,2,3,3,3,9,12,14,22,150,150,150,2495,0,2,4.112093855546627,0.8730000117793679,151.26558300107718,13.910220440881764
1728812766,310,,Aggregated,125.800000,0.000000,2,3,3,3,8,12,14,19,150,150,150,2662,0,2,4.0286066895123405,0.8730000117793679,151.26558300107718,13.910217881292262
1728812767,320,,Aggregated,131.900000,0.000000,2,3,3,3,8,12,14,18,150,150,150,2827,0,2,3.959836845278284,0.8730000117793679,151.26558300107718,13.910152104704634
1728812768,330,,Aggregated,136.500000,0.000000,2,3,3,3,8,12,14,18,150,150,150,3000,0,2,3.8887859345025695,0.8730000117793679,151.26558300107718,13.911
1728812769,340,,Aggregated,139.300000,0.000000,2,3,3,3,8,11,14,17,150,150,150,3178,0,2,3.8160700682882407,0.8730000117793679,151.26558300107718,13.911894273127754
1728812770,350,,Aggregated,144.200000,0.000000,2,3,3,3,8,11,14,16,150,150,150,3370,0,2,3.746551325101162,0.8730000117793679,151.26558300107718,13.912166172106826
1728812771,360,,Aggregated,150.700000,0.000000,2,3,3,3,7,11,14,16,150,150,150,3534,0,2,3.6892707978589243,0.8730000117793679,151.26558300107718,13.912563667232597
1728812772,370,,Aggregated,154.500000,0.000000,2,3,3,3,7,11,14,16,150,150,150,3732,0,2,3.637020430837819,0.8730000117793679,151.26558300107718,13.911575562700964
1728812773,380,,Aggregated,159.800000,0.000000,2,3,3,3,7,11,14,15,150,150,150,3918,0,2,3.590380400942183,0.8730000117793679,151.26558300107718,13.911179173047474
1728812774,390,,Aggregated,165.700000,0.000000,2,3,3,3,7,11,13,15,150,150,150,4150,0,2,3.531512618429555,0.8730000117793679,151.26558300107718,13.910843373493975
1728812775,400,,Aggregated,168.600000,0.000000,2,3,3,3,6,11,13,15,150,150,150,4352,0,2,3.486641407054027,0.8730000117793679,151.26558300107718,13.910386029411764
1728812776,410,,Aggregated,173.800000,0.000000,2,2,3,3,6,11,13,15,150,150,150,4566,0,2,3.440523687902058,0.8730000117793679,151.26558300107718,13.909986859395532
1728812777,420,,Aggregated,180.600000,0.000000,2,2,3,3,6,11,13,15,150,150,150,4778,0,2,3.4170872738445315,0.7548750145360827,151.26558300107718,13.911050648807032
1728812778,430,,Aggregated,184.900000,0.000000,2,2,3,3,6,11,13,15,150,150,150,4987,0,2,3.376199268211738,0.7548750145360827,151.26558300107718,13.909364347302988
1728812779,440,,Aggregated,191.500000,0.000000,2,2,3,3,5,10,13,15,150,150,150,5224,0,2,3.344218039502401,0.7548750145360827,151.26558300107718,13.909456355283307
1728812780,450,,Aggregated,197.300000,0.000000,2,2,3,3,5,10,13,15,150,150,150,5453,0,2,3.317106822699441,0.7548750145360827,151.26558300107718,13.909407665505226
1728812781,460,,Aggregated,199.700000,0.000000,2,2,3,3,5,10,13,15,150,150,150,5683,0,2,3.2791181018814632,0.7548750145360827,151.26558300107718,13.908850959000528
1728812782,470,,Aggregated,204.600000,0.000000,2,2,3,3,5,10,13,15,150,150,150,5927,0,2,3.247089196801511,0.7548750145360827,151.26558300107718,13.908385355154378
1728812783,480,,Aggregated,208.600000,0.000000,2,2,3,3,5,10,13,14,150,150,150,6155,0,2,3.2146648946804524,0.7548750145360827,151.26558300107718,13.90901705930138
1728812784,490,,Aggregated,213.600000,0.000000,2,2,3,3,5,10,13,14,150,150,150,6411,0,2,3.189575482057293,0.7548750145360827,151.26558300107718,13.907658711589455
1728812785,500,,Aggregated,221.200000,0.000000,2,2,3,3,5,10,13,14,150,150,150,6661,0,2,3.1643420602341075,0.7548750145360827,151.26558300107718,13.907521393184206
1728812786,510,,Aggregated,223.200000,0.000000,2,2,3,3,4,10,13,14,150,150,150,6934,0,2,3.1417399773422283,0.7548750145360827,151.26558300107718,13.907556965676378
1728812787,520,,Aggregated,226.900000,0.000000,2,2,3,3,4,10,13,14,150,150,150,7195,0,2,3.1287935200322723,0.7548750145360827,151.26558300107718,13.906184850590687
1728812788,530,,Aggregated,233.100000,0.000000,2,2,3,3,4,10,13,15,150,150,150,7468,0,2,3.1239629585360014,0.7548750145360827,151.26558300107718,13.90599892876272
1728812789,540,,Aggregated,237.000000,0.000000,2,2,3,3,4,10,13,15,150,150,150,7755,0,2,3.0997906472422256,0.7548750145360827,151.26558300107718,13.905867182462927
1728812790,550,,Aggregated,242.000000,0.000000,2,2,3,3,4,10,13,15,150,150,150,8018,0,2,3.089231470107626,0.7548750145360827,151.26558300107718,13.905587428286356
1728812791,560,,Aggregated,247.500000,0.000000,2,2,3,3,4,10,13,15,150,150,150,8302,0,2,3.0757421162792746,0.7548750145360827,151.26558300107718,13.904119489279692
1728812792,570,,Aggregated,254.900000,0.000000,2,2,3,3,4,10,13,15,150,150,150,8602,0,2,3.0565949890559456,0.7548750145360827,151.26558300107718,13.903743315508022
1728812793,580,,Aggregated,258.500000,0.000000,2,2,3,3,4,10,13,15,150,150,150,8896,0,2,3.052304135629214,0.7548750145360827,151.26558300107718,13.903889388489208
1728812794,590,,Aggregated,264.300000,0.000000,2,2,3,3,4,9,13,15,120,150,150,9196,0,2,3.0440667690172476,0.7548750145360827,151.26558300107718,13.904414963027403
1728812795,600,,Aggregated,269.000000,0.000000,2,2,3,3,4,9,13,15,120,150,150,9504,0,2,3.025777085830935,0.7548750145360827,151.26558300107718,13.904145622895623
1728812796,610,,Aggregated,276.200000,0.000000,2,2,3,3,4,9,13,15,120,150,150,9801,0,2,3.016673844041501,0.7548750145360827,151.26558300107718,13.904193449647995
1728812797,620,,Aggregated,280.200000,0.000000,2,2,3,3,4,9,13,15,120,150,150,10131,0,2,3.0041176234848606,0.7548750145360827,151.26558300107718,13.904451682953312
1728812798,630,,Aggregated,283.300000,0.000000,2,2,3,3,4,9,13,15,120,150,150,10446,0,2,2.981692587727388,0.7548750145360827,151.26558300107718,13.903790924755887
1728812799,640,,Aggregated,289.700000,0.000000,2,2,3,3,4,9,13,15,120,150,150,10776,0,2,2.9643194039597516,0.7548750145360827,151.26558300107718,13.903396436525613
1728812800,650,,Aggregated,294.200000,0.000000,2,2,3,3,4,9,13,15,110,150,150,11101,0,2,2.971969727297065,0.7548750145360827,151.26558300107718,13.903612287181335
1728812801,660,,Aggregated,299.800000,0.000000,2,2,3,3,4,9,13,15,110,150,150,11438,0,2,2.9568031871682225,0.7548750145360827,151.26558300107718,13.903829340793845
1728812802,670,,Aggregated,303.100000,0.000000,2,2,3,3,4,9,13,15,110,150,150,11772,0,2,2.946085309417288,0.7548750145360827,151.26558300107718,13.905198776758409
1728812803,680,,Aggregated,309.700000,0.000000,2,2,3,3,4,9,13,15,39,150,150,12109,0,2,2.9300583865633825,0.7548750145360827,151.26558300107718,13.906185481872987
1728812804,690,,Aggregated,313.100000,0.000000,2,2,3,3,4,9,13,15,39,150,150,12464,0,2,2.930191957758081,0.7548750145360827,151.26558300107718,13.906370346598203
1728812805,700,,Aggregated,316.600000,0.000000,2,2,3,3,4,9,13,15,39,150,150,12806,0,2,2.9175607769916017,0.7548750145360827,151.26558300107718,13.906762455099173
1728812806,710,,Aggregated,320.400000,0.000000,2,2,3,3,4,8,13,15,37,150,150,13170,0,2,2.906717613437365,0.7548750145360827,151.26558300107718,13.906150341685649
1728812807,720,,Aggregated,327.100000,0.000000,2,2,3,3,4,9,13,15,59,150,150,13519,0,2,3.004710273122427,0.7548750145360827,151.26558300107718,13.906058140395
1728812808,730,,Aggregated,333.500000,0.000000,2,2,3,3,4,9,13,16,59,150,150,13915,0,2,3.018118227792531,0.7548750145360827,151.26558300107718,13.90600071864894
1728812809,740,,Aggregated,336.000000,0.000000,2,2,3,3,4,9,13,16,59,150,150,14261,0,2,3.0047512217175014,0.7548750145360827,151.26558300107718,13.906388051328799
1728812810,750,,Aggregated,340.600000,0.000000,2,2,3,3,4,9,13,16,59,150,150,14640,0,2,2.997140235515996,0.7548750145360827,151.26558300107718,13.906762295081966
1728812811,760,,Aggregated,348.400000,0.000000,2,2,3,3,4,9,13,16,53,150,150,15024,0,2,3.031883148248176,0.7548750145360827,151.26558300107718,13.90714856230032
1728812812,770,,Aggregated,350.300000,0.000000,2,2,3,3,4,9,13,16,53,150,150,15418,0,2,3.0311573807236867,0.7548750145360827,151.26558300107718,13.907316124010896
1728812813,780,,Aggregated,355.200000,0.000000,2,2,3,3,4,9,13,16,53,150,150,15812,0,2,3.035658761403233,0.7548750145360827,151.26558300107718,13.907601821401467
1728812814,790,,Aggregated,360.000000,0.000000,2,2,3,3,4,9,13,17,52,150,150,16226,0,2,3.0630902900272936,0.7548750145360827,151.26558300107718,13.906877850363614
1728812815,800,,Aggregated,365.400000,0.000000,2,3,3,3,5,9,13,17,52,150,150,16632,0,2,3.0706978060953327,0.7548750145360827,151.26558300107718,13.907467532467532
1728812816,810,,Aggregated,371.100000,0.000000,2,3,3,3,5,9,13,17,48,150,150,17014,0,2,3.07320575847275,0.7548750145360827,151.26558300107718,13.90789937698366
1728812817,820,,Aggregated,377.200000,0.000000,2,3,3,3,5,11,18,33,81,150,150,17443,0,2,3.59103766484539,0.7548750145360827,151.26558300107718,13.907871352404976
1728812818,830,,Aggregated,381.700000,0.000000,2,3,3,3,7,15,53,69,99,150,150,17843,0,2,4.893710067544924,0.7548750145360827,151.26558300107718,13.90791907190495
1728812819,840,,Aggregated,386.100000,0.000000,2,3,3,4,10,35,81,110,170,190,190,18242,0,2,7.121023031337789,0.7548750145360827,194.42041707225144,13.90861747615393
1728812820,850,,Aggregated,390.200000,0.000000,2,3,3,4,13,68,140,160,200,220,230,18635,0,2,10.358233512837769,0.7548750145360827,228.08499995153397,13.908988462570433
1728812821,860,,Aggregated,390.600000,0.000000,2,3,3,4,20,110,180,200,240,250,250,19028,0,2,14.242307551972907,0.7548750145360827,251.5720829833299,13.909028799663654
1728812822,870,,Aggregated,395.800000,0.000000,2,3,4,5,52,160,200,210,240,250,250,19427,0,2,17.82634980234261,0.7548750145360827,251.5720829833299,13.908941164358883
1728812823,880,,Aggregated,396.800000,0.000000,2,3,4,6,77,180,220,240,280,300,300,19815,0,2,22.224494253682153,0.7548750145360827,300.7035000482574,13.908755992934646
1728812824,890,,Aggregated,398.300000,0.000000,2,3,4,8,130,200,250,260,280,290,300,20206,0,2,26.572988168015655,0.7548750145360827,300.7035000482574,13.908542017222608
1728812825,900,,Aggregated,399.200000,0.000000,2,3,5,10,170,230,260,280,320,330,340,20608,0,2,31.327801856797286,0.7548750145360827,344.31579092051834,13.908482142857142
1728812826,910,,Aggregated,399.300000,0.000000,2,3,5,13,190,240,260,280,320,1300,1300,21011,0,2,35.42497599619931,0.7548750145360827,1306.9494999945164,13.908381324068346
1728812827,920,,Aggregated,396.800000,0.000000,2,3,7,20,200,240,270,280,320,1300,1300,21410,0,2,39.24450640968908,0.7548750145360827,1306.9494999945164,13.908127043437647
1728812828,930,,Aggregated,396.800000,0.000000,2,3,9,47,220,250,280,300,340,1300,1300,21794,0,2,43.747556547691055,0.7548750145360827,1306.9494999945164,13.90795631825273
1728812829,940,,Aggregated,397.300000,0.000000,2,4,12,70,230,260,290,320,1200,1300,1300,22187,0,2,48.956426548663764,0.7548750145360827,1317.2767499927431,13.90787398025871
1728812830,950,,Aggregated,395.900000,0.000000,3,4,14,100,240,280,320,350,1400,1600,1600,22546,0,3,55.95233597564605,0.7548750145360827,1649.801874998957,13.907699813714185
1728812831,960,,Aggregated,395.400000,0.000000,3,4,25,150,250,290,330,370,1600,1600,1600,22947,0,3,63.74882859179288,0.7548750145360827,1649.801874998957,13.908005403756482
1728812832,970,,Aggregated,393.300000,0.000000,3,5,54,170,260,300,340,380,1600,2400,2400,23338,0,3,70.42847574575241,0.7548750145360827,2373.8539170008153,13.908046962036163
1728812833,980,,Aggregated,390.600000,0.000000,3,5,74,190,270,310,350,1300,1600,2400,2600,23735,0,3,77.62178361575955,0.7548750145360827,2555.2734580123797,13.907857594270066
1728812834,990,,Aggregated,391.400000,0.000000,3,6,120,210,280,310,360,1300,2300,2500,2600,24149,0,3,84.65086381936112,0.7548750145360827,2555.2734580123797,13.907863679655472
1728812835,1000,,Aggregated,391.600000,0.000000,3,8,150,220,280,320,360,1300,2300,2500,2600,24558,0,3,90.00187659967514,0.7548750145360827,2555.2734580123797,13.908420881179248
1728812836,1010,,Aggregated,392.300000,0.000000,3,10,180,230,290,320,380,1300,2400,2500,2600,24953,0,3,96.72704858328942,0.7548750145360827,2555.2734580123797,13.90890874844708
1728812837,1020,,Aggregated,393.700000,0.000000,3,12,190,240,290,330,390,1300,2400,2500,2600,25354,0,3,102.56625865616039,0.7548750145360827,2555.2734580123797,13.908850674449791
1728812838,1030,,Aggregated,394.700000,0.000000,3,15,210,250,300,330,1300,1300,2400,2500,2600,25745,0,3,109.23204669418857,0.7548750145360827,2555.2734580123797,13.908836667314041
1728812839,1040,,Aggregated,394.800000,0.000000,3,29,220,250,300,340,1300,1400,2400,2800,2800,26149,0,3,116.56198487542282,0.7548750145360827,2757.950291968882,13.909021377490536
1728812840,1050,,Aggregated,394.900000,0.000000,3,56,230,260,300,340,1300,1400,2400,2800,2800,26561,0,3,123.78164438954387,0.7548750145360827,2757.950291968882,13.90907721847822
1728812841,1060,,Aggregated,394.700000,0.000000,3,73,240,260,300,340,1300,1400,2400,2800,2800,26965,0,3,129.87809382983386,0.7548750145360827,2757.950291968882,13.908585203040978
1728812842,1070,,Aggregated,397.500000,0.000000,3,110,240,270,310,350,1300,1500,2400,3000,3300,27368,0,3,137.00578328299812,0.7548750145360827,3347.4875419633463,13.908579362759427
1728812843,1080,,Aggregated,402.300000,0.000000,3,150,250,270,310,360,1300,1500,2400,3000,3300,27759,0,3,143.63436544811879,0.7548750145360827,3347.4875419633463,13.90867826650816
1728812844,1090,,Aggregated,402.600000,0.000000,3,170,250,280,320,360,1300,1500,2400,3300,3400,28169,0,3,151.13058663973055,0.7548750145360827,3413.0325000733137,13.908729454364726
1728812845,1100,,Aggregated,403.000000,0.000000,3,180,260,280,320,370,1300,1600,2500,3400,3600,28574,0,3,158.39780063185026,0.7548750145360827,3614.080125000328,13.908868201861832
1728812846,1110,,Aggregated,402.400000,0.000000,4,200,260,280,320,380,1400,1700,2700,3400,3600,28988,0,4,167.74490832412866,0.7548750145360827,3614.080125000328,13.9087208500069
1728812847,1120,,Aggregated,401.500000,0.000000,4,210,270,290,330,1200,1400,1800,2800,3600,3600,29399,0,4,175.78046189764927,0.7548750145360827,3614.080125000328,13.908874451511956
1728812848,1130,,Aggregated,400.400000,0.000000,4,220,270,290,330,1300,1400,2300,2800,3600,3600,29797,0,4,183.56580629065473,0.7548750145360827,3614.080125000328,13.909151928046448
1728812849,1140,,Aggregated,401.800000,0.000000,4,230,280,290,340,1300,1500,2300,3300,3600,3600,30196,0,4,191.98595107791454,0.7548750145360827,3614.080125000328,13.909027685786198
1728812850,1150,,Aggregated,403.000000,0.000000,4,240,280,290,340,1300,1500,2300,3300,3600,3600,30591,0,4,200.38761619837874,0.7548750145360827,3614.080125000328,13.908992841031676
1728812851,1160,,Aggregated,403.200000,0.000000,5,240,280,300,340,1300,1600,2300,3300,3600,3600,30978,0,5,207.82398342458296,0.7548750145360827,3614.080125000328,13.909129059332429
1728812852,1170,,Aggregated,402.300000,0.000000,5,250,290,300,350,1300,1600,2300,3400,3700,3700,31374,0,5,219.26344338577442,0.7548750145360827,3660.762707935646,13.90890546312233
1728812853,1180,,Aggregated,399.400000,0.000000,6,250,290,300,360,1300,1700,2400,3400,3700,3800,31764,0,6,227.6387786803249,0.7548750145360827,3845.2265419764444,13.908638710489862
1728812854,1190,,Aggregated,398.600000,0.000000,7,260,290,300,360,1300,1800,2400,3400,3700,3800,32172,0,7,238.5967618088515,0.7548750145360827,3845.2265419764444,13.9085851050603
1728812855,1200,,Aggregated,397.100000,0.000000,9,260,290,300,370,1300,2300,2400,3400,3700,4400,32575,0,9,248.28801490436504,0.7548750145360827,4415.723958984017,13.90848810437452
1728812856,1210,,Aggregated,397.300000,0.000000,10,260,290,300,370,1300,2300,2400,3400,3700,4400,32986,0,10,258.3583191599125,0.7548750145360827,4415.723958984017,13.908476323288667
1728812857,1220,,Aggregated,396.700000,0.000000,12,270,290,310,380,1400,2300,2400,3400,3700,4700,33357,0,12,266.6732122137988,0.7548750145360827,4735.150417080149,13.908714812483137
1728812858,1230,,Aggregated,397.200000,0.000000,14,270,300,310,390,1400,2300,2500,3400,3800,4700,33758,0,14,275.7855149318004,0.7548750145360827,4735.150417080149,13.90870312222288
1728812859,1240,,Aggregated,397.300000,0.000000,18,270,300,310,1300,1400,2300,2500,3400,4400,4700,34165,0,18,285.94934646035915,0.7548750145360827,4735.150417080149,13.908649202400117
1728812860,1250,,Aggregated,393.400000,0.000000,30,280,300,310,1300,1400,2300,2500,3600,4400,4700,34531,0,30,294.418280605933,0.7548750145360827,4735.150417080149,13.90866178216675
1728812861,1260,,Aggregated,393.900000,0.000000,51,280,300,310,1300,1500,2400,2600,3600,4400,4700,34939,0,51,304.5955868685257,0.7548750145360827,4735.150417080149,13.908926987034546
1728812862,1270,,Aggregated,394.400000,0.000000,66,280,300,320,1300,1500,2400,2600,3600,4400,4700,35351,0,66,314.91269066910183,0.7548750145360827,4735.150417080149,13.909196345223615
1728812863,1280,,Aggregated,393.800000,0.000000,81,280,300,320,1300,1600,2400,2600,3700,4400,4700,35743,0,81,325.20037470917094,0.7548750145360827,4735.150417080149,13.909492767814678
1728812864,1290,,Aggregated,395.000000,0.000000,110,280,300,330,1300,1600,2400,2700,3700,4400,4700,36140,0,110.0,332.94098442482044,0.7548750145360827,4735.150417080149,13.909490868843386
1728812865,1300,,Aggregated,396.900000,0.000000,140,290,300,330,1300,1600,2400,2700,3800,4400,4700,36543,0,140.0,341.60900677473455,0.7548750145360827,4735.150417080149,13.90944914210656
1728812866,1310,,Aggregated,396.900000,0.000000,160,290,310,330,1300,1600,2400,2800,3800,4500,4800,36954,0,160.0,353.63898333429717,0.7548750145360827,4762.78558303602,13.909509119445797
1728812867,1320,,Aggregated,396.800000,0.000000,170,290,310,340,1300,1600,2500,2800,3800,4700,4800,37344,0,170.0,360.6736327000628,0.7548750145360827,4762.78558303602,13.909329477292202
1728812868,1330,,Aggregated,396.500000,0.000000,190,290,310,340,1300,1700,2500,2800,3800,4700,4800,37732,0,190.0,368.6426399200351,0.7548750145360827,4762.78558303602,13.909148733170783
1728812869,1340,,Aggregated,396.500000,0.000000,190,290,310,340,1300,1700,2500,3000,3800,4700,4800,38124,0,190.0,376.7052772362421,0.7548750145360827,4762.78558303602,13.909191060749134
1728812870,1350,,Aggregated,397.700000,0.000000,200,290,310,340,1300,1800,2500,3100,3800,4700,5300,38502,0,200.0,384.52804820689835,0.7548750145360827,5274.538083001971,13.909355358163213
1728812871,1360,,Aggregated,397.400000,0.000000,210,290,320,350,1400,2200,2600,3200,4300,11000,11000,38902,0,210.0,396.83259170114735,0.7548750145360827,11021.72600000631,13.909413397768752
1728812872,1370,,Aggregated,396.300000,0.000000,220,300,320,350,1400,2300,2600,3300,4500,11000,11000,39304,0,220.0,406.8879697684858,0.7548750145360827,11021.72600000631,13.9096275188276
1728812873,1380,,Aggregated,396.600000,0.000000,230,300,320,350,1400,2300,2600,3400,4700,11000,11000,39694,0,230.0,416.37530823797,0.7548750145360827,11021.72600000631,13.909784854134125
1728812874,1390,,Aggregated,396.400000,0.000000,230,300,330,360,1400,2300,2700,3400,4900,11000,11000,40086,0,230.0,425.98071016720684,0.7548750145360827,11021.72600000631,13.909993513945018
1728812875,1400,,Aggregated,395.700000,0.000000,240,300,330,360,1400,2300,2700,3400,5000,11000,11000,40496,0,240.0,434.3281394698688,0.7548750145360827,11021.72600000631,13.909917028842354
1728812876,1410,,Aggregated,395.200000,0.000000,240,300,330,360,1400,2300,2800,3400,5400,11000,11000,40899,0,240.0,445.2789932021702,0.7548750145360827,11021.72600000631,13.909802195652706
1728812877,1420,,Aggregated,394.200000,0.000000,240,300,330,360,1400,2400,2800,3400,5800,11000,11000,41312,0,240.0,455.9291062458954,0.7548750145360827,11021.72600000631,13.909687257939582
1728812878,1430,,Aggregated,395.900000,0.000000,250,300,330,370,1500,2400,3000,3500,5800,11000,11000,41724,0,250.0,465.5695398975384,0.7548750145360827,11021.72600000631,13.9096922634455
1728812879,1440,,Aggregated,394.900000,0.000000,250,300,340,370,1500,2400,3000,3600,6100,11000,11000,42116,0,250.0,472.3687336820161,0.7548750145360827,11021.72600000631,13.90965428815652
1728812880,1450,,Aggregated,397.400000,0.000000,250,300,340,370,1500,2400,3000,3600,6500,11000,11000,42520,0,250.0,478.964352014751,0.7548750145360827,11021.72600000631,13.909924741298212
1728812881,1460,,Aggregated,398.300000,0.000000,260,300,340,370,1500,2400,3200,3600,6700,11000,11000,42928,0,260.0,488.6465578908679,0.7548750145360827,11021.72600000631,13.909965523667536
1728812882,1470,,Aggregated,398.400000,0.000000,260,300,340,380,1500,2400,3200,3700,7200,11000,11000,43299,0,260.0,495.7063143455067,0.7548750145360827,11021.72600000631,13.909836254878865
1728812883,1480,,Aggregated,399.700000,0.000000,260,300,340,380,1500,2400,3200,3800,7600,11000,17000,43682,0,260.0,508.1572476088485,0.7548750145360827,16529.52333295252,13.909733986539077
1728812884,1490,,Aggregated,400.900000,0.000000,270,300,350,380,1600,2400,3300,3900,7600,11000,17000,44074,0,270.0,514.6415281176426,0.7548750145360827,16529.52333295252,13.909651948994872
1728812885,1500,,Aggregated,396.900000,0.000000,270,310,350,390,1600,2400,3300,4000,7600,14000,17000,44464,0,270.0,521.6699493766567,0.7548750145360827,16529.52333295252,13.909409859661748
1728812886,1510,,Aggregated,397.100000,0.000000,270,310,350,390,1600,2400,3400,4000,7900,17000,17000,44859,0,270.0,531.5144402500712,0.7548750145360827,16835.73062508367,13.909561069127712
1728812887,1520,,Aggregated,397.000000,0.000000,270,310,350,510,1600,2400,3400,4200,7900,17000,17000,45263,0,270.0,538.5424450918036,0.7548750145360827,16835.73062508367,13.909352009367474
1728812888,1530,,Aggregated,394.500000,0.000000,270,310,350,1300,1600,2400,3400,4200,7900,17000,17000,45666,0,270.0,550.5428734819343,0.7548750145360827,16835.73062508367,13.909429334734813
1728812889,1540,,Aggregated,394.500000,0.000000,280,310,350,1300,1600,2400,3400,4200,8000,17000,17000,46041,0,280.0,555.4847224550671,0.7548750145360827,16835.73062508367,13.909624030755197
1728812890,1550,,Aggregated,393.900000,0.000000,280,310,360,1300,1600,2500,3400,4200,8000,17000,17000,46420,0,280.0,561.4534376358798,0.7548750145360827,16835.73062508367,13.909478672985783
1728812891,1560,,Aggregated,394.000000,0.000000,280,310,360,1300,1600,2500,3600,4400,8000,17000,17000,46817,0,280.0,573.5413296015406,0.7548750145360827,16835.73062508367,13.909605485187004
1728812892,1570,,Aggregated,392.000000,0.000000,280,310,360,1300,1600,2500,3600,4400,8000,17000,17000,47197,0,280.0,579.2500044520413,0.7548750145360827,16835.73062508367,13.909549335762867
1728812893,1580,,Aggregated,388.300000,0.000000,280,320,360,1300,1700,2600,3600,4700,10000,17000,17000,47585,0,280.0,593.1008684669044,0.7548750145360827,16835.73062508367,13.909740464432069
1728812894,1590,,Aggregated,386.500000,0.000000,280,320,360,1300,1700,2600,3700,4700,10000,17000,17000,47985,0,280.0,602.9402871364733,0.7548750145360827,16835.73062508367,13.909700948212983
1728812895,1600,,Aggregated,388.300000,0.000000,280,320,360,1300,1800,2600,3800,4700,10000,17000,17000,48385,0,280.0,610.0882066703898,0.7548750145360827,16835.73062508367,13.909724088043815
1728812896,1610,,Aggregated,388.100000,0.000000,280,320,370,1300,1800,2600,3800,4800,10000,30000,31000,48780,0,280.0,620.3509679701995,0.7548750145360827,30890.675041940995,13.909532595325953
1728812897,1620,,Aggregated,389.200000,0.000000,290,320,370,1300,1800,2600,3800,5000,11000,30000,31000,49178,0,290.0,632.702497811816,0.7548750145360827,30890.675041940995,13.90941071210704
1728812898,1630,,Aggregated,389.800000,0.000000,290,320,370,1300,1800,2600,4000,5200,13000,30000,31000,49541,0,290.0,641.6755545155825,0.7548750145360827,30890.675041940995,13.909267071718375
1728812899,1640,,Aggregated,389.400000,0.000000,290,330,370,1300,2100,2700,4000,5300,13000,30000,31000,49945,0,290.0,649.1891566064916,0.7548750145360827,30890.675041940995,13.909340274301732
1728812900,1650,,Aggregated,389.100000,0.000000,290,330,370,1300,2200,2700,4100,5300,14000,29000,31000,50343,0,290.0,660.510419595956,0.7548750145360827,30890.675041940995,13.909421369405875
1728812901,1660,,Aggregated,384.800000,0.000000,290,330,380,1300,2200,2800,4200,5300,15000,29000,31000,50717,0,290.0,669.6020275429103,0.7548750145360827,30890.675041940995,13.909497801526115
1728812902,1670,,Aggregated,388.300000,0.000000,290,330,380,1300,2200,2800,4200,5300,15000,29000,31000,51119,0,290.0,680.0191083157142,0.7548750145360827,30890.675041940995,13.909583520804398
1728812903,1680,,Aggregated,392.100000,0.000000,290,330,380,1300,2200,2800,4200,5300,15000,29000,31000,51522,0,290.0,685.9145691925161,0.7548750145360827,30890.675041940995,13.909436745467955
1728812904,1690,,Aggregated,389.800000,0.000000,290,330,390,1300,2200,2800,4200,5300,15000,29000,31000,51915,0,290.0,688.9812957243292,0.7548750145360827,30890.675041940995,13.90954444765482
1728812905,1700,,Aggregated,392.200000,0.000000,290,330,390,1300,2300,2800,4200,5400,15000,30000,32000,52328,0,290.0,703.2884248455732,0.7548750145360827,32022.687542019412,13.909646842990368
1728812906,1710,,Aggregated,393.700000,0.000000,290,330,390,1300,2300,2800,4200,5700,15000,30000,32000,52709,0,290.0,711.9427803060141,0.7548750145360827,32022.687542019412,13.909560037185301
1728812907,1720,,Aggregated,393.000000,0.000000,290,340,420,1300,2300,2900,4300,5700,15000,30000,32000,53105,0,290.0,720.5786711103873,0.7548750145360827,32022.687542019412,13.909669522643819
1728812908,1730,,Aggregated,394.300000,0.000000,290,340,1300,1300,2300,3000,4300,5800,15000,30000,32000,53507,0,290.0,730.4292790877407,0.7548750145360827,32022.687542019412,13.90975012615172
1728812909,1740,,Aggregated,392.900000,0.000000,290,340,1300,1300,2300,3000,4400,6000,15000,30000,32000,53904,0,290.0,737.357738534947,0.7548750145360827,32022.687542019412,13.909784060552093
1728812911,1750,,Aggregated,396.600000,0.000000,290,340,1300,1300,2300,3000,4400,5800,15000,30000,32000,54309,0,290.0,745.1572326998719,0.7548750145360827,32022.687542019412,13.90986760942017
1728812912,1760,,Aggregated,395.900000,0.000000,290,340,1300,1300,2400,3100,4400,6100,15000,30000,32000,54718,0,290.0,753.6119287542842,0.7548750145360827,32022.687542019412,13.909938228736431
1728812913,1770,,Aggregated,396.400000,0.000000,290,340,1300,1400,2400,3200,4400,6100,15000,30000,32000,55129,0,290.0,759.6295188322623,0.7548750145360827,32022.687542019412,13.910011064956738
1728812914,1780,,Aggregated,399.100000,0.000000,300,340,1300,1400,2400,3200,4400,6300,15000,30000,34000,55545,0,300.0,766.576466473852,0.7548750145360827,33976.95675003342,13.910054910432983
1728812915,1790,,Aggregated,399.900000,0.000000,300,340,1300,1400,2400,3200,4500,6400,15000,31000,34000,55953,0,300.0,778.9934932181369,0.7548750145360827,33976.95675003342,13.90997801726449
1728812916,1800,,Aggregated,400.800000,0.000000,300,350,1300,1400,2400,3200,4500,6500,15000,31000,34000,56360,0,300.0,788.0137444477344,0.7548750145360827,33976.95675003342,13.91013129879347
1728812917,1810,,Aggregated,401.700000,0.000000,300,350,1300,1400,2400,3200,4600,6600,15000,31000,34000,56750,0,300.0,794.0181497760232,0.7548750145360827,33976.95675003342,13.910114537444933
1728812918,1820,,Aggregated,400.400000,0.000000,300,350,1300,1400,2400,3200,4600,6700,16000,31000,34000,57136,0,300.0,803.5229556212518,0.7548750145360827,33976.95675003342,13.91009171100532
1728812919,1830,,Aggregated,402.000000,0.000000,300,350,1300,1400,2400,3300,4700,6700,16000,31000,34000,57541,0,300.0,815.3868059725361,0.7548750145360827,33976.95675003342,13.910116264924142
1728812920,1840,,Aggregated,400.400000,0.000000,300,350,1300,1400,2400,3300,4700,6700,16000,31000,34000,57943,0,300.0,820.7209454242268,0.7548750145360827,33976.95675003342,13.91013582313653
1728812921,1850,,Aggregated,400.700000,0.000000,300,350,1300,1400,2400,3400,4700,6800,16000,31000,34000,58336,0,300.0,832.5864107321808,0.7548750145360827,33976.95675003342,13.910124108612179
1728812922,1860,,Aggregated,401.100000,0.000000,300,350,1300,1400,2400,3400,4800,7200,17000,31000,39000,58716,0,300.0,842.1309399421873,0.7548750145360827,38569.82641702052,13.910092649363035
1728812923,1870,,Aggregated,400.500000,0.000000,300,350,1300,1400,2400,3400,4800,7200,17000,32000,39000,59101,0,300.0,847.2536243685599,0.7548750145360827,38569.82641702052,13.91017072469163
1728812924,1880,,Aggregated,399.200000,0.000000,300,360,1300,1400,2400,3400,4900,7400,17000,32000,39000,59479,0,300.0,855.8746794387788,0.7548750145360827,38569.82641702052,13.910035474705358
1728812925,1890,,Aggregated,396.500000,0.000000,300,360,1300,1400,2400,3400,5000,7400,17000,32000,39000,59872,0,300.0,862.1378319792634,0.7548750145360827,38569.82641702052,13.910074826296098
1728812926,1900,,Aggregated,393.400000,0.000000,300,360,1300,1400,2400,3400,5100,7400,17000,32000,39000,60270,0,300.0,868.8227001227456,0.7548750145360827,38569.82641702052,13.909955201592831
1728812927,1910,,Aggregated,392.600000,0.000000,300,360,1300,1400,2400,3400,5200,7500,17000,32000,39000,60668,0,300.0,875.6711241548999,0.7548750145360827,38569.82641702052,13.909903079053208
1728812928,1920,,Aggregated,392.200000,0.000000,300,360,1300,1400,2400,3400,5300,7600,17000,32000,57000,61053,0,300.0,885.4001956970284,0.7548750145360827,56544.3634580588,13.90994709514684
1728812929,1930,,Aggregated,392.000000,0.000000,300,360,1300,1400,2400,3400,5300,7600,17000,39000,57000,61449,0,300.0,894.4245737885668,0.7548750145360827,56544.3634580588,13.91000667219971
1728812930,1940,,Aggregated,391.400000,0.000000,300,360,1300,1400,2400,3400,5300,7700,17000,39000,57000,61846,0,300.0,898.7307453199139,0.7548750145360827,56544.3634580588,13.910131617242829
1728812931,1950,,Aggregated,390.600000,0.000000,300,360,1300,1400,2500,3400,5300,7800,18000,39000,57000,62241,0,300.0,906.5241564705124,0.7548750145360827,56544.3634580588,13.910075352259765
1728812932,1960,,Aggregated,389.700000,0.000000,300,360,1300,1400,2500,3500,5300,7900,29000,58000,58000,62637,0,300.0,923.016262014405,0.7548750145360827,58042.11058409419,13.910244743522199
1728812933,1970,,Aggregated,389.100000,0.000000,300,360,1300,1400,2500,3500,5300,7900,29000,58000,58000,63006,0,300.0,926.9200680291804,0.7548750145360827,58042.11058409419,13.910278386185443
1728812934,1980,,Aggregated,389.700000,0.000000,300,360,1300,1500,2500,3500,5300,7900,29000,58000,58000,63390,0,300.0,935.9616330447349,0.7548750145360827,58042.11058409419,13.910048903612557
1728812935,1990,,Aggregated,387.900000,0.000000,300,360,1300,1500,2500,3600,5300,7900,29000,58000,58000,63789,0,300.0,939.185670788409,0.7548750145360827,58042.11058409419,13.909984480082773
1728812936,2000,,Aggregated,388.800000,0.000000,300,360,1300,1500,2500,3600,5400,7900,30000,58000,58000,64182,0,300.0,955.5221934082879,0.7548750145360827,58042.11058409419,13.91009940481755
1728812937,2010,,Aggregated,389.200000,0.000000,300,360,1300,1500,2500,3600,5500,7900,30000,58000,63000,64571,0,300.0,970.4499077370268,0.7548750145360827,63379.57012502011,13.910191881804526
1728812938,2020,,Aggregated,388.600000,0.000000,300,360,1300,1500,2500,3600,5700,8000,30000,58000,63000,64969,0,300.0,980.1391657787232,0.7548750145360827,63379.57012502011,13.910049408179285
1728812939,2030,,Aggregated,388.700000,0.000000,300,370,1300,1500,2500,3600,5700,8000,30000,58000,63000,65349,0,300.0,984.0057898726742,0.7548750145360827,63379.57012502011,13.910174600988539
1728812940,2040,,Aggregated,390.500000,0.000000,300,370,1300,1500,2500,3600,5700,8000,30000,58000,63000,65746,0,300.0,987.8377706149366,0.7548750145360827,63379.57012502011,13.910351960575548
1728812941,2050,,Aggregated,388.600000,0.000000,300,370,1300,1500,2500,3600,5700,8000,30000,58000,63000,66123,0,300.0,989.7130142709727,0.7548750145360827,63379.57012502011,13.910545498540598
1728812942,2060,,Aggregated,389.500000,0.000000,300,370,1300,1500,2600,3600,5800,8200,30000,58000,63000,66524,0,300.0,1000.2558807230583,0.7548750145360827,63379.57012502011,13.910543563225302
1728812943,2070,,Aggregated,388.100000,0.000000,300,370,1300,1500,2600,3700,5800,8400,31000,62000,67000,66902,0,300.0,1011.8067419091867,0.7548750145360827,67412.96945803333,13.910600579952767
1728812944,2080,,Aggregated,389.100000,0.000000,310,370,1300,1500,2600,3700,5800,8900,31000,62000,67000,67287,0,310.0,1020.3833327784187,0.7548750145360827,67412.96945803333,13.910636527115193
1728812945,2090,,Aggregated,391.000000,0.000000,310,370,1300,1500,2600,3700,6000,8900,31000,62000,67000,67685,0,310.0,1026.213214488695,0.7548750145360827,67412.96945803333,13.910571027554111
1728812946,2100,,Aggregated,389.700000,0.000000,310,370,1400,1600,2600,3800,6100,9000,32000,62000,67000,68084,0,310.0,1044.7114724152304,0.7548750145360827,67412.96945803333,13.910581046942013
1728812947,2110,,Aggregated,389.400000,0.000000,310,370,1400,1600,2600,3800,6300,9000,32000,62000,67000,68486,0,310.0,1051.286711787326,0.7548750145360827,67412.96945803333,13.91060946762842
1728812948,2120,,Aggregated,390.200000,0.000000,310,370,1400,1600,2600,3800,6300,9000,34000,63000,67000,68885,0,310.0,1065.057788179337,0.7548750145360827,67412.96945803333,13.91079335123757
1728812949,2130,,Aggregated,390.600000,0.000000,310,370,1400,1600,2600,3800,6400,9000,32000,63000,67000,69272,0,310.0,1069.0986870138388,0.7548750145360827,67412.96945803333,13.910887515879432
1728812950,2140,,Aggregated,391.500000,0.000000,310,380,1400,1600,2600,3800,6400,9000,32000,63000,67000,69651,0,310.0,1073.9053688428687,0.7548750145360827,67412.96945803333,13.910912980431005
1728812951,2150,,Aggregated,393.500000,0.000000,310,380,1400,1600,2600,3800,6400,9000,34000,62000,67000,70028,0,310.0,1081.0853721473509,0.7548750145360827,67412.96945803333,13.910835665733707
1728812952,2160,,Aggregated,390.500000,0.000000,310,380,1400,1600,2600,3800,6400,9000,54000,63000,67000,70419,0,310.0,1092.2601479024663,0.7548750145360827,67412.96945803333,13.910904727417316
1728812953,2170,,Aggregated,390.400000,0.000000,310,380,1400,1600,2600,3800,6500,9000,55000,66000,71000,70805,0,310.0,1105.8503611507192,0.7548750145360827,70989.16754196398,13.91102323282254
1728812954,2180,,Aggregated,389.200000,0.000000,310,380,1400,1600,2700,3800,6600,9900,58000,66000,71000,71199,0,310.0,1134.0405862883392,0.7548750145360827,70989.16754196398,13.911178527788312
1728812955,2190,,Aggregated,389.200000,0.000000,310,380,1400,1600,2700,3900,6700,9900,58000,66000,71000,71580,0,310.0,1148.5147769677185,0.7548750145360827,70989.16754196398,13.911246158144733
1728812956,2200,,Aggregated,390.500000,0.000000,310,390,1400,1600,2700,4000,6700,9900,58000,66000,71000,71974,0,310.0,1157.8058334378738,0.7548750145360827,70989.16754196398,13.911259621529997
1728812957,2210,,Aggregated,389.500000,0.000000,310,390,1400,1600,2700,4000,6700,9900,58000,66000,71000,72362,0,310.0,1160.7165010363058,0.7548750145360827,70989.16754196398,13.911251761974517
1728812958,2220,,Aggregated,389.100000,0.000000,310,390,1400,1600,2800,4000,6700,9900,58000,66000,71000,72752,0,310.0,1163.753288067583,0.7548750145360827,70989.16754196398,13.911301407521442
1728812959,2230,,Aggregated,387.500000,0.000000,310,390,1400,1600,2800,4000,6700,9900,58000,66000,71000,73143,0,310.0,1176.0999206187275,0.7548750145360827,70989.16754196398,13.911433766730925
1728812960,2240,,Aggregated,386.500000,0.000000,310,390,1400,1600,2800,4100,6800,10000,62000,66000,71000,73514,0,310.0,1199.8852600738435,0.7548750145360827,70989.16754196398,13.911431836112849
1728812961,2250,,Aggregated,386.300000,0.000000,310,400,1400,1600,2800,4100,7100,10000,62000,66000,71000,73902,0,310.0,1205.8834464311933,0.7548750145360827,70989.16754196398,13.911450299044681
1728812962,2260,,Aggregated,386.200000,0.000000,310,400,1400,1600,2800,4200,7300,10000,62000,66000,71000,74304,0,310.0,1216.9803539205298,0.7548750145360827,70989.16754196398,13.911471791559
1728812963,2270,,Aggregated,387.100000,0.000000,310,450,1400,1600,2800,4200,7400,10000,62000,66000,71000,74699,0,310.0,1232.945368356653,0.7548750145360827,70989.16754196398,13.911457984711978
1728812964,2280,,Aggregated,388.400000,0.000000,310,1300,1400,1600,2800,4200,7400,10000,62000,66000,71000,75053,0,310.0,1236.6101315648305,0.7548750145360827,70989.16754196398,13.911529186041864
1728812965,2290,,Aggregated,389.700000,0.000000,310,1300,1400,1700,2800,4200,7500,10000,62000,66000,71000,75436,0,310.0,1242.7832673697064,0.7548750145360827,70989.16754196398,13.911540908849886
1728812966,2300,,Aggregated,386.000000,0.000000,310,1300,1400,1700,2800,4200,7500,10000,62000,66000,71000,75832,0,310.0,1248.404280069948,0.7548750145360827,70989.16754196398,13.9114885536449
1728812967,2310,,Aggregated,385.600000,0.000000,310,1300,1400,1700,2900,4200,7700,10000,62000,66000,71000,76221,0,310.0,1263.7227363348363,0.7548750145360827,70989.16754196398,13.911691003791606
1728812968,2320,,Aggregated,385.800000,0.000000,310,1300,1400,1700,3000,4300,7800,10000,62000,66000,71000,76627,0,310.0,1276.2823737722845,0.7548750145360827,70989.16754196398,13.911519438318086
1728812969,2330,,Aggregated,385.500000,0.000000,310,1300,1400,1800,3000,4300,7900,10000,61000,66000,71000,77037,0,310.0,1282.2789460850543,0.7548750145360827,70989.16754196398,13.911510053610602
1728812970,2340,,Aggregated,386.500000,0.000000,310,1300,1400,1800,3000,4300,7900,11000,61000,66000,71000,77416,0,310.0,1286.6782518146074,0.7548750145360827,70989.16754196398,13.91147824739072
1728812971,2350,,Aggregated,387.300000,0.000000,310,1300,1500,1800,3000,4300,7900,11000,61000,66000,71000,77825,0,310.0,1298.7629464285606,0.7548750145360827,70989.16754196398,13.91135239318985
1728812972,2360,,Aggregated,388.300000,0.000000,310,1300,1500,1800,3000,4300,7900,11000,61000,66000,71000,78229,0,310.0,1303.2066003060486,0.7548750145360827,70989.16754196398,13.911247746999194
1728812973,2370,,Aggregated,390.100000,0.000000,310,1300,1500,1800,3000,4400,7900,11000,61000,66000,71000,78609,0,310.0,1308.3068204453537,0.7548750145360827,70989.16754196398,13.911155211235355
1728812974,2380,,Aggregated,389.700000,0.000000,310,1300,1500,1800,3000,4400,7900,11000,61000,66000,71000,79016,0,310.0,1314.933196217826,0.7548750145360827,70989.16754196398,13.911169889642604
1728812975,2390,,Aggregated,388.500000,0.000000,320,1300,1500,1800,3100,4400,7900,11000,61000,66000,71000,79411,0,320.0,1325.442567114047,0.7548750145360827,70989.16754196398,13.911233960030726
1728812976,2400,,Aggregated,392.600000,0.000000,320,1300,1500,1800,3100,4400,8000,11000,61000,66000,71000,79806,0,320.0,1356.319413424072,0.7548750145360827,70989.16754196398,13.911309926571937
1728812977,2410,,Aggregated,393.300000,0.000000,320,1300,1500,2100,3200,4400,8000,11000,61000,66000,71000,80192,0,320.0,1365.023167496161,0.7548750145360827,70989.16754196398,13.91131284916201
1728812978,2420,,Aggregated,393.200000,0.000000,320,1300,1500,2100,3200,4400,8000,13000,62000,66000,71000,80571,0,320.0,1382.525432774966,0.7548750145360827,70989.16754196398,13.911295627459012
1728812979,2430,,Aggregated,393.900000,0.000000,320,1300,1500,2200,3200,4400,8000,13000,62000,66000,71000,80990,0,320.0,1386.2370313463932,0.7548750145360827,70989.16754196398,13.911272996666256
1728812980,2440,,Aggregated,392.000000,0.000000,320,1300,1500,2200,3200,4500,8000,14000,62000,66000,71000,81366,0,320.0,1393.2475629551393,0.7548750145360827,70989.16754196398,13.911203696875845
1728812981,2450,,Aggregated,392.400000,0.000000,320,1300,1500,2200,3200,4500,8000,14000,62000,66000,71000,81749,0,320.0,1399.764157472648,0.7548750145360827,70989.16754196398,13.911289434733147
1728812982,2460,,Aggregated,393.200000,0.000000,320,1300,1600,2200,3200,4500,8100,14000,62000,66000,71000,82145,0,320.0,1413.9446191037598,0.7548750145360827,70989.16754196398,13.911205794631444
1728812983,2470,,Aggregated,391.000000,0.000000,320,1300,1600,2200,3200,4500,8800,14000,62000,66000,71000,82523,0,320.0,1431.494215456389,0.7548750145360827,70989.16754196398,13.911164160294705
1728812984,2480,,Aggregated,390.500000,0.000000,320,1300,1600,2200,3200,4600,8900,14000,62000,66000,71000,82911,0,320.0,1441.478534806116,0.7548750145360827,70989.16754196398,13.911181869715719
1728812985,2490,,Aggregated,390.300000,0.000000,320,1300,1600,2200,3200,4600,8900,14000,62000,67000,71000,83296,0,320.0,1451.7579747087902,0.7548750145360827,70989.16754196398,13.911148194391087
1728812986,2500,,Aggregated,388.900000,0.000000,320,1300,1600,2200,3200,4600,8900,15000,63000,67000,71000,83680,0,320.0,1464.3950187268842,0.7548750145360827,70989.16754196398,13.911149617590823
1728812987,2510,,Aggregated,388.200000,0.000000,320,1300,1600,2200,3200,4700,8900,15000,63000,67000,71000,84060,0,320.0,1468.7181971896605,0.7548750145360827,70989.16754196398,13.91123007375684
1728812988,2520,,Aggregated,388.300000,0.000000,320,1300,1600,2200,3200,4700,8900,15000,63000,67000,118000,84431,0,320.0,1486.0851624128613,0.7548750145360827,118311.4697500132,13.911312195757482
1728812989,2530,,Aggregated,387.000000,0.000000,320,1300,1600,2200,3300,4700,8900,15000,63000,67000,118000,84822,0,320.0,1496.5684538489018,0.7548750145360827,118311.4697500132,13.911355544552121
1728812990,2540,,Aggregated,385.500000,0.000000,320,1300,1600,2300,3300,4700,9000,15000,63000,71000,118000,85191,0,320.0,1511.6372067650998,0.7548750145360827,118311.4697500132,13.911434306440821
1728812991,2550,,Aggregated,384.100000,0.000000,330,1300,1600,2300,3400,4700,9000,15000,64000,71000,118000,85566,0,330.0,1522.1040491038023,0.7548750145360827,118311.4697500132,13.91147184629409
1728812992,2560,,Aggregated,382.800000,0.000000,330,1300,1600,2300,3400,4700,9000,15000,64000,71000,118000,85959,0,330.0,1526.4762603302197,0.7548750145360827,118311.4697500132,13.911399620749426
1728812993,2570,,Aggregated,382.000000,0.000000,330,1300,1600,2300,3400,4800,9000,15000,63000,71000,118000,86338,0,330.0,1537.1028700911613,0.7548750145360827,118311.4697500132,13.911371586091871
1728812994,2580,,Aggregated,381.600000,0.000000,330,1300,1600,2300,3400,4900,9000,15000,64000,71000,118000,86715,0,330.0,1563.3978345020605,0.7548750145360827,118311.4697500132,13.911295623594533
1728812995,2590,,Aggregated,381.000000,0.000000,330,1300,1600,2300,3400,5100,9000,15000,64000,71000,118000,87096,0,330.0,1589.3359518540503,0.7548750145360827,118311.4697500132,13.911178469734546
1728812996,2600,,Aggregated,381.600000,0.000000,330,1300,1600,2300,3400,5100,9000,15000,64000,71000,118000,87494,0,330.0,1592.3855255872388,0.7548750145360827,118311.4697500132,13.911296774635975
1728812997,2610,,Aggregated,377.700000,0.000000,330,1300,1600,2300,3400,5200,9400,16000,65000,72000,118000,87873,0,330.0,1615.352353831911,0.7548750145360827,118311.4697500132,13.911383473877073
1728812998,2620,,Aggregated,380.800000,0.000000,330,1300,1600,2300,3400,5300,9400,16000,65000,72000,118000,88247,0,330.0,1623.2033146889205,0.7548750145360827,118311.4697500132,13.911509739707865
1728812999,2630,,Aggregated,381.800000,0.000000,330,1300,1600,2400,3400,5300,9500,16000,65000,72000,118000,88643,0,330.0,1632.1187518686452,0.7548750145360827,118311.4697500132,13.911431246686146
1728813000,2640,,Aggregated,381.900000,0.000000,330,1300,1600,2400,3400,5300,9500,16000,65000,72000,118000,89018,0,330.0,1633.8074092049553,0.7548750145360827,118311.4697500132,13.911355006852547
1728813001,2650,,Aggregated,382.500000,0.000000,330,1300,1600,2400,3400,5300,9600,16000,66000,72000,118000,89403,0,330.0,1641.8021914196406,0.7548750145360827,118311.4697500132,13.91127814502869
1728813002,2660,,Aggregated,382.600000,0.000000,330,1300,1600,2400,3400,5300,9900,16000,66000,72000,118000,89804,8,330.0,1656.0393000329746,0.7548750145360827,118311.4697500132,13.92434635428266
1728813003,2670,,Aggregated,383.400000,0.000000,330,1300,1600,2400,3400,5300,9800,16000,66000,72000,118000,90180,8,330.0,1658.2852177939928,0.7548750145360827,118311.4697500132,13.924284763805723
1728813004,2680,,Aggregated,383.900000,0.000000,330,1300,1600,2400,3400,5300,9900,16000,66000,72000,118000,90573,8,330.0,1668.229106922511,0.7548750145360827,118311.4697500132,13.92423790754419
1728813005,2690,,Aggregated,384.900000,0.800000,330,1300,1600,2400,3400,5300,9900,16000,67000,72000,118000,90957,8,330.0,1681.3614128420438,0.7548750145360827,118311.4697500132,13.924205943467792
1728813006,2700,,Aggregated,384.800000,0.800000,330,1300,1600,2400,3400,5300,9900,16000,67000,72000,118000,91320,8,330.0,1687.1426833055089,0.7548750145360827,118311.4697500132,13.924178712220762
1728813007,2710,,Aggregated,389.800000,0.800000,330,1300,1600,2400,3400,5300,10000,16000,67000,72000,118000,91699,8,330.0,1692.6808771961719,0.7548750145360827,118311.4697500132,13.924055878471957
1728813008,2720,,Aggregated,383.000000,0.800000,330,1300,1700,2400,3400,5300,10000,16000,67000,72000,118000,92098,8,330.0,1700.364054057561,0.7548750145360827,118311.4697500132,13.923939716389064
1728813009,2730,,Aggregated,381.700000,0.800000,330,1300,1700,2400,3400,5400,10000,16000,67000,73000,118000,92490,8,330.0,1713.3809097526366,0.7548750145360827,118311.4697500132,13.923862039139367
1728813010,2740,,Aggregated,384.800000,0.800000,340,1300,1700,2400,3400,5400,10000,16000,69000,75000,118000,92851,8,340.0,1721.6182930301618,0.7548750145360827,118311.4697500132,13.923705722070844
1728813011,2750,,Aggregated,382.200000,0.800000,340,1300,1700,2400,3400,5400,10000,16000,68000,75000,118000,93224,9,340.0,1724.0434703686922,0.7548750145360827,118311.4697500132,13.92523384536171
1728813012,2760,,Aggregated,381.000000,0.800000,340,1300,1700,2400,3400,5400,10000,16000,68000,75000,118000,93608,9,340.0,1725.6018249182166,0.7548750145360827,118311.4697500132,13.92517733527049
1728813013,2770,,Aggregated,380.800000,0.900000,340,1300,1700,2400,3400,5400,10000,16000,68000,75000,118000,93998,9,340.0,1729.1307832911557,0.7548750145360827,118311.4697500132,13.925264367326964
1728813014,2780,,Aggregated,378.100000,0.900000,340,1300,1700,2400,3500,5500,10000,16000,68000,75000,118000,94375,9,340.0,1732.1347588702836,0.7548750145360827,118311.4697500132,13.925149668874171
1728813015,2790,,Aggregated,377.900000,0.100000,340,1400,1700,2400,3500,5700,10000,16000,68000,75000,118000,94761,9,340.0,1736.6095471355056,0.7548750145360827,118311.4697500132,13.925074661516868
1728813016,2800,,Aggregated,377.000000,0.100000,340,1400,1700,2400,3500,5700,10000,16000,68000,75000,118000,95133,9,340.0,1740.871233241684,0.7548750145360827,118311.4697500132,13.925062806807311
1728813017,2810,,Aggregated,376.300000,0.100000,340,1400,1700,2400,3500,5700,10000,16000,69000,77000,118000,95487,9,340.0,1756.6631648012758,0.7548750145360827,118311.4697500132,13.924995025500854
1728813018,2820,,Aggregated,377.700000,0.100000,340,1400,1700,2400,3500,5700,10000,16000,69000,77000,118000,95872,9,340.0,1764.606291898057,0.7548750145360827,118311.4697500132,13.925014602803738
1728813019,2830,,Aggregated,376.400000,0.100000,340,1400,1700,2400,3500,5700,10000,16000,69000,77000,118000,96270,9,340.0,1765.8033593752687,0.7548750145360827,118311.4697500132,13.925012984314948
1728813020,2840,,Aggregated,374.300000,0.100000,340,1400,1700,2400,3600,5800,10000,16000,69000,77000,118000,96647,9,340.0,1777.1010450055255,0.7548750145360827,118311.4697500132,13.924984738274338
1728813021,2850,,Aggregated,376.000000,0.100000,340,1400,1800,2400,3600,5900,10000,17000,68000,77000,118000,97021,9,340.0,1797.7488603505833,0.7548750145360827,118311.4697500132,13.924882241988847
1728813022,2860,,Aggregated,378.900000,0.100000,340,1400,1800,2400,3600,6100,10000,17000,68000,77000,118000,97360,9,340.0,1802.1621844087417,0.7548750145360827,118311.4697500132,13.924897288414133
1728813023,2870,,Aggregated,378.100000,0.000000,340,1400,1800,2400,3600,6200,10000,17000,70000,77000,118000,97769,15,340.0,1814.374437929328,0.7548750145360827,118311.4697500132,13.933772463664353
1728813024,2880,,Aggregated,378.000000,0.000000,340,1400,1800,2400,3600,6300,10000,17000,70000,77000,118000,98156,15,340.0,1826.6162097842682,0.7548750145360827,118311.4697500132,13.933544561718081
1728813025,2890,,Aggregated,375.900000,0.000000,340,1400,1800,2400,3600,6300,10000,17000,70000,77000,118000,98533,15,340.0,1834.0940476537185,0.7548750145360827,118311.4697500132,13.933504511178995
1728813026,2900,,Aggregated,376.900000,0.600000,340,1400,1800,2400,3600,6300,10000,17000,70000,77000,118000,98909,15,340.0,1834.0271012152336,0.7548750145360827,118311.4697500132,13.933332659313105
1728813027,2910,,Aggregated,376.700000,0.600000,340,1400,1800,2400,3600,6300,10000,17000,69000,77000,118000,99300,15,340.0,1840.6603544182042,0.7548750145360827,118311.4697500132,13.933212487411883
1728813028,2920,,Aggregated,376.600000,0.600000,340,1400,1800,2400,3600,6300,10000,17000,69000,77000,118000,99650,15,340.0,1843.2712813068465,0.7548750145360827,118311.4697500132,13.933035624686402
1728813029,2930,,Aggregated,379.000000,0.600000,340,1400,1800,2400,3600,6400,10000,18000,69000,77000,118000,100028,16,340.0,1860.673857999555,0.7548750145360827,118311.4697500132,13.934438357259967
1728813030,2940,,Aggregated,378.700000,0.600000,340,1400,1800,2400,3600,6400,11000,18000,69000,77000,118000,100415,16,340.0,1870.9223674710674,0.7548750145360827,118311.4697500132,13.934491858786037
1728813031,2950,,Aggregated,376.900000,0.700000,350,1400,1800,2400,3600,6400,11000,18000,69000,77000,118000,100795,16,350.0,1879.7842871097814,0.7548750145360827,118311.4697500132,13.93440150801131
1728813032,2960,,Aggregated,375.700000,0.700000,350,1400,1800,2400,3600,6400,11000,18000,69000,77000,118000,101187,16,350.0,1883.2327806159058,0.7548750145360827,118311.4697500132,13.934378922193563
1728813033,2970,,Aggregated,376.400000,0.700000,350,1400,1800,2400,3700,6400,11000,18000,70000,77000,118000,101557,16,350.0,1895.4407008459796,0.7548750145360827,118311.4697500132,13.934283210413856
1728813034,2980,,Aggregated,378.600000,0.700000,350,1400,1800,2400,3700,6500,11000,18000,70000,77000,118000,101919,16,350.0,1909.8830300981804,0.7548750145360827,118311.4697500132,13.93413396913235
1728813035,2990,,Aggregated,381.000000,0.700000,350,1400,1800,2400,3700,6600,11000,20000,70000,77000,118000,102305,16,350.0,1918.371432642607,0.7548750145360827,118311.4697500132,13.934138116416598
1728813036,3000,,Aggregated,376.500000,0.100000,350,1400,1800,2400,3700,6600,11000,20000,70000,77000,118000,102676,16,350.0,1919.0609538004567,0.7548750145360827,118311.4697500132,13.934152090069734
1728813037,3010,,Aggregated,375.900000,0.100000,350,1400,1900,2400,3700,6600,11000,20000,70000,77000,118000,103051,16,350.0,1924.1760762052745,0.7548750145360827,118311.4697500132,13.93390651230944
1728813038,3020,,Aggregated,373.900000,0.100000,350,1400,1900,2400,3700,6600,11000,22000,70000,77000,118000,103417,19,350.0,1938.1479974142055,0.7548750145360827,118311.4697500132,13.938037266600269
1728813039,3030,,Aggregated,373.300000,0.100000,350,1400,2000,2400,3700,6600,11000,28000,70000,80000,121000,103774,19,350.0,1961.5204363915907,0.7548750145360827,120760.99450001493,13.9379998843641
1728813040,3040,,Aggregated,372.500000,0.400000,350,1400,2100,2400,3700,6700,11000,28000,71000,121000,123000,104167,27,350.0,1981.1823712681044,0.7548750145360827,123007.29129195679,13.949062562999798
1728813041,3050,,Aggregated,370.400000,0.300000,350,1400,2100,2400,3800,6700,11000,28000,71000,121000,123000,104557,27,350.0,1987.4116922122428,0.7548750145360827,123007.29129195679,13.948831737712444
1728813042,3060,,Aggregated,370.500000,0.300000,350,1400,2100,2400,3800,6700,11000,28000,71000,121000,123000,104929,27,350.0,1999.7294361062177,0.7548750145360827,123007.29129195679,13.94862240181456
1728813043,3070,,Aggregated,372.600000,1.100000,350,1400,2100,2400,3800,6700,11000,28000,71000,121000,123000,105308,27,350.0,2008.4772524624173,0.7548750145360827,123007.29129195679,13.94850343753561
1728813044,3080,,Aggregated,371.400000,1.100000,350,1400,2100,2400,3800,6700,11000,28000,71000,121000,123000,105689,27,350.0,2019.1623618117644,0.7548750145360827,123007.29129195679,13.948376841487761
1728813045,3090,,Aggregated,370.700000,1.100000,350,1400,2200,2400,3800,6700,12000,29000,71000,121000,123000,106054,27,350.0,2025.4363747447837,0.7548750145360827,123007.29129195679,13.948167914458672
1728813046,3100,,Aggregated,373.200000,1.100000,350,1400,2200,2400,3800,6700,12000,28000,71000,121000,123000,106420,27,350.0,2027.2172105378236,0.7548750145360827,123007.29129195679,13.94799849652321
1728813047,3110,,Aggregated,373.200000,1.100000,350,1400,2200,2400,3800,6800,13000,29000,71000,121000,123000,106756,28,350.0,2038.9538635855254,0.7548750145360827,123007.29129195679,13.94925812132339
1728813048,3120,,Aggregated,375.100000,1.100000,350,1400,2200,2400,3800,6800,13000,29000,71000,121000,123000,107005,28,350.0,2041.224531214843,0.7548750145360827,123007.29129195679,13.949236017008552
1728813049,3130,,Aggregated,373.600000,1.100000,350,1400,2200,2400,3800,6800,13000,29000,71000,121000,123000,107255,28,350.0,2042.8052735954818,0.7548750145360827,123007.29129195679,13.949009370192531
1728813050,3140,,Aggregated,367.900000,0.900000,360,1400,2200,2400,3800,6800,13000,29000,71000,121000,123000,107560,29,360.0,2045.1477279190653,0.7548750145360827,123007.29129195679,13.950232428412049
1728813051,3150,,Aggregated,350.800000,0.900000,360,1400,2200,2400,3800,6800,14000,29000,71000,121000,123000,107927,37,360.0,2055.069306262326,0.7548750145360827,123007.29129195679,13.960908762404218
1728813052,3160,,Aggregated,341.600000,1.000000,360,1400,2200,2400,3800,6800,14000,29000,71000,121000,123000,108283,37,360.0,2059.868579438581,0.7548750145360827,123007.29129195679,13.960769465197677
1728813053,3170,,Aggregated,337.400000,1.000000,360,1400,2200,2400,3900,7200,14000,29000,71000,121000,123000,108632,37,360.0,2076.0775226895244,0.7548750145360827,123007.29129195679,13.96062854407541
1728813054,3180,,Aggregated,335.800000,1.000000,360,1400,2200,2400,3900,7200,14000,29000,71000,121000,123000,108984,38,360.0,2076.567373636988,0.7548750145360827,123007.29129195679,13.961654921823387
1728813055,3190,,Aggregated,332.600000,1.000000,360,1400,2200,2400,3900,7200,14000,29000,71000,121000,123000,109335,38,360.0,2086.5610181532816,0.7548750145360827,123007.29129195679,13.961320711574519
1728813056,3200,,Aggregated,331.400000,1.100000,360,1400,2200,2400,3900,7300,15000,30000,71000,121000,123000,109701,42,360.0,2117.6386927063268,0.7548750145360827,123007.29129195679,13.966162569165277
1728813057,3210,,Aggregated,328.500000,1.100000,360,1400,2200,2400,3900,7400,15000,30000,71000,121000,127000,110065,42,360.0,2143.349775660055,0.7548750145360827,127483.2407910144,13.965929223640575
1728813058,3220,,Aggregated,327.400000,1.500000,360,1400,2200,2500,3900,7400,15000,30000,71000,121000,127000,110437,42,360.0,2157.6441926406574,0.7548750145360827,127483.2407910144,13.965573132193015
1728813059,3230,,Aggregated,328.100000,1.500000,360,1400,2200,2500,3900,7400,15000,30000,71000,121000,127000,110811,42,360.0,2164.707972813922,0.7548750145360827,127483.2407910144,13.96536444937777
1728813060,3240,,Aggregated,333.700000,1.400000,360,1400,2200,2500,4000,7400,15000,30000,71000,121000,127000,111191,42,360.0,2168.451280670864,0.7548750145360827,127483.2407910144,13.965168044176238
1728813061,3250,,Aggregated,351.800000,1.400000,360,1400,2200,2500,4000,7500,15000,31000,71000,121000,132000,111577,55,360.0,2189.588519307897,0.7548750145360827,132188.65679204464,13.982066196438334
1728813062,3260,,Aggregated,360.500000,1.300000,360,1400,2200,2500,4000,7500,15000,31000,71000,121000,132000,111927,55,360.0,2198.368366701352,0.7548750145360827,132188.65679204464,13.981934653836875
1728813063,3270,,Aggregated,363.700000,1.600000,360,1400,2200,2500,4000,7500,15000,31000,71000,121000,132000,112310,55,360.0,2206.8392151277208,0.7548750145360827,132188.65679204464,13.981729142551865
1728813064,3280,,Aggregated,365.600000,1.800000,360,1400,2200,2500,4000,7500,15000,32000,71000,121000,132000,112720,76,360.0,2223.188719702976,0.7548750145360827,132188.65679204464,14.008685237757275
1728813065,3290,,Aggregated,363.900000,1.800000,360,1400,2200,2500,4000,7600,15000,32000,71000,121000,132000,113112,76,360.0,2229.512223727779,0.7548750145360827,132188.65679204464,14.008434118395925
1728813066,3300,,Aggregated,368.300000,3.800000,360,1400,2200,2500,4100,7700,15000,33000,71000,121000,132000,113516,76,360.0,2250.471765737509,0.7548750145360827,132188.65679204464,14.008113393706614
1728813067,3310,,Aggregated,372.400000,3.800000,360,1400,2200,2500,4100,7700,15000,33000,71000,121000,132000,113905,76,360.0,2253.6181444460567,0.7548750145360827,132188.65679204464,14.007839866555463
1728813068,3320,,Aggregated,375.400000,3.400000,360,1400,2200,2500,4100,7800,15000,34000,72000,121000,132000,114266,88,360.0,2272.0098498416332,0.7548750145360827,132188.65679204464,14.022937706754416
1728813069,3330,,Aggregated,377.800000,3.400000,360,1400,2200,2500,4100,7800,15000,39000,73000,121000,132000,114633,88,360.0,2291.7587458225835,0.7548750145360827,132188.65679204464,14.022576395976726
1728813070,3340,,Aggregated,378.700000,4.600000,360,1400,2200,2500,4200,7800,15000,54000,73000,121000,132000,115005,88,360.0,2306.29156354149,0.7548750145360827,132188.65679204464,14.022251206469283
1728813071,3350,,Aggregated,378.500000,4.600000,360,1400,2200,2500,4200,7800,15000,54000,73000,121000,132000,115370,90,360.0,2316.667505891585,0.7548750145360827,132188.65679204464,14.024330415185924
1728813072,3360,,Aggregated,378.200000,4.600000,360,1400,2300,2500,4200,7800,16000,54000,73000,121000,132000,115735,90,360.0,2329.6191434249617,0.7548750145360827,132188.65679204464,14.023933987125762
1728813073,3370,,Aggregated,373.900000,3.500000,360,1400,2300,2500,4200,7800,16000,55000,73000,121000,132000,116115,90,360.0,2344.9664057464115,0.7548750145360827,132188.65679204464,14.023554235025621
1728813074,3380,,Aggregated,372.400000,3.500000,360,1400,2300,2500,4200,7900,16000,55000,73000,121000,132000,116488,99,360.0,2358.5326541184545,0.7548750145360827,132188.65679204464,14.034587253622691
1728813075,3390,,Aggregated,376.900000,3.500000,360,1400,2300,2500,4200,7900,16000,55000,73000,121000,132000,116860,102,360.0,2356.9486767398976,0.7548750145360827,132188.65679204464,14.037934280335444
1728813076,3400,,Aggregated,373.500000,1.400000,360,1400,2300,2500,4200,7900,16000,55000,73000,121000,132000,117233,103,360.0,2361.7001031560303,0.7548750145360827,132188.65679204464,14.038700707138775
1728813077,3410,,Aggregated,372.100000,2.300000,360,1400,2300,2500,4200,7900,16000,55000,73000,121000,132000,117612,103,360.0,2373.4211608306937,0.7548750145360827,132188.65679204464,14.03825289936401
1728813078,3420,,Aggregated,370.100000,2.600000,370,1400,2300,2500,4200,7900,16000,55000,73000,121000,132000,117985,103,370.0,2378.9829002665556,0.7548750145360827,132188.65679204464,14.03786074500996
1728813079,3430,,Aggregated,368.000000,2.700000,370,1400,2300,2500,4300,7900,16000,56000,73000,121000,132000,118362,110,370.0,2395.2744221801004,0.7548750145360827,132188.65679204464,14.046121221337929
1728813080,3440,,Aggregated,369.000000,1.500000,370,1400,2300,2500,4300,7900,16000,57000,73000,121000,132000,118728,110,370.0,2411.6268888921186,0.7548750145360827,132188.65679204464,14.04565056263055
1728813081,3450,,Aggregated,369.400000,1.500000,370,1400,2300,2500,4300,7900,16000,57000,73000,121000,132000,119110,112,370.0,2421.6562208466516,0.7548750145360827,132188.65679204464,14.04772059440853
1728813082,3460,,Aggregated,370.700000,2.200000,370,1400,2300,2600,4300,7900,16000,57000,73000,121000,132000,119480,112,370.0,2427.5531611461693,0.7548750145360827,132188.65679204464,14.047246401071309
1728813083,3470,,Aggregated,372.000000,2.200000,370,1400,2300,2600,4300,7900,16000,58000,74000,121000,132000,119835,112,370.0,2436.697545059819,0.7548750145360827,132188.65679204464,14.046897817832853
1728813084,3480,,Aggregated,374.200000,2.200000,370,1400,2300,2600,4300,7900,16000,58000,74000,121000,132000,120177,112,370.0,2442.870024955169,0.7548750145360827,132188.65679204464,14.046523045175034
1728813085,3490,,Aggregated,372.200000,2.200000,370,1400,2300,2600,4300,7900,16000,59000,74000,121000,132000,120602,112,370.0,2449.825479825537,0.7548750145360827,132188.65679204464,14.046068887746472
1728813086,3500,,Aggregated,372.000000,2.200000,370,1400,2300,2600,4400,7900,16000,61000,76000,123000,132000,121009,126,370.0,2475.0896283018224,0.7548750145360827,132188.65679204464,14.0624251088762
1728813087,3510,,Aggregated,372.400000,1.300000,370,1400,2300,2600,4400,7900,17000,61000,76000,123000,132000,121398,129,370.0,2497.6621239418623,0.7548750145360827,132188.65679204464,14.065536499777592
1728813088,3520,,Aggregated,375.400000,1.600000,370,1500,2300,2600,4400,7900,17000,61000,77000,124000,132000,121797,129,370.0,2522.9500940566613,0.7548750145360827,132188.65679204464,14.065067284087457
1728813089,3530,,Aggregated,377.500000,2.600000,370,1500,2300,2600,4400,7900,17000,61000,77000,127000,132000,122173,129,370.0,2529.873736161592,0.7548750145360827,132188.65679204464,14.064539628232097
1728813090,3540,,Aggregated,379.300000,2.600000,370,1500,2400,2600,4400,8000,17000,61000,77000,127000,132000,122570,129,370.0,2531.202247800028,0.7548750145360827,132188.65679204464,14.064004242473688
1728813091,3550,,Aggregated,380.800000,2.600000,370,1500,2400,2600,4400,8000,17000,62000,77000,127000,132000,122912,129,370.0,2559.666253752143,0.7548750145360827,132188.65679204464,14.063598346784692
1728813092,3560,,Aggregated,380.200000,1.900000,370,1500,2400,2600,4400,8000,17000,62000,77000,127000,132000,123311,129,370.0,2563.544138534311,0.7548750145360827,132188.65679204464,14.063124944246661
1728813093,3570,,Aggregated,380.600000,1.900000,370,1500,2400,2600,4400,8000,17000,62000,77000,127000,132000,123700,129,370.0,2566.745139763958,0.7548750145360827,132188.65679204464,14.062659660468876
1728813094,3580,,Aggregated,377.800000,1.700000,370,1500,2400,2600,4400,8000,17000,62000,77000,127000,132000,124089,129,370.0,2567.5655154486044,0.7548750145360827,132188.65679204464,14.062173117681663
1728813095,3590,,Aggregated,382.100000,1.700000,370,1500,2400,2600,4400,8000,17000,62000,77000,127000,132000,124446,130,370.0,2584.6114920716004,0.7548750145360827,132188.65679204464,14.062983141282162
1728813096,3600,,Aggregated,383.900000,1.700000,370,1500,2400,2600,4500,8000,17000,62000,77000,127000,132000,124825,130,370.0,2596.8229941165328,0.7548750145360827,132188.65679204464,14.062487482475465
1728813097,3610,,Aggregated,383.700000,1.700000,370,1500,2400,2600,4500,8000,17000,62000,77000,127000,132000,125182,130,370.0,2607.8943419308875,0.7548750145360827,132188.65679204464,14.062085603361506
1728813098,3620,,Aggregated,379.600000,1.200000,370,1500,2400,2600,4500,8000,17000,62000,84000,154000,181000,125596,158,370.0,2653.905521730185,0.7548750145360827,181001.1700829491,14.09413516354024
1728813099,3630,,Aggregated,378.300000,0.100000,370,1500,2400,2600,4500,8000,18000,62000,84000,154000,181000,125982,158,370.0,2660.8072897002344,0.7548750145360827,181001.1700829491,14.093545109618834
1728813100,3640,,Aggregated,376.600000,2.900000,370,1500,2400,2600,4500,8000,18000,62000,84000,154000,181000,126349,158,370.0,2672.799867066056,0.7548750145360827,181001.1700829491,14.092996383034293
1728813101,3650,,Aggregated,377.900000,2.900000,370,1500,2400,2600,4500,8000,18000,62000,84000,154000,181000,126744,159,370.0,2677.760695612004,0.7548750145360827,181001.1700829491,14.093613898882788
1728813102,3660,,Aggregated,378.100000,2.900000,370,1500,2400,2600,4500,8000,18000,62000,84000,154000,181000,127128,159,370.0,2679.0996710006957,0.7548750145360827,181001.1700829491,14.093032219495312
1728813103,3670,,Aggregated,379.300000,3.000000,370,1500,2400,2600,4500,8000,18000,62000,89000,154000,181000,127510,172,370.0,2702.3188259828526,0.7548750145360827,181001.1700829491,14.10746608109168
1728813104,3680,,Aggregated,381.000000,3.000000,370,1500,2400,2600,4600,8200,18000,62000,89000,154000,181000,127883,172,370.0,2710.5174042685094,0.7548750145360827,181001.1700829491,14.106824206501255
1728813105,3690,,Aggregated,381.600000,3.600000,370,1500,2400,2600,4600,8200,19000,62000,89000,154000,181000,128273,172,370.0,2727.0889779657978,0.7548750145360827,181001.1700829491,14.10611742143709
1728813106,3700,,Aggregated,379.300000,4.300000,370,1500,2400,2600,4600,8200,19000,62000,89000,154000,181000,128642,172,370.0,2730.1793521331597,0.7548750145360827,181001.1700829491,14.105533185118391
1728813107,3710,,Aggregated,379.900000,4.300000,370,1500,2400,2600,4600,8300,19000,62000,89000,154000,181000,129010,172,370.0,2735.407211358482,0.7548750145360827,181001.1700829491,14.105015115107356
1728813108,3720,,Aggregated,381.900000,4.200000,370,1600,2400,2700,4700,8500,20000,62000,92000,180000,181000,129393,182,370.0,2766.4509299217198,0.7548750145360827,181190.71516697295,14.115709505150974
1728813109,3730,,Aggregated,381.200000,4.200000,380,1600,2400,2700,4700,8600,20000,62000,92000,180000,181000,129760,182,380.0,2767.439690176308,0.7548750145360827,181190.71516697295,14.115135635018495
1728813110,3740,,Aggregated,381.200000,2.400000,380,1600,2400,2700,4700,8700,20000,63000,93000,179000,181000,130137,183,380.0,2792.8593770919892,0.7548750145360827,181190.71516697295,14.115601250989341
1728813111,3750,,Aggregated,378.600000,2.400000,380,1600,2400,2700,4700,8900,22000,63000,93000,179000,181000,130500,183,380.0,2810.585024348701,0.7548750145360827,181190.71516697295,14.114996168582376
1728813112,3760,,Aggregated,377.000000,2.400000,380,1600,2400,2700,4700,8900,22000,63000,98000,179000,181000,130866,183,380.0,2827.218146868125,0.7548750145360827,181190.71516697295,14.114430027661884
1728813113,3770,,Aggregated,377.500000,2.400000,380,1600,2400,2700,4700,8900,23000,63000,98000,179000,181000,131246,183,380.0,2844.2408402151423,0.7548750145360827,181190.71516697295,14.11387013699465
1728813114,3780,,Aggregated,376.000000,2.400000,380,1600,2400,2700,4700,8900,23000,63000,98000,179000,181000,131620,183,380.0,2853.354165323836,0.7548750145360827,181190.71516697295,14.11331864458289
1728813115,3790,,Aggregated,371.600000,1.800000,380,1600,2400,2700,4700,8900,23000,63000,95000,179000,181000,132002,183,380.0,2851.7248433935865,0.7548750145360827,181190.71516697295,14.112733140406963
1728813116,3800,,Aggregated,374.200000,1.100000,380,1600,2400,2700,4700,8900,23000,63000,98000,179000,181000,132373,183,380.0,2857.3992487664927,0.7548750145360827,181190.71516697295,14.112145225990194
1728813117,3810,,Aggregated,374.000000,1.100000,380,1600,2400,2700,4700,8900,23000,63000,98000,179000,181000,132746,188,380.0,2868.9713978410127,0.7548750145360827,181190.71516697295,14.117110873397316
1728813118,3820,,Aggregated,373.800000,1.100000,380,1600,2400,2800,4700,9000,28000,63000,117000,179000,181000,133124,196,380.0,2906.84113657201,0.7548750145360827,181190.71516697295,14.125304227637391
1728813119,3830,,Aggregated,370.000000,1.600000,380,1600,2400,2800,4700,9000,28000,63000,117000,179000,181000,133493,196,380.0,2907.5078741049565,0.7548750145360827,181190.71516697295,14.124733132074342
1728813120,3840,,Aggregated,373.900000,1.400000,380,1600,2400,2800,4800,9000,28000,63000,118000,179000,181000,133853,204,380.0,2925.5249536804376,0.7548750145360827,181190.71516697295,14.13294434939822
1728813121,3850,,Aggregated,371.900000,1.400000,380,1600,2400,2800,4800,9000,28000,63000,118000,179000,181000,134219,204,380.0,2940.082716561479,0.7548750145360827,181190.71516697295,14.13231360686639
1728813122,3860,,Aggregated,373.600000,1.400000,380,1600,2400,2800,4800,9000,28000,63000,118000,179000,181000,134590,204,380.0,2941.872841071552,0.7548750145360827,181190.71516697295,14.131644252916264
1728813123,3870,,Aggregated,371.200000,2.100000,380,1600,2400,2800,4800,9000,28000,63000,118000,179000,181000,134952,204,380.0,2950.628134638792,0.7548750145360827,181190.71516697295,14.131002134092121
1728813124,3880,,Aggregated,371.300000,2.100000,380,1600,2400,2800,4900,9000,28000,63000,118000,179000,181000,135335,204,380.0,2952.750634050208,0.7548750145360827,181190.71516697295,14.130387556803488
1728813125,3890,,Aggregated,372.800000,2.100000,380,1600,2400,2800,4900,9000,28000,63000,118000,179000,181000,135709,204,380.0,2965.4018092288875,0.7548750145360827,181190.71516697295,14.129770317370255
1728813126,3900,,Aggregated,370.100000,2.100000,380,1600,2400,2800,4900,9000,28000,64000,118000,179000,181000,136082,204,380.0,2970.349633971682,0.7548750145360827,181190.71516697295,14.129157419791008
1728813127,3910,,Aggregated,369.600000,2.100000,380,1600,2400,2800,4900,9000,28000,64000,118000,179000,181000,136439,204,380.0,2976.7456050540854,0.7548750145360827,181190.71516697295,14.128570276827007
1728813128,3920,,Aggregated,369.200000,2.100000,380,1600,2400,2800,4900,9000,28000,64000,122000,179000,181000,136808,204,380.0,3001.2027274876805,0.7548750145360827,181190.71516697295,14.127938424653529
1728813129,3930,,Aggregated,372.800000,1.600000,380,1600,2400,2800,5000,9000,29000,64000,122000,179000,181000,137151,204,380.0,3021.293532014049,0.7548750145360827,181190.71516697295,14.12734139743786
1728813130,3940,,Aggregated,365.600000,0.800000,380,1600,2400,2800,5100,9000,29000,64000,122000,179000,181000,137474,209,380.0,3040.3122169504973,0.7548750145360827,181190.71516697295,14.13218499498087
1728813131,3950,,Aggregated,366.600000,0.800000,380,1600,2400,2800,5100,9000,29000,64000,122000,179000,181000,137835,211,380.0,3044.9908774981377,0.7548750145360827,181190.71516697295,14.133710596002468
1728813132,3960,,Aggregated,363.800000,0.800000,380,1600,2400,2800,5100,9000,29000,64000,121000,179000,181000,138214,214,380.0,3070.7811255699985,0.7548750145360827,181190.71516697295,14.136136715528094
1728813133,3970,,Aggregated,359.800000,0.500000,380,1600,2400,2800,5200,9000,29000,64000,123000,179000,181000,138571,214,380.0,3088.5803146004405,0.7548750145360827,181190.71516697295,14.135518975831884
1728813134,3980,,Aggregated,358.400000,1.000000,380,1600,2400,2800,5200,9000,30000,64000,123000,179000,181000,138925,214,380.0,3113.2847332167094,0.7548750145360827,181190.71516697295,14.135008097894547
1728813135,3990,,Aggregated,359.800000,1.000000,390,1600,2400,2800,5300,9000,30000,64000,123000,179000,181000,139294,214,390.0,3122.8502918880954,0.7548750145360827,181190.71516697295,14.134413542579006
1728813136,4000,,Aggregated,358.600000,1.000000,390,1600,2400,2800,5300,9000,30000,64000,123000,179000,181000,139659,220,390.0,3130.6318572579826,0.7548750145360827,181190.71516697295,14.140033939810538
1728813137,4010,,Aggregated,358.100000,1.000000,390,1600,2400,2800,5300,9100,30000,64000,123000,179000,181000,140014,222,390.0,3135.31706267146,0.7548750145360827,181190.71516697295,14.14157869927293
1728813138,4020,,Aggregated,356.300000,1.000000,390,1600,2400,2800,5300,9100,30000,64000,123000,179000,181000,140394,225,390.0,3138.4662553469275,0.7548750145360827,181190.71516697295,14.143987634799208
1728813139,4030,,Aggregated,355.500000,1.800000,390,1600,2400,2800,5300,9100,30000,64000,123000,179000,181000,140779,225,390.0,3143.785781613765,0.7548750145360827,181190.71516697295,14.143267106599707
1728813140,4040,,Aggregated,356.200000,2.100000,390,1600,2400,2900,5300,9100,30000,64000,123000,179000,181000,141145,225,390.0,3158.162299993838,0.7548750145360827,181190.71516697295,14.142690141344008
1728813141,4050,,Aggregated,359.900000,2.100000,390,1600,2400,2900,5300,9200,30000,64000,123000,179000,181000,141505,225,390.0,3163.3034696733926,0.7548750145360827,181190.71516697295,14.142143387159464
1728813142,4060,,Aggregated,361.000000,2.100000,390,1600,2400,2900,5300,9500,31000,64000,123000,179000,181000,141902,227,390.0,3184.2194831916263,0.7548750145360827,181190.71516697295,14.143521585319446
1728813143,4070,,Aggregated,365.700000,1.600000,390,1600,2400,2900,5300,9600,31000,64000,123000,179000,181000,142281,227,390.0,3196.9635249106395,0.7548750145360827,181190.71516697295,14.142935458704956
1728813144,4080,,Aggregated,367.600000,1.100000,390,1600,2400,2900,5300,9600,31000,64000,123000,179000,181000,142649,227,390.0,3197.615522776909,0.7548750145360827,181190.71516697295,14.14235641329417
1728813145,4090,,Aggregated,367.600000,1.300000,390,1600,2400,2900,5300,9700,31000,64000,123000,179000,181000,143032,227,390.0,3202.9431294743654,0.7548750145360827,181190.71516697295,14.141786453381062
1728813146,4100,,Aggregated,371.700000,1.300000,390,1600,2400,2900,5300,9700,31000,64000,123000,179000,181000,143412,227,390.0,3214.7186209349516,0.7548750145360827,181190.71516697295,14.141250383510446
1728813147,4110,,Aggregated,372.300000,1.300000,390,1600,2400,2900,5300,9800,31000,65000,124000,179000,181000,143791,245,390.0,3229.0151375838386,0.7548750145360827,181190.71516697295,14.158904242963747
1728813148,4120,,Aggregated,374.200000,1.300000,390,1600,2400,2900,5300,9900,32000,65000,124000,179000,181000,144140,245,390.0,3234.9097370686477,0.7548750145360827,181190.71516697295,14.158262800055502
1728813149,4130,,Aggregated,371.500000,0.500000,390,1600,2500,2900,5300,9900,32000,65000,124000,179000,181000,144528,245,390.0,3235.4330435062584,0.7548750145360827,181190.71516697295,14.157602679065649
1728813150,4140,,Aggregated,376.500000,2.000000,390,1600,2500,3000,5300,9900,32000,65000,125000,179000,181000,144903,245,390.0,3252.8625639965726,0.7548750145360827,181190.71516697295,14.156994679199189
1728813151,4150,,Aggregated,372.500000,2.000000,390,1600,2500,3000,5300,9900,33000,65000,125000,179000,181000,145280,256,390.0,3260.5630534209827,0.7548750145360827,181190.71516697295,14.167387114537444
1728813152,4160,,Aggregated,375.100000,2.000000,390,1600,2500,3000,5300,9900,34000,65000,128000,179000,181000,145636,256,390.0,3296.3305415580367,0.7548750145360827,181190.71516697295,14.1667444862534
1728813153,4170,,Aggregated,376.000000,3.100000,390,1600,2500,3000,5300,9900,34000,65000,128000,179000,181000,145999,256,390.0,3300.257632595171,0.7548750145360827,181190.71516697295,14.1661107267858
1728813154,4180,,Aggregated,377.100000,3.100000,390,1600,2500,3000,5300,10000,35000,65000,128000,179000,181000,146383,256,390.0,3309.990940257311,0.7548750145360827,181190.71516697295,14.165408551539455
1728813155,4190,,Aggregated,373.600000,2.900000,390,1600,2500,3000,5400,10000,38000,65000,128000,179000,181000,146756,256,390.0,3330.787343792712,0.7548750145360827,181190.71516697295,14.164763280547303
1728813156,4200,,Aggregated,371.400000,2.900000,390,1600,2500,3000,5400,10000,54000,65000,128000,179000,181000,147137,276,390.0,3351.155064794356,0.7548750145360827,181190.71516697295,14.183984993577415
1728813157,4210,,Aggregated,372.200000,2.900000,390,1600,2500,3000,5400,10000,54000,65000,128000,179000,181000,147498,277,390.0,3351.1409244799793,0.7548750145360827,181190.71516697295,14.184300804078699
1728813158,4220,,Aggregated,374.200000,4.900000,390,1600,2500,3000,5400,10000,54000,65000,128000,179000,181000,147872,277,390.0,3352.615725436165,0.7548750145360827,181190.71516697295,14.183645314866911
1728813159,4230,,Aggregated,376.300000,5.000000,390,1600,2500,3000,5400,10000,54000,65000,128000,179000,181000,148189,277,390.0,3356.266162495077,0.7548750145360827,181190.71516697295,14.183077016512696
1728813160,4240,,Aggregated,370.900000,3.200000,390,1600,2500,3000,5400,10000,54000,65000,128000,179000,181000,148613,277,390.0,3364.7587738088796,0.7548750145360827,181190.71516697295,14.182157684724755
1728813161,4250,,Aggregated,373.300000,3.200000,390,1600,2500,3000,5400,10000,55000,66000,128000,179000,181000,149033,322,390.0,3402.1997596674487,0.7548750145360827,181190.71516697295,14.225466842913985
1728813162,4260,,Aggregated,368.500000,3.200000,390,1600,2500,3000,5400,10000,55000,66000,128000,179000,181000,149414,322,390.0,3415.9536221264557,0.7548750145360827,181190.71516697295,14.22472459073447
1728813163,4270,,Aggregated,369.800000,4.500000,390,1600,2500,3000,5400,10000,55000,66000,128000,179000,181000,149794,322,390.0,3430.410692408907,0.7548750145360827,181190.71516697295,14.223960906311333
1728813164,4280,,Aggregated,371.800000,6.600000,390,1600,2500,3000,5400,10000,55000,66000,128000,179000,181000,150160,322,390.0,3426.715625014368,0.7548750145360827,181190.71516697295,14.223135322322856
1728813166,4290,,Aggregated,373.200000,6.600000,390,1600,2500,3000,5400,10000,55000,66000,128000,179000,181000,150492,322,390.0,3426.7850758577915,0.7548750145360827,181190.71516697295,14.22243042819552
1728813167,4300,,Aggregated,371.600000,6.600000,390,1600,2500,3000,5400,10000,56000,66000,128000,179000,181000,150971,363,390.0,3454.9095087857236,0.7548750145360827,181190.71516697295,14.261076630611177
1728813168,4310,,Aggregated,364.000000,4.600000,390,1600,2500,3000,5500,10000,56000,66000,128000,179000,181000,151353,372,390.0,3489.522424122257,0.7548750145360827,181190.71516697295,14.268940820466062
1728813169,4320,,Aggregated,370.900000,6.900000,390,1700,2500,3000,5700,10000,57000,66000,128000,179000,181000,151720,380,390.0,3506.5016623574847,0.7548750145360827,181190.71516697295,14.275804112839442
1728813170,4330,,Aggregated,374.600000,9.500000,390,1700,2500,3000,5700,10000,57000,66000,128000,179000,181000,152072,380,390.0,3523.4812183886224,0.7548750145360827,181190.71516697295,14.274961860171498
1728813171,4340,,Aggregated,374.200000,10.300000,390,1700,2500,3000,5700,10000,57000,66000,128000,179000,181000,152446,380,390.0,3521.9009430719175,0.7548750145360827,181190.71516697295,14.274057699119687
1728813172,4350,,Aggregated,374.900000,10.300000,390,1700,2500,3100,5700,10000,57000,66000,128000,179000,181000,152811,380,390.0,3524.031413451916,0.7548750145360827,181190.71516697295,14.273180595637749
1728813173,4360,,Aggregated,373.500000,7.900000,390,1700,2500,3100,5700,10000,60000,66000,128000,179000,181000,153170,380,390.0,3557.5477289139053,0.7548750145360827,181190.71516697295,14.272324867793955
1728813174,4370,,Aggregated,370.100000,5.800000,400,1700,2500,3100,5700,10000,61000,66000,128000,179000,181000,153529,396,400.0,3586.475343578319,0.7548750145360827,181190.71516697295,14.286760156061721
1728813175,4380,,Aggregated,369.500000,5.800000,400,1700,2500,3100,5700,10000,61000,66000,128000,179000,181000,153906,398,400.0,3596.4420476371547,0.7548750145360827,181190.71516697295,14.287727573973724
1728813176,4390,,Aggregated,367.800000,7.400000,400,1700,2500,3100,5700,10000,61000,66000,128000,179000,181000,154281,398,400.0,3595.0315241229987,0.7548750145360827,181190.71516697295,14.28682728268549
1728813177,4400,,Aggregated,368.800000,7.600000,400,1700,2500,3100,5800,10000,61000,66000,128000,179000,181000,154642,398,400.0,3617.781564462124,0.7548750145360827,181190.71516697295,14.285957243181025
1728813178,4410,,Aggregated,375.100000,7.600000,400,1700,2500,3100,5800,10000,61000,66000,128000,179000,181000,155004,398,400.0,3623.2899375728957,0.7548750145360827,181190.71516697295,14.285095868493716
1728813179,4420,,Aggregated,368.700000,5.200000,400,1700,2500,3100,5800,10000,61000,66000,128000,179000,181000,155372,398,400.0,3624.074201901605,0.7548750145360827,181190.71516697295,14.284188914347501
1728813180,4430,,Aggregated,365.600000,2.600000,400,1700,2500,3100,5800,10000,61000,66000,128000,179000,181000,155726,398,400.0,3628.043032447811,0.7548750145360827,181190.71516697295,14.283375929517229
1728813181,4440,,Aggregated,364.300000,1.800000,400,1700,2500,3100,5800,10000,61000,66000,128000,179000,181000,156084,398,400.0,3630.9831241594575,0.7548750145360827,181190.71516697295,14.282488916224597
1728813182,4450,,Aggregated,365.100000,1.800000,400,1700,2500,3200,5800,10000,61000,66000,128000,179000,181000,156452,407,400.0,3639.678347876213,0.7548750145360827,181190.71516697295,14.289993096924297
1728813183,4460,,Aggregated,362.900000,1.800000,400,1700,2500,3200,5800,10000,61000,66000,128000,179000,181000,156773,407,400.0,3642.156771278388,0.7548750145360827,181190.71516697295,14.28928450689851
1728813184,4470,,Aggregated,364.000000,2.700000,400,1700,2500,3200,5800,10000,61000,66000,128000,179000,181000,157142,409,400.0,3642.499082699875,0.7548750145360827,181190.71516697295,14.290215219355742
1728813185,4480,,Aggregated,358.800000,2.700000,400,1700,2500,3200,5800,10000,61000,66000,128000,179000,181000,157508,409,400.0,3642.4715548657355,0.7548750145360827,181190.71516697295,14.289350382202809
1728813186,4490,,Aggregated,360.300000,1.300000,400,1700,2500,3200,5800,10000,61000,66000,128000,179000,181000,157863,412,400.0,3639.658208363702,0.7548750145360827,181190.71516697295,14.29129688400702
1728813187,4500,,Aggregated,358.200000,1.100000,400,1700,2600,3200,6000,10000,61000,66000,129000,179000,181000,158272,466,400.0,3678.3379837347534,0.7548750145360827,181190.71516697295,14.34013596845936
1728813188,4510,,Aggregated,355.700000,1.400000,400,1700,2600,3200,6100,10000,61000,66000,129000,179000,181000,158651,474,400.0,3695.277469429472,0.7548750145360827,181190.71516697295,14.346490094610182
1728813189,4520,,Aggregated,360.600000,6.800000,400,1700,2600,3200,6100,10000,61000,66000,129000,179000,181000,159002,475,400.0,3718.2932353375013,0.7548750145360827,181190.71516697295,14.34637929082653
1728813190,4530,,Aggregated,360.600000,7.300000,400,1700,2600,3200,6100,10000,61000,66000,129000,179000,181000,159303,475,400.0,3718.2848195190363,0.7548750145360827,181190.71516697295,14.345586712114649
1728813191,4540,,Aggregated,361.200000,7.600000,400,1700,2600,3200,6100,10000,61000,66000,129000,179000,181000,159664,485,400.0,3721.5618038462276,0.7548750145360827,181190.71516697295,14.35371154424291
1728813192,4550,,Aggregated,357.600000,7.700000,400,1700,2600,3200,6300,11000,62000,67000,130000,179000,181000,160015,485,400.0,3752.9190876501766,0.7548750145360827,181190.71516697295,14.352754429272256
1728813193,4560,,Aggregated,355.400000,8.700000,400,1700,2600,3200,6300,11000,62000,67000,130000,179000,181000,160351,485,400.0,3768.8355708979766,0.7548750145360827,181190.71516697295,14.351840649574996
1728813194,4570,,Aggregated,355.200000,7.800000,400,1700,2600,3200,6300,11000,62000,67000,130000,179000,181000,160697,485,400.0,3768.4455855960055,0.7548750145360827,181190.71516697295,14.35089640752472
1728813195,4580,,Aggregated,352.700000,7.800000,400,1800,2600,3200,6300,11000,62000,67000,129000,179000,181000,161050,488,400.0,3767.422283340443,0.7548750145360827,181190.71516697295,14.352642036634586
1728813196,4590,,Aggregated,353.100000,7.600000,410,1800,2600,3200,6400,11000,62000,67000,130000,181000,190000,161399,514,410.0,3805.685933250402,0.7548750145360827,190299.80749997776,14.375243960619335
1728813197,4600,,Aggregated,354.200000,7.900000,410,1800,2600,3200,6400,11000,62000,67000,130000,181000,190000,161785,530,410.0,3825.912330932457,0.7548750145360827,190299.80749997776,14.388670148654079
1728813198,4610,,Aggregated,354.900000,10.200000,410,1800,2600,3200,6400,11000,62000,67000,130000,181000,190000,162154,531,410.0,3826.320718321043,0.7548750145360827,190299.80749997776,14.388414716874083
1728813199,4620,,Aggregated,349.300000,5.700000,410,1800,2600,3200,6400,11000,62000,67000,130000,181000,190000,162509,532,410.0,3834.9052688869233,0.7548750145360827,190299.80749997776,14.388249266194487
1728813200,4630,,Aggregated,351.000000,6.000000,410,1800,2600,3200,6400,11000,62000,67000,130000,181000,190000,162819,535,410.0,3851.4388412447443,0.7548750145360827,190299.80749997776,14.389917638604832
1728813201,4640,,Aggregated,349.700000,5.800000,410,1800,2600,3200,6400,11000,62000,67000,130000,181000,190000,163254,542,410.0,3873.7421710565536,0.7548750145360827,190299.80749997776,14.394893846398864
1728813202,4650,,Aggregated,352.300000,6.000000,420,1800,2600,3200,6400,11000,62000,67000,130000,181000,190000,163603,542,420.0,3883.404453939061,0.7548750145360827,190299.80749997776,14.393855858388905
1728813203,4660,,Aggregated,355.600000,5.700000,420,1800,2600,3200,6400,11000,62000,67000,130000,181000,190000,163958,557,420.0,3891.4884238414984,0.7548750145360827,190299.80749997776,14.406152795228046
1728813204,4670,,Aggregated,353.100000,5.700000,420,1800,2600,3200,6400,11000,62000,67000,130000,181000,190000,164309,566,420.0,3901.127388741322,0.7548750145360827,190299.80749997776,14.413075364100566
1728813205,4680,,Aggregated,361.000000,7.200000,420,1800,2600,3200,6400,11000,62000,67000,130000,181000,190000,164682,568,420.0,3927.4379415261246,0.7548750145360827,190299.80749997776,14.413676054456468
1728813206,4690,,Aggregated,358.600000,8.100000,430,1800,2600,3200,6400,11000,62000,68000,130000,181000,190000,165020,568,430.0,3935.9347817460966,0.7548750145360827,190299.80749997776,14.41265301175615
1728813207,4700,,Aggregated,358.800000,8.000000,440,1800,2600,3200,6400,11000,62000,67000,130000,181000,190000,165370,568,440.0,3939.6169487622733,0.7548750145360827,190299.80749997776,14.411640563584688
1728813208,4710,,Aggregated,356.600000,5.400000,440,1800,2600,3200,6500,11000,62000,68000,130000,181000,190000,165766,599,440.0,3955.7751212901194,0.7548750145360827,190299.80749997776,14.43780389223363
1728813209,4720,,Aggregated,355.400000,4.500000,450,1800,2600,3200,6600,11000,63000,68000,130000,181000,190000,166181,622,450.0,3988.6832840197562,0.7548750145360827,190299.80749997776,14.456694808672472
1728813210,4730,,Aggregated,353.500000,3.700000,460,1800,2600,3200,6600,11000,63000,68000,130000,181000,190000,166535,622,460.0,4001.686399783484,0.7548750145360827,190299.80749997776,14.45555588915243
1728813211,4740,,Aggregated,362.400000,9.000000,470,1800,2600,3300,6600,11000,63000,68000,130000,181000,190000,166914,627,470.0,4004.009964670165,0.7548750145360827,190299.80749997776,14.458655355452509
1728813212,4750,,Aggregated,363.200000,8.700000,470,1800,2600,3300,6600,11000,63000,68000,130000,181000,190000,167261,627,470.0,4008.498739916397,0.7548750145360827,190299.80749997776,14.457512510387957
1728813213,4760,,Aggregated,364.100000,8.500000,470,1800,2600,3300,6600,11000,63000,68000,130000,181000,190000,167631,627,470.0,4019.387347605936,0.7548750145360827,190299.80749997776,14.45633564197553
1728813214,4770,,Aggregated,365.200000,8.500000,480,1800,2600,3300,6600,11000,63000,68000,130000,181000,190000,167970,627,470.0,4016.358786272045,0.7548750145360827,190299.80749997776,14.455111031731857
1728813215,4780,,Aggregated,364.500000,7.000000,480,1800,2600,3300,6600,11000,63000,68000,130000,181000,190000,168342,627,480.0,4014.139182517522,0.7548750145360827,190299.80749997776,14.453950885696974
1728813216,4790,,Aggregated,364.000000,6.100000,480,1800,2600,3300,6600,11000,63000,68000,130000,181000,190000,168712,649,480.0,4020.3287335015107,0.7548750145360827,190299.80749997776,14.471798093792973
1728813217,4800,,Aggregated,362.500000,5.900000,490,1800,2600,3300,6600,11000,63000,68000,130000,181000,190000,169051,649,490.0,4025.6772696970256,0.7548750145360827,190299.80749997776,14.47070410704462
1728813218,4810,,Aggregated,366.000000,7.500000,490,1800,2600,3300,6600,11000,63000,68000,130000,181000,190000,169412,654,490.0,4037.9517572707587,0.7548750145360827,190299.80749997776,14.473850730762875
1728813219,4820,,Aggregated,366.500000,8.100000,490,1800,2600,3300,6600,11000,63000,68000,130000,181000,190000,169782,654,490.0,4053.400409299387,0.7548750145360827,190299.80749997776,14.472617827567115
1728813220,4830,,Aggregated,365.900000,8.600000,500,1800,2600,3300,6700,12000,63000,68000,130000,181000,190000,170146,654,500.0,4067.748963157459,0.7548750145360827,190299.80749997776,14.471424541276315
1728813221,4840,,Aggregated,357.600000,3.200000,510,1800,2600,3300,6700,12000,63000,68000,130000,181000,190000,170517,654,510.0,4072.85218932535,0.7548750145360827,190299.80749997776,14.470111484485418
1728813222,4850,,Aggregated,358.600000,3.200000,550,1800,2600,3300,6700,12000,63000,68000,130000,184000,190000,170859,660,550.0,4089.4323114833687,0.7548750145360827,190299.80749997776,14.474168759035228
1728813223,4860,,Aggregated,357.800000,2.700000,580,1800,2600,3300,6700,12000,63000,68000,130000,184000,190000,171219,660,580.0,4094.0658470746503,0.7548750145360827,190299.80749997776,14.47297905022223
1728813224,4870,,Aggregated,357.800000,2.800000,600,1800,2600,3300,6700,12000,63000,68000,130000,184000,190000,171560,660,600.0,4096.384083867337,0.7548750145360827,190299.80749997776,14.471852413149918
1728813225,4880,,Aggregated,356.600000,3.300000,800,1800,2600,3400,6700,12000,63000,69000,130000,184000,190000,171917,677,800.0,4119.046244036021,0.7548750145360827,190299.80749997776,14.485117818482175
1728813226,4890,,Aggregated,357.900000,3.300000,790,1800,2600,3400,6700,13000,63000,69000,130000,184000,190000,172254,677,780.0,4123.342075657518,0.7548750145360827,190299.80749997776,14.484000371544347
1728813227,4900,,Aggregated,358.200000,5.000000,1200,1800,2600,3400,6700,13000,63000,69000,130000,184000,190000,172611,677,1200.0,4128.597273764026,0.7548750145360827,190299.80749997776,14.482802370648452
1728813228,4910,,Aggregated,354.000000,3.400000,1300,1800,2600,3400,6800,13000,63000,69000,130000,184000,190000,172951,677,1300.0,4127.069357441225,0.7548750145360827,190299.80749997776,14.481685564119317
1728813229,4920,,Aggregated,354.700000,2.800000,1300,1900,2600,3400,6800,13000,63000,69000,130000,184000,190000,173325,688,1300.0,4140.805614728281,0.7548750145360827,190299.80749997776,14.48973316024809
1728813230,4930,,Aggregated,355.300000,2.300000,1300,1900,2600,3400,6800,13000,63000,69000,130000,184000,190000,173676,688,1300.0,4158.10046600463,0.7548750145360827,190299.80749997776,14.488536124738017
1728813231,4940,,Aggregated,353.200000,2.300000,1300,1900,2700,3400,6800,13000,63000,69000,130000,184000,190000,174020,688,1300.0,4166.6030188308,0.7548750145360827,190299.80749997776,14.487346282036548
1728813232,4950,,Aggregated,353.600000,3.400000,1300,1900,2700,3400,6800,13000,63000,69000,130000,184000,190000,174371,688,1300.0,4165.641994104275,0.7548750145360827,190299.80749997776,14.486227641064168
1728813233,4960,,Aggregated,351.400000,3.400000,1300,1900,2700,3400,6800,13000,63000,69000,130000,185000,190000,174713,703,1300.0,4183.345907287694,0.7548750145360827,190299.80749997776,14.497576024680477
1728813234,4970,,Aggregated,350.400000,3.300000,1300,1900,2700,3400,6800,13000,63000,69000,130000,185000,190000,175084,710,1300.0,4189.539368389115,0.7548750145360827,190299.80749997776,14.502181809874118
1728813235,4980,,Aggregated,351.300000,3.700000,1300,2000,2700,3400,6800,13000,63000,69000,130000,185000,190000,175441,712,1300.0,4195.4751556358115,0.7548750145360827,190299.80749997776,14.502687513181069
1728813236,4990,,Aggregated,350.200000,4.300000,1300,2000,2700,3400,6800,13000,63000,69000,130000,185000,190000,175806,712,1300.0,4195.528018707127,0.7548750145360827,190299.80749997776,14.50147321479358
1728813237,5000,,Aggregated,351.700000,3.300000,1300,2100,2700,3400,7100,13000,64000,70000,130000,185000,190000,176207,775,1300.0,4257.77161566909,0.7548750145360827,190299.80749997776,14.55231630979473
1728813238,5010,,Aggregated,353.700000,3.500000,1300,2100,2700,3400,7200,14000,64000,70000,131000,185000,190000,176592,829,1300.0,4306.100998967191,0.7548750145360827,190299.80749997776,14.59557058077376
1728813239,5020,,Aggregated,353.900000,3.500000,1300,2100,2700,3400,7200,14000,64000,70000,131000,185000,190000,176937,829,1300.0,4310.494589418991,0.7548750145360827,190299.80749997776,14.594256712841293
1728813240,5030,,Aggregated,362.700000,15.200000,1300,2100,2700,3400,7200,14000,64000,70000,131000,185000,190000,177308,831,1300.0,4316.007527591956,0.7548750145360827,190299.80749997776,14.594490942315067
1728813241,5040,,Aggregated,362.700000,15.200000,1300,2200,2700,3400,7300,14000,64000,70000,131000,185000,190000,177684,838,1300.0,4327.252929126931,0.7548750145360827,190299.80749997776,14.598804619436752
1728813242,5050,,Aggregated,360.700000,14.100000,1300,2200,2700,3400,7300,14000,64000,70000,131000,185000,190000,178016,865,1300.0,4337.9274045089205,0.7548750145360827,190299.80749997776,14.619719575768471
1728813243,5060,,Aggregated,365.700000,14.300000,1300,2200,2700,3400,7300,14000,64000,70000,131000,185000,190000,178350,865,1300.0,4337.770183572289,0.7548750145360827,190299.80749997776,14.61843566021867
1728813244,5070,,Aggregated,366.900000,15.600000,1300,2200,2700,3400,7300,14000,64000,70000,131000,185000,190000,178705,869,1300.0,4339.530874569825,0.7548750145360827,190299.80749997776,14.620290422763773
1728813245,5080,,Aggregated,363.800000,16.800000,1300,2200,2700,3400,7400,14000,64000,70000,131000,185000,190000,178983,869,1300.0,4346.941019741823,0.7548750145360827,190299.80749997776,14.6192208198544
1728813246,5090,,Aggregated,362.400000,16.200000,1300,2200,2700,3400,7400,14000,64000,71000,131000,185000,190000,179515,995,1300.0,4417.024369881467,0.7548750145360827,190299.80749997776,14.719622315683926
1728813247,5100,,Aggregated,363.100000,15.900000,1300,2200,2700,3400,7400,15000,64000,71000,131000,185000,190000,179851,995,1300.0,4431.384079566461,0.7548750145360827,190299.80749997776,14.718061061656593
1728813248,5110,,Aggregated,366.500000,21.800000,1300,2200,2700,3400,7400,15000,64000,71000,131000,185000,190000,180207,995,1300.0,4441.132046748926,0.7548750145360827,190299.80749997776,14.71641501162552
1728813249,5120,,Aggregated,370.400000,28.300000,1300,2200,2700,3400,7500,15000,64000,71000,131000,185000,190000,180600,1018,1300.0,4466.099161180684,0.7548750145360827,190299.80749997776,14.733255813953487
1728813250,5130,,Aggregated,360.400000,16.600000,1300,2200,2700,3400,7500,15000,64000,71000,131000,185000,190000,180932,1020,1300.0,4484.624255271908,0.7548750145360827,190299.80749997776,14.733391550416732
1728813251,5140,,Aggregated,363.500000,18.000000,1300,2200,2700,3400,7500,15000,64000,71000,131000,185000,190000,181253,1020,1300.0,4482.853495198607,0.7548750145360827,190299.80749997776,14.731932712837857
1728813252,5150,,Aggregated,366.200000,18.900000,1300,2200,2700,3400,7500,15000,64000,71000,131000,185000,190000,181608,1048,1300.0,4499.186639659008,0.7548750145360827,190299.80749997776,14.75284128452491
1728813253,5160,,Aggregated,358.200000,18.900000,1300,2200,2800,3400,7500,15000,64000,71000,131000,185000,190000,181948,1048,1300.0,4516.370223300238,0.7548750145360827,190299.80749997776,14.75128608173764
1728813254,5170,,Aggregated,357.300000,20.300000,1300,2200,2800,3400,7600,15000,65000,71000,131000,185000,190000,182353,1079,1300.0,4548.168185500253,0.7548750145360827,190299.80749997776,14.774272976040976
1728813255,5180,,Aggregated,352.200000,18.300000,1300,2200,2800,3400,7600,15000,65000,71000,131000,185000,190000,182708,1080,1300.0,4561.217620685195,0.7548750145360827,190299.80749997776,14.773397990235786
1728813256,5190,,Aggregated,362.900000,19.600000,1300,2200,2800,3400,7600,15000,65000,71000,131000,185000,190000,183058,1080,1300.0,4562.753165368944,0.7548750145360827,190299.80749997776,14.771788176424959
1728813257,5200,,Aggregated,364.100000,21.100000,1300,2200,2800,3400,7600,15000,65000,71000,131000,185000,190000,183442,1114,1300.0,4582.429466481369,0.7548750145360827,190299.80749997776,14.797042116854374
1728813258,5210,,Aggregated,359.100000,15.000000,1300,2200,2800,3400,7700,15000,65000,71000,131000,185000,190000,183798,1119,1300.0,4606.820948965426,0.7548750145360827,190299.80749997776,14.799257880934505
1728813259,5220,,Aggregated,358.500000,11.900000,1300,2200,2800,3400,7700,15000,65000,71000,131000,185000,190000,184136,1126,1300.0,4614.367562247592,0.7548750145360827,190299.80749997776,14.803221531911197
1728813260,5230,,Aggregated,359.500000,11.900000,1300,2200,2800,3400,7700,15000,65000,71000,131000,185000,190000,184494,1128,1300.0,4615.084390738189,0.7548750145360827,190299.80749997776,14.803066766398906
1728813261,5240,,Aggregated,356.800000,11.200000,1300,2200,2800,3400,7700,15000,65000,71000,131000,185000,190000,184847,1130,1300.0,4618.313836929409,0.7548750145360827,190299.80749997776,14.80289644949607
1728813262,5250,,Aggregated,353.400000,11.000000,1300,2200,2800,3500,7800,15000,65000,72000,131000,185000,190000,185268,1189,1300.0,4667.990794220263,0.7548750145360827,190299.80749997776,14.846238961936223
1728813263,5260,,Aggregated,351.600000,10.800000,1300,2200,2800,3500,7800,15000,65000,72000,131000,185000,190000,185643,1189,1300.0,4670.785578348315,0.7548750145360827,190299.80749997776,14.844362566862204
1728813264,5270,,Aggregated,365.300000,14.200000,1300,2200,2800,3500,7800,15000,65000,72000,131000,185000,190000,186002,1191,1300.0,4672.137837601318,0.7548750145360827,190299.80749997776,14.844146837130783
1728813265,5280,,Aggregated,374.100000,14.100000,1300,2200,2800,3500,7800,15000,65000,72000,131000,185000,190000,186364,1204,1300.0,4678.702582068438,0.7548750145360827,190299.80749997776,14.852519799961366
1728813266,5290,,Aggregated,365.900000,13.000000,1300,2200,2800,3500,7800,15000,65000,72000,131000,185000,190000,186763,1227,1300.0,4711.669270548703,0.7548750145360827,190299.80749997776,14.868549980456514
1728813267,5300,,Aggregated,362.100000,11.100000,1300,2200,2800,3500,7800,15000,65000,72000,131000,185000,190000,187127,1227,1300.0,4713.459037386518,0.7548750145360827,190299.80749997776,14.866710843437879
1728813268,5310,,Aggregated,369.000000,13.900000,1300,2200,2800,3500,7800,15000,65000,72000,131000,185000,190000,187456,1229,1300.0,4717.03339008863,0.7548750145360827,190299.80749997776,14.866560686241037
1728813269,5320,,Aggregated,366.000000,11.300000,1300,2200,2800,3500,7900,15000,65000,72000,131000,185000,190000,187958,1261,1300.0,4753.677998349375,0.7548750145360827,190299.80749997776,14.88887411017355
1728813270,5330,,Aggregated,366.200000,11.500000,1300,2200,2800,3500,7900,15000,66000,72000,131000,185000,190000,188353,1308,1300.0,4783.530616052523,0.7548750145360827,190299.80749997776,14.923287656687178
1728813271,5340,,Aggregated,367.100000,10.800000,1300,2200,2800,3500,7900,15000,66000,72000,131000,185000,190000,188698,1313,1300.0,4787.122995034924,0.7548750145360827,190299.80749997776,14.925309224263108
1728813272,5350,,Aggregated,372.500000,13.300000,1300,2200,2800,3500,7900,15000,66000,72000,131000,185000,190000,189046,1313,1300.0,4790.686499855418,0.7548750145360827,190299.80749997776,14.923431334172635
1728813273,5360,,Aggregated,382.500000,18.500000,1300,2200,2800,3500,7900,15000,66000,72000,131000,185000,190000,189447,1346,1300.0,4809.938610486315,0.7548750145360827,190299.80749997776,14.946734442878483
1728813274,5370,,Aggregated,368.000000,12.400000,1300,2200,2800,3500,7900,15000,66000,72000,131000,185000,190000,189800,1355,1300.0,4813.287777466895,0.7548750145360827,190299.80749997776,14.95172286617492
1728813275,5380,,Aggregated,365.800000,12.400000,1300,2200,2800,3500,7900,16000,66000,72000,131000,185000,190000,190176,1366,1300.0,4830.54620746862,0.7548750145360827,190299.80749997776,14.958096710415616
1728813276,5390,,Aggregated,369.500000,15.500000,1300,2200,2800,3500,7900,16000,66000,72000,131000,185000,190000,190540,1366,1300.0,4834.160831688724,0.7548750145360827,190299.80749997776,14.956061719324026
1728813277,5400,,Aggregated,371.300000,16.400000,1300,2300,2800,3500,7900,16000,66000,72000,131000,185000,190000,190882,1366,1300.0,4836.575274666258,0.7548750145360827,190299.80749997776,14.954243983193805
1728813278,5410,,Aggregated,368.500000,14.700000,1300,2300,2900,3600,7900,16000,66000,72000,131000,185000,190000,191244,1374,1300.0,4855.971245821689,0.7548750145360827,190299.80749997776,14.958383008094371
1728813279,5420,,Aggregated,366.800000,13.900000,1300,2300,2900,3600,7900,16000,66000,72000,131000,185000,190000,191622,1390,1300.0,4878.829333454087,0.7548750145360827,190299.80749997776,14.968510922545429
1728813280,5430,,Aggregated,367.200000,13.700000,1300,2300,2900,3600,7900,16000,66000,72000,131000,185000,190000,192001,1396,1300.0,4887.747352836405,0.7548750145360827,190299.80749997776,14.971005359347087
1728813281,5440,,Aggregated,370.000000,16.100000,1300,2300,2900,3600,7900,16000,66000,72000,131000,185000,190000,192374,1397,1300.0,4888.327807186644,0.7548750145360827,190299.80749997776,14.969730836807468
1728813282,5450,,Aggregated,367.900000,13.500000,1300,2300,2900,3600,7900,16000,66000,72000,131000,185000,190000,192758,1409,1300.0,4892.571792927041,0.7548750145360827,190299.80749997776,14.9767324832173
1728813283,5460,,Aggregated,364.600000,8.400000,1300,2300,2900,3600,7900,16000,66000,72000,131000,185000,190000,193117,1424,1300.0,4908.253635063136,0.7548750145360827,190299.80749997776,14.986018838320811
1728813284,5470,,Aggregated,367.800000,8.400000,1300,2300,2900,3600,7900,16000,66000,72000,131000,185000,190000,193488,1434,1300.0,4922.4881886855965,0.7548750145360827,190299.80749997776,14.991002025965434
1728813285,5480,,Aggregated,371.500000,9.600000,1300,2300,2900,3600,7900,16000,66000,72000,131000,185000,190000,193851,1466,1300.0,4927.333637509357,0.7548750145360827,190299.80749997776,15.013087371228417
1728813286,5490,,Aggregated,369.900000,8.800000,1300,2300,2900,3600,7900,16000,66000,72000,131000,185000,190000,194225,1467,1300.0,4942.3888516424,0.7548750145360827,190299.80749997776,15.011692624533403
1728813287,5500,,Aggregated,371.500000,10.400000,1300,2300,2900,3600,8000,16000,66000,72000,131000,185000,190000,194601,1490,1300.0,4966.623760085375,0.7548750145360827,190299.80749997776,15.026844671918438
1728813288,5510,,Aggregated,367.400000,10.000000,1300,2300,2900,3600,8000,16000,66000,72000,131000,185000,190000,194965,1500,1300.0,4978.392430945717,0.7548750145360827,190299.80749997776,15.03211345626138
1728813289,5520,,Aggregated,371.400000,10.800000,1300,2300,2900,3600,8000,16000,66000,72000,131000,185000,190000,195357,1527,1300.0,4981.497108497439,0.7548750145360827,190299.80749997776,15.050062193829758
1728813290,5530,,Aggregated,370.400000,12.700000,1300,2300,2900,3600,8000,16000,66000,72000,131000,185000,190000,195710,1542,1300.0,4977.670616341924,0.7548750145360827,190299.80749997776,15.05922538449747
1728813291,5540,,Aggregated,370.500000,11.400000,1300,2300,2900,3600,8000,16000,66000,72000,131000,185000,190000,196074,1546,1300.0,5014.948786920475,0.7548750145360827,190299.80749997776,15.060079357793485
1728813292,5550,,Aggregated,370.700000,13.100000,1300,2300,2900,3600,8000,16000,66000,72000,131000,185000,190000,196447,1550,1300.0,5026.890096538291,0.7548750145360827,190299.80749997776,15.060667762806252
1728813293,5560,,Aggregated,370.800000,14.500000,1300,2300,2900,3600,8000,16000,66000,72000,131000,185000,190000,196818,1561,1300.0,5032.267583616969,0.7548750145360827,190299.80749997776,15.066645327155037
1728813294,5570,,Aggregated,369.600000,14.900000,1300,2300,2900,3600,8000,16000,66000,72000,131000,185000,190000,197205,1564,1300.0,5028.230445466862,0.7548750145360827,190299.80749997776,15.066595674551863
1728813295,5580,,Aggregated,369.000000,14.700000,1300,2300,3000,3600,8000,16000,66000,73000,131000,185000,190000,197588,1596,1300.0,5053.142618709357,0.7548750145360827,190299.80749997776,15.088006356661335
1728813296,5590,,Aggregated,369.300000,12.700000,1300,2300,3000,3600,8000,16000,66000,73000,131000,185000,190000,197956,1598,1300.0,5054.001793695337,0.7548750145360827,190299.80749997776,15.087342641799188
1728813297,5600,,Aggregated,367.300000,10.500000,1300,2300,3000,3700,8000,16000,66000,73000,131000,186000,190000,198338,1618,1300.0,5084.537820056382,0.7548750145360827,190299.80749997776,15.09967832689651
1728813298,5610,,Aggregated,372.200000,13.000000,1300,2300,3000,3700,8000,16000,66000,73000,131000,186000,190000,198696,1618,1300.0,5087.248192852838,0.7548750145360827,190299.80749997776,15.097495671780006
1728813299,5620,,Aggregated,371.000000,12.600000,1300,2300,3000,3700,8000,16000,66000,73000,131000,186000,190000,199056,1623,1300.0,5085.854499618018,0.7548750145360827,190299.80749997776,15.099042480507999
1728813300,5630,,Aggregated,373.100000,12.500000,1300,2300,3000,3700,8000,16000,66000,73000,131000,186000,190000,199311,1635,1300.0,5096.466926042327,0.7548750145360827,190299.80749997776,15.10630120766039
1728813301,5640,,Aggregated,369.400000,11.400000,1300,2300,3000,3700,8000,16000,66000,73000,131000,186000,190000,199825,1654,1300.0,5108.97012466645,0.7548750145360827,190299.80749997776,15.117137495308395
1728813302,5650,,Aggregated,368.600000,10.700000,1300,2300,3000,3700,8000,16000,66000,73000,131000,186000,190000,200138,1654,1300.0,5116.736485432506,0.7548750145360827,190299.80749997776,15.11526047027551
1728813303,5660,,Aggregated,366.800000,9.300000,1300,2300,3000,3700,8000,17000,66000,73000,131000,186000,190000,200497,1663,1300.0,5128.8120957977935,0.7548750145360827,190299.80749997776,15.119692563978514
1728813304,5670,,Aggregated,372.700000,10.800000,1300,2300,3000,3700,8000,17000,66000,73000,131000,186000,190000,200859,1670,1300.0,5139.874894243577,0.7548750145360827,190299.80749997776,15.122618354168845
1728813305,5680,,Aggregated,365.800000,9.800000,1300,2300,3000,3700,8000,17000,66000,73000,131000,186000,190000,201243,1690,1300.0,5157.335430321756,0.7548750145360827,190299.80749997776,15.134851895469657
1728813306,5690,,Aggregated,363.900000,10.200000,1300,2300,3000,3700,8000,17000,66000,73000,131000,186000,190000,201659,1717,1300.0,5185.554784396717,0.7548750145360827,190299.80749997776,15.151875195255357
1728813307,5700,,Aggregated,364.900000,12.000000,1300,2400,3000,3700,8000,17000,66000,73000,131000,186000,190000,202039,1743,1300.0,5206.621071169157,0.7548750145360827,190299.80749997776,15.168353634694292
1728813308,5710,,Aggregated,364.400000,9.400000,1300,2400,3000,3700,8000,17000,67000,73000,131000,186000,190000,202359,1744,1300.0,5220.016003607642,0.7548750145360827,190299.80749997776,15.16710400822301
1728813309,5720,,Aggregated,367.500000,11.700000,1300,2400,3000,3700,8000,17000,67000,73000,131000,186000,190000,202717,1761,1300.0,5234.568727792931,0.7548750145360827,190299.80749997776,15.177113907565719
1728813310,5730,,Aggregated,367.900000,12.500000,1300,2400,3000,3700,8000,17000,67000,73000,131000,186000,190000,203063,1770,1300.0,5241.818236981861,0.7548750145360827,190299.80749997776,15.181431378439203
1728813311,5740,,Aggregated,359.100000,12.600000,1300,2400,3000,3700,8000,17000,67000,73000,131000,186000,190000,203432,1793,1300.0,5256.097050202891,0.7548750145360827,190299.80749997776,15.195647685713162
1728813312,5750,,Aggregated,365.000000,13.300000,1300,2400,3000,3700,8000,17000,67000,73000,131000,186000,190000,203785,1810,1300.0,5277.063162632982,0.7548750145360827,190299.80749997776,15.205137767745418
1728813313,5760,,Aggregated,365.800000,14.500000,1300,2400,3000,3700,8000,17000,67000,73000,131000,186000,190000,204117,1813,1300.0,5284.372704808607,0.7548750145360827,190299.80749997776,15.205181342073418
1728813314,5770,,Aggregated,358.300000,13.900000,1300,2400,3000,3700,8000,17000,67000,73000,131000,186000,190000,204534,1875,1300.0,5314.233974575755,0.7548750145360827,190299.80749997776,15.246824488838042
1728813315,5780,,Aggregated,364.000000,15.600000,1300,2400,3000,3700,8000,18000,67000,73000,131000,186000,190000,204892,1890,1300.0,5329.289426165389,0.7548750145360827,190299.80749997776,15.255232024676415
1728813316,5790,,Aggregated,362.500000,16.000000,1300,2400,3000,3700,8000,18000,67000,73000,131000,186000,190000,205220,1893,1300.0,5337.58397072103,0.7548750145360827,190299.80749997776,15.255243153688724
1728813317,5800,,Aggregated,366.600000,19.500000,1300,2400,3000,3700,8000,18000,67000,74000,131000,186000,190000,205577,1904,1300.0,5347.996659016144,0.7548750145360827,190299.80749997776,15.260758742466326
1728813318,5810,,Aggregated,362.500000,20.100000,1300,2400,3000,3700,8000,18000,67000,74000,131000,186000,190000,205929,1913,1300.0,5357.089614366545,0.7548750145360827,190299.80749997776,15.264814572012684
1728813319,5820,,Aggregated,356.000000,17.600000,1300,2400,3100,3700,8100,18000,67000,74000,131000,186000,190000,206320,1923,1300.0,5382.20834090171,0.7548750145360827,190299.80749997776,15.269372818922063
1728813320,5830,,Aggregated,354.100000,16.100000,1300,2400,3100,3700,8100,18000,67000,74000,131000,186000,190000,206641,1923,1300.0,5381.1686880451425,0.7548750145360827,190299.80749997776,15.267226736223693
1728813321,5840,,Aggregated,364.600000,16.900000,1300,2400,3100,3800,8100,18000,67000,74000,131000,186000,190000,206978,1923,1300.0,5396.88621667203,0.7548750145360827,190299.80749997776,15.26497502149987
1728813322,5850,,Aggregated,359.100000,15.600000,1300,2400,3100,3800,8100,18000,67000,74000,131000,186000,190000,207345,1930,1300.0,5406.837158331585,0.7548750145360827,190299.80749997776,15.267525139260652
1728813323,5860,,Aggregated,356.500000,14.300000,1300,2400,3100,3800,8200,18000,67000,74000,131000,186000,190000,207716,1956,1300.0,5421.9391410203925,0.7548750145360827,190299.80749997776,15.28331471817289
1728813324,5870,,Aggregated,356.200000,13.300000,1300,2400,3100,3800,8200,18000,67000,74000,131000,186000,190000,208068,1961,1300.0,5427.268633157304,0.7548750145360827,190299.80749997776,15.284455081992425
1728813325,5880,,Aggregated,356.800000,12.000000,1300,2400,3100,3800,8200,18000,67000,74000,131000,186000,190000,208339,1961,1300.0,5429.623794415498,0.7548750145360827,190299.80749997776,15.282673911269613
1728813326,5890,,Aggregated,358.400000,13.300000,1300,2400,3100,3800,8200,18000,67000,74000,131000,186000,190000,208787,1962,1300.0,5444.164211456034,0.7548750145360827,190299.80749997776,15.28039102051373
1728813327,5900,,Aggregated,352.400000,8.200000,1300,2400,3100,3800,8300,19000,67000,74000,131000,186000,190000,209174,1988,1300.0,5469.278772373785,0.7548750145360827,190299.80749997776,15.296011932649373
1728813328,5910,,Aggregated,353.500000,7.000000,1300,2400,3100,3800,8400,20000,67000,74000,131000,186000,190000,209530,1995,1300.0,5474.0394217451585,0.7548750145360827,190299.80749997776,15.298520498258005
1728813329,5920,,Aggregated,353.100000,7.600000,1300,2400,3100,3800,8400,20000,67000,74000,131000,186000,190000,209872,1995,1300.0,5484.524324823231,0.7548750145360827,190299.80749997776,15.296290119692003
1728813330,5930,,Aggregated,354.900000,8.400000,1300,2400,3100,3800,8400,20000,67000,74000,131000,186000,190000,210229,1996,1300.0,5492.270677064505,0.7548750145360827,190299.80749997776,15.29460730917238
1728813331,5940,,Aggregated,354.000000,8.200000,1300,2400,3100,3800,8500,20000,67000,74000,131000,186000,190000,210599,2018,1300.0,5508.093110718349,0.7548750145360827,190299.80749997776,15.307442105613037
1728813332,5950,,Aggregated,350.600000,7.200000,1300,2400,3200,3800,8600,21000,67000,74000,131000,186000,190000,210979,2047,1300.0,5529.475680533025,0.7548750145360827,190299.80749997776,15.325046568615834
1728813333,5960,,Aggregated,353.800000,7.600000,1300,2400,3200,3800,8700,22000,67000,74000,132000,188000,190000,211328,2072,1300.0,5555.452112387218,0.7548750145360827,190299.80749997776,15.340002271350697
1728813334,5970,,Aggregated,357.600000,10.700000,1300,2400,3200,3800,8800,22000,68000,75000,132000,188000,190000,211690,2103,1300.0,5577.78151083421,0.7548750145360827,190299.80749997776,15.358977750484199
1728813335,5980,,Aggregated,356.800000,12.000000,1300,2400,3200,3800,8900,23000,68000,75000,132000,188000,190000,212059,2131,1300.0,5591.603894159553,0.7548750145360827,190299.80749997776,15.375678466841775
1728813336,5990,,Aggregated,355.100000,11.600000,1300,2400,3200,3800,8900,23000,68000,75000,132000,188000,190000,212402,2136,1300.0,5592.642519799641,0.7548750145360827,190299.80749997776,15.376681952147344
1728813337,6000,,Aggregated,357.000000,15.300000,1300,2400,3200,3800,8900,23000,68000,75000,132000,188000,190000,212783,2174,1300.0,5608.2533946429885,0.7548750145360827,190299.80749997776,15.400144748405653
1728813338,6010,,Aggregated,357.600000,17.000000,1300,2400,3200,3800,8900,23000,68000,75000,132000,188000,190000,213106,2184,1300.0,5615.428131320346,0.7548750145360827,190299.80749997776,15.40472347094873
1728813339,6020,,Aggregated,362.300000,20.400000,1300,2400,3200,3900,8900,25000,68000,75000,132000,188000,190000,213527,2245,1300.0,5641.650065609508,0.7548750145360827,190299.80749997776,15.443536414598622
1728813340,6030,,Aggregated,359.000000,18.700000,1300,2400,3200,3900,8900,25000,68000,75000,132000,188000,190000,213879,2253,1300.0,5648.851587170751,0.7548750145360827,190299.80749997776,15.446490772820146
1728813341,6040,,Aggregated,356.600000,18.900000,1300,2400,3200,3900,8900,25000,68000,75000,132000,188000,190000,214202,2255,1300.0,5651.082895095697,0.7548750145360827,190299.80749997776,15.445570069373769
1728813342,6050,,Aggregated,364.000000,25.000000,1300,2400,3200,3900,8900,26000,68000,75000,132000,188000,190000,214603,2281,1300.0,5670.598397206318,0.7548750145360827,190299.80749997776,15.460394309492411
1728813343,6060,,Aggregated,363.700000,25.400000,1300,2400,3200,3900,8900,28000,68000,75000,132000,188000,190000,214972,2291,1300.0,5689.614886722839,0.7548750145360827,190299.80749997776,15.464539567943731
1728813344,6070,,Aggregated,357.500000,22.200000,1300,2400,3200,3900,8900,28000,68000,75000,132000,188000,190000,215342,2351,1300.0,5711.955230413309,0.7548750145360827,190299.80749997776,15.502516926563327
1728813345,6080,,Aggregated,361.900000,23.100000,1300,2400,3200,3900,8900,28000,68000,75000,132000,188000,190000,215685,2352,1300.0,5715.317727333659,0.7548750145360827,190299.80749997776,15.5006977768505
1728813346,6090,,Aggregated,364.200000,21.900000,1300,2400,3200,3900,8900,28000,68000,76000,132000,188000,190000,216057,2353,1300.0,5725.32904970757,0.7548750145360827,190299.80749997776,15.498660075813326
1728813347,6100,,Aggregated,364.100000,23.700000,1300,2400,3200,3900,9000,28000,68000,76000,132000,188000,190000,216459,2395,1300.0,5749.081468167385,0.7548750145360827,190299.80749997776,15.524062293552127
1728813348,6110,,Aggregated,362.600000,22.100000,1300,2400,3200,3900,9000,28000,68000,76000,132000,188000,190000,216793,2398,1300.0,5754.6892562052335,0.7548750145360827,190299.80749997776,15.523600854271125
1728813349,6120,,Aggregated,361.800000,18.000000,1300,2400,3200,3900,9000,28000,68000,76000,132000,188000,190000,217162,2419,1300.0,5766.0704973953625,0.7548750145360827,190299.80749997776,15.534983100174063
1728813350,6130,,Aggregated,367.600000,22.100000,1300,2400,3200,3900,9000,28000,68000,76000,132000,188000,190000,217511,2420,1300.0,5775.779417985905,0.7548750145360827,190299.80749997776,15.532998331118886
1728813351,6140,,Aggregated,368.200000,21.400000,1300,2400,3200,3900,9000,28000,69000,76000,132000,188000,190000,217881,2439,1300.0,5797.305726972472,0.7548750145360827,190299.80749997776,15.542956935207751
1728813352,6150,,Aggregated,363.500000,17.400000,1300,2400,3200,3900,9000,29000,69000,77000,132000,188000,190000,218257,2472,1300.0,5818.271354929738,0.7548750145360827,190299.80749997776,15.56217211819094
1728813353,6160,,Aggregated,363.200000,16.700000,1300,2400,3200,3900,9000,29000,69000,77000,132000,188000,190000,218603,2478,1300.0,5820.46758407739,0.7548750145360827,190299.80749997776,15.563565001395224
1728813354,6170,,Aggregated,367.900000,18.400000,1300,2400,3200,3900,9000,29000,69000,77000,132000,188000,190000,218944,2478,1300.0,5832.190082454612,0.7548750145360827,190299.80749997776,15.561011034785151
1728813355,6180,,Aggregated,365.400000,19.100000,1300,2400,3200,3900,9000,29000,69000,77000,132000,188000,190000,219289,2479,1300.0,5834.656790962627,0.7548750145360827,190299.80749997776,15.559038529064386
1728813356,6190,,Aggregated,363.100000,18.700000,1300,2400,3200,3900,9000,29000,69000,77000,132000,188000,190000,219642,2479,1300.0,5839.525580617852,0.7548750145360827,190299.80749997776,15.556346236147913
1728813357,6200,,Aggregated,360.200000,12.700000,1300,2400,3200,3900,9000,29000,69000,77000,132000,188000,190000,219974,2484,1300.0,5851.934472771204,0.7548750145360827,190299.80749997776,15.557206760799003
1728813358,6210,,Aggregated,360.400000,12.700000,1300,2400,3200,3900,9000,29000,69000,77000,132000,188000,190000,220356,2486,1300.0,5857.464910314661,0.7548750145360827,190299.80749997776,15.555614550999293
1728813359,6220,,Aggregated,358.500000,12.600000,1300,2400,3200,3900,9000,29000,69000,78000,132000,188000,190000,220723,2502,1300.0,5876.626646888971,0.7548750145360827,190299.80749997776,15.563520793030179
1728813360,6230,,Aggregated,351.400000,8.800000,1300,2400,3200,3900,9000,29000,69000,78000,132000,188000,190000,221066,2509,1300.0,5878.261635486807,0.7548750145360827,190299.80749997776,15.565591271385017
1728813362,6240,,Aggregated,356.300000,8.800000,1300,2400,3200,3900,9000,29000,69000,78000,133000,188000,190000,221457,2554,1300.0,5902.2684302996095,0.7548750145360827,190299.80749997776,15.592349756386115
1728813363,6250,,Aggregated,356.100000,8.300000,1300,2400,3200,4000,9000,29000,69000,78000,133000,188000,190000,221804,2564,1300.0,5905.206122450762,0.7548750145360827,190299.80749997776,15.59633279832645
1728813364,6260,,Aggregated,357.600000,11.500000,1300,2400,3200,4000,9000,29000,69000,78000,133000,188000,190000,222164,2567,1300.0,5910.069561978901,0.7548750145360827,190299.80749997776,15.595587043805477
1728813365,6270,,Aggregated,354.700000,9.200000,1300,2400,3200,4000,9000,29000,69000,78000,133000,188000,190000,222489,2567,1300.0,5912.0987597457515,0.7548750145360827,190299.80749997776,15.59312595229427
1728813366,6280,,Aggregated,355.100000,8.900000,1300,2400,3200,4000,9000,29000,69000,78000,133000,188000,190000,222829,2568,1300.0,5913.424894126349,0.7548750145360827,190299.80749997776,15.59121568557055
1728813367,6290,,Aggregated,353.700000,8.900000,1300,2400,3200,4000,9000,29000,69000,78000,133000,188000,190000,223179,2580,1300.0,5917.179226458684,0.7548750145360827,190299.80749997776,15.596431563901621
1728813368,6300,,Aggregated,353.100000,8.900000,1300,2400,3200,4000,9000,29000,69000,78000,133000,188000,190000,223509,2583,1300.0,5922.707185869975,0.7548750145360827,190299.80749997776,15.595917837760448
1728813369,6310,,Aggregated,352.800000,10.100000,1300,2400,3300,4000,9000,30000,69000,80000,133000,188000,190000,223937,2644,1300.0,5964.010201385811,0.7548750145360827,190299.80749997776,15.632213524339434
1728813370,6320,,Aggregated,352.300000,9.900000,1300,2400,3300,4000,9000,30000,69000,80000,133000,188000,190000,224264,2655,1300.0,5965.194855659061,0.7548750145360827,190299.80749997776,15.63688331609175
1728813371,6330,,Aggregated,356.700000,15.800000,1300,2400,3300,4000,9000,30000,69000,80000,133000,188000,190000,224580,2659,1300.0,5967.92458803906,0.7548750145360827,190299.80749997776,15.637055837563452
1728813372,6340,,Aggregated,353.100000,15.300000,1300,2400,3300,4000,9000,30000,69000,80000,133000,188000,190000,224939,2659,1300.0,5970.711021833641,0.7548750145360827,190299.80749997776,15.634265289700764
1728813373,6350,,Aggregated,348.700000,15.000000,1300,2400,3300,4000,9000,30000,69000,80000,133000,188000,190000,225257,2659,1300.0,5966.981258380934,0.7548750145360827,190299.80749997776,15.631807224636749
1728813374,6360,,Aggregated,346.300000,10.500000,1300,2400,3300,4100,9000,30000,69000,81000,133000,188000,190000,225633,2705,1300.0,5991.180958362619,0.7548750145360827,190299.80749997776,15.658702406119673
1728813375,6370,,Aggregated,343.500000,9.500000,1300,2400,3300,4100,9000,30000,70000,81000,133000,188000,190000,226003,2739,1300.0,6009.544817656651,0.7548750145360827,190299.80749997776,15.677814011318434
1728813376,6380,,Aggregated,345.900000,13.800000,1300,2400,3300,4100,9000,30000,70000,82000,133000,188000,190000,226361,2754,1300.0,6022.414826537552,0.7548750145360827,190299.80749997776,15.684746930787547
1728813377,6390,,Aggregated,349.600000,17.200000,1300,2400,3300,4100,9000,30000,70000,82000,133000,188000,190000,226702,2761,1300.0,6027.113764911388,0.7548750145360827,190299.80749997776,15.68660620550326
1728813378,6400,,Aggregated,352.000000,18.600000,1300,2400,3300,4100,9000,30000,70000,82000,133000,188000,190000,227035,2775,1300.0,6038.347417007207,0.7548750145360827,190299.80749997776,15.693034113682913
1728813379,6410,,Aggregated,352.200000,18.100000,1300,2400,3300,4100,9000,30000,70000,83000,133000,188000,190000,227394,2816,1300.0,6054.206986473829,0.7548750145360827,190299.80749997776,15.716478886865968
1728813380,6420,,Aggregated,352.800000,19.200000,1300,2400,3300,4100,9000,31000,70000,83000,133000,188000,190000,227717,2816,1300.0,6069.215095777829,0.7548750145360827,190299.80749997776,15.713938792448522
1728813381,6430,,Aggregated,352.800000,19.200000,1300,2400,3300,4100,9000,31000,70000,83000,133000,188000,190000,228037,2823,1300.0,6074.51588181946,0.7548750145360827,190299.80749997776,15.715831202831119
1728813382,6440,,Aggregated,346.100000,16.100000,1300,2400,3300,4100,9000,31000,70000,83000,133000,188000,190000,228498,2829,1300.0,6093.592117016334,0.7548750145360827,190299.80749997776,15.715984384983676
1728813383,6450,,Aggregated,348.400000,16.400000,1300,2400,3300,4100,9000,31000,70000,83000,133000,188000,190000,228843,2847,1300.0,6105.046667473974,0.7548750145360827,190299.80749997776,15.724745786412518
1728813384,6460,,Aggregated,347.400000,17.000000,1400,2400,3300,4100,9000,31000,70000,84000,133000,188000,190000,229204,2881,1400.0,6123.441923909122,0.7548750145360827,190299.80749997776,15.743612676916634
1728813385,6470,,Aggregated,350.800000,18.800000,1400,2400,3300,4200,9000,31000,70000,85000,133000,188000,190000,229555,2882,1400.0,6135.605314275823,0.7548750145360827,190299.80749997776,15.741443227113328
1728813386,6480,,Aggregated,349.200000,17.600000,1400,2400,3300,4200,9000,33000,70000,90000,133000,188000,190000,229928,2917,1400.0,6159.65134371409,0.7548750145360827,190299.80749997776,15.760712048989248
1728813387,6490,,Aggregated,347.400000,14.300000,1400,2400,3300,4200,9000,34000,70000,91000,133000,188000,190000,230286,2952,1400.0,6170.12871858354,0.7548750145360827,190299.80749997776,15.780012679885013
1728813388,6500,,Aggregated,349.200000,16.300000,1400,2400,3300,4200,9000,34000,70000,91000,133000,188000,190000,230632,2967,1400.0,6172.34489397259,0.7548750145360827,190299.80749997776,15.786720836657532
1728813389,6510,,Aggregated,347.400000,17.000000,1400,2400,3300,4200,9000,34000,70000,91000,133000,188000,190000,230967,2967,1400.0,6180.114621791109,0.7548750145360827,190299.80749997776,15.78398212731689
1728813390,6520,,Aggregated,350.600000,19.200000,1400,2400,3300,4200,9000,35000,71000,91000,133000,188000,190000,231308,2990,1400.0,6191.693132126773,0.7548750145360827,190299.80749997776,15.79578311169523
1728813391,6530,,Aggregated,349.000000,15.100000,1400,2400,3300,4200,9000,35000,71000,91000,133000,188000,190000,231579,2993,1400.0,6193.467332124318,0.7548750145360827,190299.80749997776,15.795478001027726
1728813392,6540,,Aggregated,350.900000,17.400000,1400,2400,3300,4200,9000,37000,71000,92000,133000,188000,190000,232057,3036,1400.0,6210.433321456515,0.7548750145360827,190299.80749997776,15.818673860301564
1728813393,6550,,Aggregated,350.800000,17.000000,1400,2400,3300,4200,9000,37000,71000,92000,133000,188000,190000,232401,3036,1400.0,6213.448759288087,0.7548750145360827,190299.80749997776,15.815809742643104
1728813394,6560,,Aggregated,350.300000,20.000000,1400,2400,3300,4200,9000,38000,71000,92000,133000,188000,190000,232753,3037,1400.0,6220.779293597072,0.7548750145360827,190299.80749997776,15.813527645186099
1728813395,6570,,Aggregated,349.800000,18.900000,1400,2400,3300,4200,9100,39000,71000,93000,136000,189000,190000,233135,3095,1400.0,6248.6122380961915,0.7548750145360827,190349.36037508305,15.8467411585562
1728813396,6580,,Aggregated,348.600000,15.600000,1400,2400,3300,4200,9100,39000,71000,93000,136000,189000,190000,233457,3096,1400.0,6248.284168021693,0.7548750145360827,190349.36037508305,15.84463948393066
1728813397,6590,,Aggregated,348.800000,17.500000,1400,2400,3300,4200,9100,40000,71000,92000,136000,189000,190000,233818,3110,1400.0,6258.485725285867,0.7548750145360827,190349.36037508305,15.850413569528436
1728813398,6600,,Aggregated,346.800000,17.900000,1400,2400,3300,4200,9100,43000,71000,93000,136000,189000,190000,234137,3110,1400.0,6263.515944465259,0.7548750145360827,190349.36037508305,15.847789969120644
1728813399,6610,,Aggregated,347.900000,17.700000,1400,2400,3300,4200,9100,44000,71000,92000,136000,189000,190000,234464,3111,1400.0,6264.239817615433,0.7548750145360827,190349.36037508305,15.845737511942131
1728813400,6620,,Aggregated,344.600000,14.300000,1400,2400,3300,4200,9100,54000,71000,93000,136000,189000,190000,234873,3194,1400.0,6294.764797463634,0.7548750145360827,190349.36037508305,15.8940022905996
1728813401,6630,,Aggregated,343.100000,14.400000,1400,2400,3300,4200,9100,54000,71000,93000,136000,189000,190000,235233,3195,1400.0,6300.548642974961,0.7548750145360827,190349.36037508305,15.89160534448823
1728813402,6640,,Aggregated,341.000000,12.500000,1400,2400,3300,4200,9100,54000,71000,93000,138000,189000,190000,235577,3201,1400.0,6316.831495915906,0.7548750145360827,190349.36037508305,15.892455545320638
1728813403,6650,,Aggregated,351.600000,20.200000,1400,2400,3300,4200,9100,54000,71000,92000,138000,189000,190000,235909,3207,1400.0,6313.726725378756,0.7548750145360827,190349.36037508305,15.89337414002857
1728813404,6660,,Aggregated,351.900000,17.200000,1400,2400,3300,4200,9100,54000,71000,93000,138000,189000,190000,236224,3213,1400.0,6323.613672037769,0.7548750145360827,190349.36037508305,15.894439176374966
1728813405,6670,,Aggregated,350.700000,16.500000,1400,2400,3300,4300,9100,54000,71000,93000,138000,189000,190000,236511,3215,1400.0,6334.130545227592,0.7548750145360827,190349.36037508305,15.893252322302134
1728813406,6680,,Aggregated,348.200000,17.400000,1400,2400,3400,4300,9100,54000,71000,94000,138000,189000,190000,236847,3215,1400.0,6346.858007639868,0.7548750145360827,190349.36037508305,15.890444041934245
1728813407,6690,,Aggregated,341.300000,15.800000,1400,2400,3400,4300,9100,54000,71000,95000,136000,189000,190000,237195,3224,1400.0,6357.560848291436,0.7548750145360827,190349.36037508305,15.893071101836043
1728813408,6700,,Aggregated,338.500000,11.900000,1400,2400,3400,4300,9200,55000,71000,96000,139000,189000,190000,237624,3299,1400.0,6405.152503014429,0.7548750145360827,190349.36037508305,15.93558310608356
1728813409,6710,,Aggregated,337.400000,11.300000,1400,2400,3400,4300,9300,55000,71000,96000,139000,189000,190000,237980,3300,1400.0,6417.3291774233385,0.7548750145360827,190349.36037508305,15.933175056727457
1728813410,6720,,Aggregated,343.900000,16.100000,1400,2400,3400,4300,9300,55000,71000,96000,139000,189000,191000,238317,3304,1400.0,6417.384568135767,0.7548750145360827,191317.68616696354,15.932766021727364
1728813411,6730,,Aggregated,349.300000,18.900000,1400,2400,3400,4300,9300,55000,71000,97000,139000,189000,191000,238696,3319,1400.0,6438.785618540573,0.7548750145360827,191317.68616696354,15.938771491771961
1728813412,6740,,Aggregated,353.100000,18.700000,1400,2400,3400,4300,9500,56000,71000,97000,139000,189000,191000,239084,3345,1400.0,6460.271881261881,0.7548750145360827,191317.68616696354,15.951364374027538
1728813413,6750,,Aggregated,345.100000,10.900000,1400,2400,3400,4300,9600,56000,71000,98000,139000,189000,191000,239460,3397,1400.0,6488.292715260493,0.7548750145360827,191317.68616696354,15.979679278376347
1728813414,6760,,Aggregated,347.000000,11.800000,1400,2400,3400,4300,9700,56000,71000,98000,139000,189000,191000,239784,3398,1400.0,6494.358981448725,0.7548750145360827,191317.68616696354,15.977488072598673
1728813415,6770,,Aggregated,353.400000,17.100000,1400,2400,3400,4300,9700,57000,71000,99000,140000,189000,191000,240167,3431,1400.0,6522.492862121471,0.7548750145360827,191317.68616696354,15.994087447484459
1728813416,6780,,Aggregated,354.700000,18.600000,1400,2400,3400,4300,9700,57000,71000,115000,140000,189000,191000,240513,3442,1400.0,6535.016924412907,0.7548750145360827,191317.68616696354,15.997792219131606
1728813417,6790,,Aggregated,360.300000,18.500000,1400,2400,3400,4300,9700,57000,71000,116000,140000,189000,191000,240848,3445,1400.0,6546.863028844095,0.7548750145360827,191317.68616696354,15.996678402976151
1728813418,6800,,Aggregated,365.200000,22.700000,1400,2400,3400,4300,9700,57000,71000,117000,140000,189000,191000,241200,3455,1400.0,6559.8792063722385,0.7548750145360827,191317.68616696354,15.999709784411277
1728813419,6810,,Aggregated,365.300000,22.400000,1400,2400,3400,4300,9700,57000,71000,117000,140000,189000,191000,241549,3455,1400.0,6562.705667901152,0.7548750145360827,191317.68616696354,15.996675622751491
1728813420,6820,,Aggregated,360.100000,17.800000,1400,2400,3400,4300,9800,59000,71000,117000,140000,189000,191000,241904,3477,1400.0,6578.226401784832,0.7548750145360827,191317.68616696354,16.006610060189168
1728813421,6830,,Aggregated,357.100000,15.500000,1400,2400,3400,4300,9800,60000,71000,117000,140000,189000,191000,242265,3498,1400.0,6585.834721108329,0.7548750145360827,191317.68616696354,16.016172373227665
1728813422,6840,,Aggregated,356.200000,16.300000,1400,2400,3400,4300,9900,60000,71000,117000,140000,189000,191000,242597,3517,1400.0,6593.745964559795,0.7548750145360827,191317.68616696354,16.02470764271611
1728813423,6850,,Aggregated,357.200000,18.700000,1400,2400,3400,4400,9900,61000,71000,118000,140000,189000,191000,242937,3541,1400.0,6612.28242367216,0.7548750145360827,191317.68616696354,16.0361575223206
1728813424,6860,,Aggregated,356.800000,19.700000,1400,2400,3400,4400,9900,61000,71000,118000,153000,189000,191000,243310,3582,1400.0,6639.600172726225,0.7548750145360827,191317.68616696354,16.05752743413752
1728813425,6870,,Aggregated,348.600000,16.000000,1400,2400,3400,4400,9900,61000,71000,119000,153000,189000,191000,243691,3628,1400.0,6646.523986692254,0.7548750145360827,191317.68616696354,16.081816726920568
1728813426,6880,,Aggregated,353.000000,18.300000,1400,2400,3400,4400,10000,61000,71000,120000,152000,189000,191000,244024,3637,1400.0,6654.69874281586,0.7548750145360827,191317.68616696354,16.084229420057042
1728813427,6890,,Aggregated,353.500000,19.600000,1400,2400,3400,4400,10000,61000,71000,119000,152000,189000,191000,244345,3638,1400.0,6657.800808013362,0.7548750145360827,191317.68616696354,16.081945609691214
1728813428,6900,,Aggregated,352.100000,18.600000,1400,2400,3400,4400,10000,61000,71000,120000,153000,189000,191000,244722,3664,1400.0,6676.441068492474,0.7548750145360827,191317.68616696354,16.094106782389815
1728813429,6910,,Aggregated,350.700000,19.300000,1400,2400,3400,4400,10000,61000,71000,121000,153000,189000,191000,245073,3675,1400.0,6680.571581325712,0.7548750145360827,191317.68616696354,16.09755052576171
1728813430,6920,,Aggregated,352.300000,20.800000,1400,2400,3400,4400,10000,61000,72000,123000,153000,189000,191000,245489,3771,1400.0,6725.536983429789,0.7548750145360827,191317.68616696354,16.150943626802015
1728813431,6930,,Aggregated,351.800000,20.900000,1400,2400,3400,4400,10000,61000,72000,123000,153000,189000,191000,245810,3774,1400.0,6733.729914543683,0.7548750145360827,191317.68616696354,16.14985151132989
1728813432,6940,,Aggregated,360.700000,30.300000,1400,2400,3400,4400,10000,61000,72000,123000,153000,189000,191000,246192,3786,1400.0,6738.914002052555,0.7548750145360827,191317.68616696354,16.153530577760446
1728813433,6950,,Aggregated,354.800000,28.000000,1400,2400,3400,4400,10000,61000,72000,124000,153000,189000,191000,246596,3845,1400.0,6758.021138437222,0.7548750145360827,191317.68616696354,16.184792129637138
1728813434,6960,,Aggregated,352.700000,25.800000,1400,2400,3400,4400,10000,61000,72000,124000,153000,189000,191000,246938,3848,1400.0,6759.685570088702,0.7548750145360827,191317.68616696354,16.18342660910836
1728813435,6970,,Aggregated,362.200000,28.100000,1400,2400,3400,4400,10000,61000,72000,124000,153000,189000,191000,247252,3848,1400.0,6761.890609953704,0.7548750145360827,191317.68616696354,16.180564767929077
1728813436,6980,,Aggregated,360.500000,26.800000,1400,2400,3400,4400,10000,61000,72000,125000,153000,189000,191000,247713,4006,1400.0,6822.6087067079,0.7548750145360827,191317.68616696354,16.269545805024364
1728813437,6990,,Aggregated,359.400000,25.200000,1400,2400,3400,4500,10000,61000,72000,125000,153000,189000,191000,248045,4012,1400.0,6824.070849255825,0.7548750145360827,191317.68616696354,16.269894575581045
1728813438,7000,,Aggregated,363.700000,31.400000,1400,2400,3400,4500,10000,61000,72000,125000,153000,189000,191000,248411,4019,1400.0,6826.715844399167,0.7548750145360827,191317.68616696354,16.27054760054909
1728813439,7010,,Aggregated,369.200000,36.800000,1400,2400,3400,4500,10000,61000,72000,125000,153000,189000,191000,248736,4023,1400.0,6828.623280167346,0.7548750145360827,191317.68616696354,16.26967547922295
1728813440,7020,,Aggregated,367.300000,36.200000,1400,2400,3400,4500,10000,61000,72000,125000,153000,189000,191000,249049,4035,1400.0,6837.217770507359,0.7548750145360827,191317.68616696354,16.273737296676558
1728813441,7030,,Aggregated,366.200000,35.700000,1400,2400,3400,4500,10000,61000,72000,125000,153000,189000,191000,249450,4083,1400.0,6859.253858955878,0.7548750145360827,191317.68616696354,16.298019643215074
1728813442,7040,,Aggregated,353.200000,25.700000,1400,2400,3400,4500,10000,61000,72000,125000,153000,189000,191000,249824,4105,1400.0,6867.044438962378,0.7548750145360827,191317.68616696354,16.307228288715255
1728813443,7050,,Aggregated,359.200000,28.200000,1400,2400,3400,4500,10000,61000,72000,125000,153000,189000,191000,250134,4105,1400.0,6867.244572685564,0.7548750145360827,191317.68616696354,16.304236929006052
1728813444,7060,,Aggregated,364.400000,33.000000,1400,2400,3400,4500,10000,62000,72000,125000,156000,189000,191000,250505,4147,1400.0,6904.047030795332,0.7548750145360827,191317.68616696354,16.325215065567555
1728813445,7070,,Aggregated,356.500000,29.200000,1400,2400,3400,4500,10000,62000,72000,125000,156000,189000,191000,250876,4158,1400.0,6908.112375964727,0.7548750145360827,191317.68616696354,16.328082399272947
1728813446,7080,,Aggregated,354.900000,29.800000,1400,2400,3400,4500,10000,62000,72000,126000,180000,189000,191000,251301,4220,1400.0,6942.339884676771,0.7548750145360827,191317.68616696354,16.36009407045734
1728813447,7090,,Aggregated,357.400000,29.900000,1400,2500,3400,4500,10000,62000,72000,126000,180000,189000,191000,251658,4243,1400.0,6953.855602107484,0.7548750145360827,191317.68616696354,16.369946514714414
1728813448,7100,,Aggregated,355.600000,24.100000,1400,2500,3400,4500,10000,62000,72000,126000,180000,189000,191000,251987,4243,1400.0,6962.936979182815,0.7548750145360827,191317.68616696354,16.366717330655945
1728813449,7110,,Aggregated,359.200000,23.700000,1400,2500,3400,4500,10000,62000,72000,126000,179000,189000,191000,252339,4258,1400.0,6982.359594320026,0.7548750145360827,191317.68616696354,16.371952016929608
1728813450,7120,,Aggregated,358.500000,22.400000,1400,2500,3400,4500,10000,62000,72000,126000,179000,189000,191000,252734,4297,1400.0,6996.207452231738,0.7548750145360827,191317.68616696354,16.3905885239026
1728813451,7130,,Aggregated,358.500000,23.700000,1400,2500,3400,4500,10000,62000,72000,126000,179000,189000,191000,253127,4365,1400.0,7012.2609245023505,0.7548750145360827,191317.68616696354,16.42600354762629
1728813452,7140,,Aggregated,361.500000,23.300000,1400,2500,3400,4500,10000,62000,72000,126000,179000,189000,191000,253518,4402,1400.0,7048.85065765091,0.7548750145360827,191317.68616696354,16.443483302960736
1728813453,7150,,Aggregated,366.300000,26.000000,1400,2500,3400,4500,10000,62000,72000,126000,179000,189000,191000,253838,4428,1400.0,7066.304346947371,0.7548750145360827,191317.68616696354,16.45532189821855
1728813454,7160,,Aggregated,353.500000,26.100000,1400,2500,3400,4500,10000,62000,73000,126000,180000,189000,191000,254201,4465,1400.0,7085.849790977169,0.7548750145360827,191317.68616696354,16.472968241667026
1728813455,7170,,Aggregated,368.500000,29.700000,1400,2500,3400,4500,10000,62000,73000,126000,180000,189000,191000,254587,4495,1400.0,7101.140623327254,0.7548750145360827,191317.68616696354,16.486313126750385
1728813456,7180,,Aggregated,370.400000,31.800000,1400,2500,3400,4500,10000,62000,73000,126000,180000,189000,191000,254916,4501,1400.0,7102.265643247192,0.7548750145360827,191317.68616696354,16.486419055688934
1728813457,7190,,Aggregated,370.300000,31.800000,1400,2500,3500,4500,10000,62000,73000,126000,180000,189000,191000,255268,4514,1400.0,7117.0488843685625,0.7548750145360827,191317.68616696354,16.490300390178167
1728813458,7200,,Aggregated,365.900000,31.200000,1400,2500,3500,4500,10000,62000,73000,126000,180000,189000,191000,255651,4538,1400.0,7147.501661795299,0.7548750145360827,191317.68616696354,16.50015841909478
1728813459,7210,,Aggregated,358.600000,25.800000,1400,2500,3500,4500,10000,62000,73000,127000,180000,189000,191000,256006,4574,1400.0,7156.595946546325,0.7548750145360827,191317.68616696354,16.51712850480067
1728813460,7220,,Aggregated,361.000000,27.300000,1400,2500,3500,4500,10000,62000,73000,127000,180000,189000,191000,256343,4575,1400.0,7175.726152010548,0.7548750145360827,191317.68616696354,16.514275794540907
1728813461,7230,,Aggregated,367.800000,31.300000,1400,2500,3500,4500,10000,62000,73000,127000,180000,189000,191000,256687,4596,1400.0,7192.170610669381,0.7548750145360827,191317.68616696354,16.52273391328739
1728813462,7240,,Aggregated,366.400000,31.600000,1400,2500,3500,4500,10000,62000,73000,127000,180000,189000,191000,257107,4649,1400.0,7212.939763566233,0.7548750145360827,191317.68616696354,16.548565383284004
1728813463,7250,,Aggregated,358.300000,26.200000,1400,2500,3500,4500,10000,62000,73000,127000,180000,189000,191000,257433,4649,1400.0,7215.481912124102,0.7548750145360827,191317.68616696354,16.545244782137488
1728813464,7260,,Aggregated,363.700000,23.300000,1400,2500,3500,4500,10000,62000,73000,127000,180000,189000,191000,257756,4649,1400.0,7217.413427625697,0.7548750145360827,191317.68616696354,16.54194276757864
1728813465,7270,,Aggregated,359.900000,24.700000,1400,2500,3500,4500,10000,62000,73000,127000,180000,189000,191000,258094,4659,1400.0,7228.955544200302,0.7548750145360827,191317.68616696354,16.544131208009485
1728813466,7280,,Aggregated,355.800000,18.500000,1400,2500,3500,4600,10000,62000,73000,127000,180000,189000,191000,258437,4665,1400.0,7231.280782605461,0.7548750145360827,191317.68616696354,16.54408231019552
1728813467,7290,,Aggregated,352.400000,18.400000,1400,2500,3500,4600,10000,62000,73000,127000,180000,189000,191000,258831,4698,1400.0,7245.7385246135145,0.7548750145360827,191317.68616696354,16.558708191831737
1728813468,7300,,Aggregated,351.900000,16.400000,1400,2500,3500,4600,10000,62000,73000,127000,180000,189000,191000,259125,4699,1400.0,7255.3311343360065,0.7548750145360827,191317.68616696354,16.556318379160636
1728813469,7310,,Aggregated,353.500000,16.800000,1400,2500,3500,4600,10000,62000,73000,127000,180000,189000,191000,259453,4703,1400.0,7252.469918117926,0.7548750145360827,191317.68616696354,16.555210384925207
1728813470,7320,,Aggregated,354.900000,18.200000,1400,2500,3500,4600,10000,62000,73000,127000,180000,189000,191000,259825,4720,1400.0,7264.375358352365,0.7548750145360827,191317.68616696354,16.56095833734244
1728813471,7330,,Aggregated,343.800000,13.000000,1400,2500,3500,4600,10000,62000,73000,127000,181000,189000,191000,260160,4738,1400.0,7277.373145148321,0.7548750145360827,191317.68616696354,16.567669895448955
1728813472,7340,,Aggregated,344.800000,13.300000,1400,2500,3500,4600,10000,63000,73000,127000,183000,189000,191000,260500,4755,1400.0,7291.275528864547,0.7548750145360827,191317.68616696354,16.573746641074855
1728813473,7350,,Aggregated,348.800000,14.500000,1400,2500,3500,4700,10000,63000,73000,127000,183000,189000,191000,260842,4760,1400.0,7309.853848293301,0.7548750145360827,191317.68616696354,16.573028883385344
1728813474,7360,,Aggregated,349.400000,14.600000,1400,2500,3500,4700,10000,63000,73000,127000,181000,189000,191000,261268,4821,1400.0,7362.095170221063,0.7548750145360827,191317.68616696354,16.602810141310837
1728813475,7370,,Aggregated,332.100000,10.600000,1400,2500,3500,4700,10000,63000,73000,127000,181000,189000,191000,261611,4823,1400.0,7369.752792896646,0.7548750145360827,191317.68616696354,16.60039906578852
1728813476,7380,,Aggregated,344.600000,13.100000,1400,2500,3500,4700,11000,63000,73000,127000,183000,189000,191000,261987,4864,1400.0,7386.182723541669,0.7548750145360827,191317.68616696354,16.61922156442877
1728813477,7390,,Aggregated,352.400000,17.400000,1400,2500,3500,4700,11000,63000,73000,127000,183000,189000,191000,262329,4873,1400.0,7390.028412772128,0.7548750145360827,191317.68616696354,16.62070148553915
1728813478,7400,,Aggregated,352.000000,16.900000,1400,2500,3500,4700,11000,63000,73000,127000,183000,189000,191000,262684,4876,1400.0,7399.519652098501,0.7548750145360827,191317.68616696354,16.61872059204215
1728813479,7410,,Aggregated,353.200000,19.500000,1400,2500,3500,4700,11000,63000,73000,127000,183000,189000,191000,263087,4952,1400.0,7441.254101862536,0.7548750145360827,191317.68616696354,16.65676373214944
1728813480,7420,,Aggregated,351.400000,17.500000,1400,2500,3500,4700,11000,63000,73000,127000,183000,189000,191000,263426,4966,1400.0,7452.261265526184,0.7548750145360827,191317.68616696354,16.660990183201353
1728813481,7430,,Aggregated,357.000000,18.000000,1400,2500,3500,4700,11000,63000,73000,127000,183000,189000,191000,263768,4989,1400.0,7458.316693495507,0.7548750145360827,191317.68616696354,16.670195019865943
1728813482,7440,,Aggregated,364.000000,25.800000,1400,2500,3500,4700,11000,63000,73000,127000,183000,189000,191000,264084,4995,1400.0,7462.213721772594,0.7548750145360827,191317.68616696354,16.670207206797837
1728813483,7450,,Aggregated,360.100000,24.600000,1400,2500,3500,4700,11000,63000,73000,127000,183000,189000,191000,264444,5022,1400.0,7469.38748544354,0.7548750145360827,191317.68616696354,16.68134652327147
1728813484,7460,,Aggregated,361.300000,24.500000,1400,2500,3500,4700,11000,63000,73000,127000,184000,189000,191000,264825,5075,1400.0,7501.028803191269,0.7548750145360827,191317.68616696354,16.70659492117436
1728813485,7470,,Aggregated,366.800000,24.000000,1400,2500,3500,4700,11000,63000,73000,127000,184000,189000,191000,265176,5077,1400.0,7498.453388174228,0.7548750145360827,191317.68616696354,16.703962651220323
1728813486,7480,,Aggregated,343.200000,24.200000,1400,2500,3500,4700,11000,63000,73000,127000,185000,189000,191000,265546,5100,1400.0,7507.52265084109,0.7548750145360827,191317.68616696354,16.71270137753911
1728813487,7490,,Aggregated,356.100000,25.200000,1400,2500,3500,4700,11000,63000,73000,127000,185000,189000,191000,265921,5135,1400.0,7523.032880741191,0.7548750145360827,191317.68616696354,16.727971841261127
1728813488,7500,,Aggregated,357.000000,26.100000,1400,2500,3500,4700,11000,63000,73000,127000,185000,189000,191000,266263,5152,1400.0,7539.578966288949,0.7548750145360827,191317.68616696354,16.733613006688874
1728813489,7510,,Aggregated,356.600000,23.600000,1400,2500,3500,4700,11000,63000,73000,127000,185000,189000,191000,266590,5156,1400.0,7536.54077449169,0.7548750145360827,191317.68616696354,16.732353051502308
1728813490,7520,,Aggregated,358.400000,27.100000,1400,2500,3500,4700,11000,63000,73000,127000,185000,189000,191000,266897,5188,1400.0,7543.181470047102,0.7548750145360827,191317.68616696354,16.746625102567656
1728813491,7530,,Aggregated,357.200000,27.400000,1400,2500,3500,4700,11000,63000,73000,127000,185000,189000,191000,267259,5220,1400.0,7566.168660258847,0.7548750145360827,191317.68616696354,16.76027374195069
1728813492,7540,,Aggregated,347.900000,19.100000,1400,2500,3500,4700,11000,63000,73000,127000,185000,189000,191000,267564,5234,1400.0,7568.601211717103,0.7548750145360827,191317.68616696354,16.764691812052444
1728813493,7550,,Aggregated,345.800000,22.200000,1400,2500,3600,4700,11000,63000,73000,128000,185000,189000,191000,267931,5291,1400.0,7594.135485051831,0.7548750145360827,191317.68616696354,16.79189044940675
1728813494,7560,,Aggregated,347.600000,23.100000,1400,2500,3600,4700,11000,63000,73000,128000,185000,189000,191000,268288,5298,1400.0,7608.022231153735,0.7548750145360827,191317.68616696354,16.791865458015266
1728813495,7570,,Aggregated,346.200000,24.500000,1400,2500,3600,4700,11000,63000,73000,128000,185000,189000,191000,268645,5328,1400.0,7619.850999117399,0.7548750145360827,191317.68616696354,16.80438496901115
1728813496,7580,,Aggregated,363.400000,26.900000,1400,2500,3600,4700,11000,63000,74000,128000,185000,189000,191000,269027,5360,1400.0,7654.913925157636,0.7548750145360827,191317.68616696354,16.81766885851606
1728813497,7590,,Aggregated,344.100000,22.300000,1400,2500,3600,4700,11000,63000,73000,128000,185000,189000,191000,269381,5361,1400.0,7654.397384811886,0.7548750145360827,191317.68616696354,16.814378148421753
1728813498,7600,,Aggregated,349.200000,25.500000,1400,2500,3600,4700,11000,63000,74000,128000,185000,189000,191000,269750,5373,1400.0,7666.2125271944,0.7548750145360827,191317.68616696354,16.81694902687674
1728813499,7610,,Aggregated,347.100000,26.000000,1400,2500,3600,4700,11000,63000,73000,128000,185000,189000,191000,270113,5373,1400.0,7662.240858925318,0.7548750145360827,191317.68616696354,16.813037506525045
1728813500,7620,,Aggregated,348.000000,22.900000,1400,2500,3600,4700,11000,63000,74000,128000,185000,189000,191000,270471,5405,1400.0,7697.366627485972,0.7548750145360827,191317.68616696354,16.82648047295274
1728813501,7630,,Aggregated,349.800000,21.800000,1400,2500,3600,4700,11000,63000,74000,128000,185000,189000,191000,270841,5433,1400.0,7714.308132788211,0.7548750145360827,191317.68616696354,16.83765382641476
1728813502,7640,,Aggregated,354.800000,22.900000,1400,2500,3600,4700,11000,63000,74000,128000,185000,189000,191000,271188,5433,1400.0,7715.6339010979655,0.7548750145360827,191317.68616696354,16.833893830110476
1728813503,7650,,Aggregated,359.400000,22.500000,1400,2500,3600,4800,11000,63000,74000,128000,185000,189000,191000,271573,5456,1400.0,7729.706182165764,0.7548750145360827,191317.68616696354,16.842009330824492
1728813504,7660,,Aggregated,359.500000,21.300000,1400,2500,3600,4800,11000,64000,74000,128000,185000,189000,191000,271936,5493,1400.0,7751.618511175258,0.7548750145360827,191317.68616696354,16.857981289715227
1728813505,7670,,Aggregated,364.800000,19.900000,1400,2500,3600,4800,11000,64000,74000,128000,185000,189000,191000,272335,5553,1400.0,7766.750746208726,0.7548750145360827,191317.68616696354,16.88586116364037
1728813506,7680,,Aggregated,363.300000,16.500000,1400,2500,3600,4800,11000,64000,74000,128000,186000,189000,191000,272638,5651,1400.0,7829.7236650757395,0.7548750145360827,191317.68616696354,16.935082416977824
1728813507,7690,,Aggregated,365.900000,19.500000,1400,2500,3600,4800,11000,64000,74000,128000,186000,189000,191000,273190,5659,1400.0,7831.564202905054,0.7548750145360827,191317.68616696354,16.93319667630587
1728813508,7700,,Aggregated,375.400000,30.700000,1400,2500,3600,4800,11000,64000,74000,128000,186000,189000,191000,273603,5689,1400.0,7854.370107451648,0.7548750145360827,191317.68616696354,16.94468627902472
1728813509,7710,,Aggregated,379.200000,29.600000,1400,2500,3600,4800,11000,64000,74000,128000,186000,189000,191000,274008,5762,1400.0,7879.399593378851,0.7548750145360827,191317.68616696354,16.979157542845464
1728813510,7720,,Aggregated,380.000000,29.200000,1400,2500,3600,4800,11000,64000,74000,128000,186000,189000,191000,274332,5762,1400.0,7889.332036918223,0.7548750145360827,191317.68616696354,16.975577038041497
1728813511,7730,,Aggregated,381.000000,31.900000,1400,2500,3600,4800,11000,64000,74000,128000,186000,189000,191000,274684,5765,1400.0,7884.904466882036,0.7548750145360827,191317.68616696354,16.973223777140277
1728813512,7740,,Aggregated,385.000000,37.700000,1400,2500,3600,4800,11000,64000,74000,128000,186000,189000,191000,275067,5794,1400.0,7902.612878116606,0.7548750145360827,191317.68616696354,16.984352903110878
1728813513,7750,,Aggregated,382.600000,35.000000,1400,2500,3600,4800,11000,64000,74000,128000,186000,189000,191000,275393,5811,1400.0,7911.269054969059,0.7548750145360827,191317.68616696354,16.989731038915295
1728813514,7760,,Aggregated,384.500000,35.300000,1400,2500,3700,4900,11000,64000,74000,128000,186000,189000,191000,275780,5857,1400.0,7938.986483921544,0.7548750145360827,191317.68616696354,17.009808543041554
1728813515,7770,,Aggregated,382.100000,35.800000,1400,2500,3700,4900,11000,64000,74000,128000,186000,189000,191000,276147,5861,1400.0,7941.425793384089,0.7548750145360827,191317.68616696354,17.007803814634958
1728813516,7780,,Aggregated,378.000000,35.600000,1400,2500,3700,4900,11000,64000,74000,128000,186000,189000,191000,276516,5890,1400.0,7953.087421718092,0.7548750145360827,191317.68616696354,17.01900794167426
1728813517,7790,,Aggregated,381.900000,36.400000,1400,2500,3700,4900,11000,64000,74000,128000,186000,189000,191000,276893,5914,1400.0,7968.574772751547,0.7548750145360827,191317.68616696354,17.027432979526388
1728813518,7800,,Aggregated,367.600000,21.200000,1400,2500,3700,4900,11000,64000,74000,128000,186000,189000,191000,277238,5917,1400.0,7968.590532927296,0.7548750145360827,191317.68616696354,17.025148067725205
1728813519,7810,,Aggregated,364.100000,23.400000,1400,2500,3700,4900,11000,64000,74000,128000,186000,189000,191000,277600,5928,1400.0,7971.608680434679,0.7548750145360827,191317.68616696354,17.026894812680116
1728813520,7820,,Aggregated,366.600000,25.200000,1400,2500,3700,4900,11000,64000,74000,128000,186000,189000,191000,277953,5933,1400.0,7977.894662747987,0.7548750145360827,191317.68616696354,17.02556187556889
1728813521,7830,,Aggregated,362.300000,22.500000,1400,2500,3700,4900,12000,64000,74000,128000,186000,189000,191000,278310,5956,1400.0,7988.980714375631,0.7548750145360827,191317.68616696354,17.033606410118214
1728813522,7840,,Aggregated,360.000000,16.600000,1400,2500,3700,4900,12000,64000,74000,128000,186000,189000,191000,278690,6000,1400.0,8008.325176313644,0.7548750145360827,191317.68616696354,17.05237719329721
1728813523,7850,,Aggregated,361.000000,17.100000,1400,2500,3700,4900,12000,64000,74000,128000,186000,189000,191000,279105,6061,1400.0,8026.601033096799,0.7548750145360827,191317.68616696354,17.079676107558086
1728813524,7860,,Aggregated,359.000000,17.000000,1400,2600,3700,4900,12000,64000,74000,128000,186000,189000,191000,279448,6073,1400.0,8040.166428493333,0.7548750145360827,191317.68616696354,17.08203315106925
1728813525,7870,,Aggregated,364.700000,21.400000,1400,2600,3700,5000,12000,64000,74000,128000,186000,189000,191000,279793,6099,1400.0,8055.988781369409,0.7548750145360827,191317.68616696354,17.091710657521812
1728813526,7880,,Aggregated,372.400000,26.100000,1400,2600,3700,5000,12000,64000,75000,128000,186000,189000,191000,280144,6113,1400.0,8071.4375321397665,0.7548750145360827,191317.68616696354,17.095033268604716
1728813527,7890,,Aggregated,366.900000,21.800000,1400,2600,3700,5000,12000,64000,75000,128000,186000,189000,191000,280521,6133,1400.0,8083.410237915543,0.7548750145360827,191317.68616696354,17.101168896446254
1728813528,7900,,Aggregated,365.100000,23.600000,1400,2600,3700,5000,12000,64000,75000,128000,186000,189000,191000,280880,6138,1400.0,8085.454043112453,0.7548750145360827,191317.68616696354,17.09968669894617
1728813529,7910,,Aggregated,365.200000,22.300000,1400,2600,3700,5100,13000,64000,75000,128000,186000,189000,191000,281236,6157,1400.0,8100.503841356421,0.7548750145360827,191317.68616696354,17.10547725042313
1728813530,7920,,Aggregated,362.800000,21.600000,1400,2600,3700,5100,13000,64000,75000,128000,186000,189000,191000,281589,6191,1400.0,8113.175726072565,0.7548750145360827,191317.68616696354,17.119084907436015
1728813531,7930,,Aggregated,365.600000,22.100000,1400,2600,3700,5100,13000,64000,75000,128000,186000,189000,191000,282011,6262,1400.0,8131.70253123814,0.7548750145360827,191317.68616696354,17.15110403494899
1728813532,7940,,Aggregated,361.500000,23.400000,1400,2600,3700,5200,13000,64000,75000,128000,186000,189000,191000,282416,6324,1400.0,8158.595516332874,0.7548750145360827,191317.68616696354,17.178523879666873
1728813533,7950,,Aggregated,366.300000,27.300000,1400,2600,3700,5200,13000,64000,75000,128000,186000,189000,191000,282762,6332,1400.0,8166.717208372252,0.7548750145360827,191317.68616696354,17.178634328516562
1728813534,7960,,Aggregated,371.800000,32.200000,1400,2600,3700,5200,13000,64000,75000,128000,186000,189000,191000,283125,6375,1400.0,8183.740338393822,0.7548750145360827,191317.68616696354,17.19663046357616
1728813535,7970,,Aggregated,372.100000,31.700000,1400,2600,3700,5200,13000,64000,75000,128000,186000,189000,191000,283516,6399,1400.0,8193.503247975239,0.7548750145360827,191317.68616696354,17.20441527109581
1728813536,7980,,Aggregated,365.300000,26.900000,1400,2600,3700,5200,13000,65000,75000,128000,186000,189000,191000,283887,6416,1400.0,8206.43589423182,0.7548750145360827,191317.68616696354,17.208776731586862
1728813537,7990,,Aggregated,368.400000,31.200000,1400,2600,3700,5300,13000,65000,75000,128000,186000,189000,191000,284222,6416,1400.0,8207.199199683497,0.7548750145360827,191317.68616696354,17.204836360309898
1728813538,8000,,Aggregated,372.100000,30.500000,1400,2600,3700,5300,13000,65000,75000,128000,186000,189000,191000,284563,6432,1400.0,8214.485772820564,0.7548750145360827,191317.68616696354,17.209131194146813
1728813539,8010,,Aggregated,374.100000,30.300000,1400,2600,3700,5300,13000,65000,75000,128000,186000,189000,191000,284952,6469,1400.0,8225.191265388647,0.7548750145360827,191317.68616696354,17.22359555293523
1728813540,8020,,Aggregated,367.500000,28.400000,1400,2600,3700,5300,13000,65000,76000,128000,186000,189000,191000,285341,6527,1400.0,8262.018334330489,0.7548750145360827,191317.68616696354,17.24877602587781
1728813541,8030,,Aggregated,367.600000,29.400000,1400,2600,3700,5300,13000,65000,76000,128000,186000,189000,191000,285679,6534,1400.0,8266.341962068827,0.7548750145360827,191317.68616696354,17.24841517927464
1728813542,8040,,Aggregated,362.700000,30.700000,1400,2600,3700,5300,13000,65000,76000,128000,186000,189000,191000,285999,6545,1400.0,8263.363998088382,0.7548750145360827,191317.68616696354,17.250326050091083
1728813543,8050,,Aggregated,372.600000,32.200000,1400,2600,3700,5300,13000,65000,76000,128000,186000,189000,191000,286409,6605,1400.0,8296.701603467403,0.7548750145360827,191317.68616696354,17.27609118428541
1728813544,8060,,Aggregated,364.800000,26.200000,1400,2600,3800,5300,14000,65000,77000,128000,186000,189000,191000,286772,6654,1400.0,8317.368914393373,0.7548750145360827,191317.68616696354,17.2967967584004
1728813545,8070,,Aggregated,356.900000,21.700000,1400,2600,3800,5300,14000,65000,77000,128000,186000,189000,191000,287127,6660,1400.0,8324.289988672985,0.7548750145360827,191317.68616696354,17.29558697022572
1728813546,8080,,Aggregated,362.700000,26.300000,1400,2600,3800,5300,14000,65000,77000,128000,186000,189000,191000,287479,6661,1400.0,8323.971303538576,0.7548750145360827,191317.68616696354,17.291944802924736
1728813547,8090,,Aggregated,362.900000,26.700000,1400,2600,3800,5300,14000,65000,77000,128000,186000,189000,191000,287856,6690,1400.0,8343.647204524013,0.7548750145360827,191317.68616696354,17.30223445055861
1728813548,8100,,Aggregated,361.400000,25.600000,1400,2600,3800,5300,14000,65000,77000,128000,186000,189000,191000,288234,6712,1400.0,8352.276271975688,0.7548750145360827,191317.68616696354,17.30893301969927
1728813549,8110,,Aggregated,360.400000,24.500000,1400,2600,3800,5300,14000,65000,77000,128000,186000,189000,191000,288610,6752,1400.0,8365.450763501954,0.7548750145360827,191317.68616696354,17.32470461868958
1728813550,8120,,Aggregated,365.200000,27.300000,1400,2600,3800,5300,14000,65000,77000,128000,186000,189000,191000,288938,6777,1400.0,8372.756710677544,0.7548750145360827,191317.68616696354,17.333493690687966
1728813551,8130,,Aggregated,368.300000,28.000000,1400,2600,3800,5300,14000,65000,77000,128000,187000,189000,191000,289160,6785,1400.0,8379.525161853147,0.7548750145360827,191317.68616696354,17.334901092820584
1728813552,8140,,Aggregated,375.100000,28.300000,1400,2600,3800,5300,14000,65000,78000,129000,187000,189000,191000,289749,6855,1400.0,8422.394957991084,0.7548750145360827,191317.68616696354,17.363179855668182
1728813553,8150,,Aggregated,359.600000,24.800000,1400,2600,3800,5300,14000,65000,78000,129000,187000,189000,191000,290103,6877,1400.0,8424.614117595602,0.7548750145360827,191317.68616696354,17.36997893851494
1728813554,8160,,Aggregated,363.800000,25.600000,1400,2600,3800,5300,14000,65000,78000,129000,187000,189000,191000,290477,6893,1400.0,8429.513868467693,0.7548750145360827,191317.68616696354,17.373430598636038
1728813555,8170,,Aggregated,371.800000,31.000000,1400,2600,3800,5300,14000,65000,78000,129000,187000,189000,191000,290804,6897,1400.0,8429.160104142898,0.7548750145360827,191317.68616696354,17.371511395991803
1728813556,8180,,Aggregated,367.100000,27.200000,1400,2600,3800,5300,14000,65000,78000,129000,186000,189000,191000,291181,6927,1400.0,8447.607131321953,0.7548750145360827,191317.68616696354,17.38208880387113
1728813557,8190,,Aggregated,368.100000,23.900000,1400,2600,3800,5300,14000,65000,78000,129000,186000,189000,191000,291567,6984,1400.0,8455.16758044104,0.7548750145360827,191317.68616696354,17.406085050777353
1728813558,8200,,Aggregated,365.700000,23.700000,1400,2600,3800,5300,14000,65000,78000,129000,186000,189000,191000,291938,7019,1400.0,8461.064471192642,0.7548750145360827,191317.68616696354,17.41914721618974
1728813559,8210,,Aggregated,366.100000,26.900000,1400,2600,3800,5300,14000,65000,78000,129000,186000,189000,191000,292306,7023,1400.0,8465.317800377028,0.7548750145360827,191317.68616696354,17.416731096864243
1728813560,8220,,Aggregated,368.900000,30.200000,1400,2600,3800,5300,14000,65000,78000,129000,186000,189000,191000,292672,7028,1400.0,8475.651194933936,0.7548750145360827,191317.68616696354,17.414867155040454
1728813561,8230,,Aggregated,367.700000,30.700000,1400,2600,3800,5300,14000,65000,78000,129000,186000,189000,191000,293046,7066,1400.0,8495.24492706233,0.7548750145360827,191317.68616696354,17.429359213229322
1728813562,8240,,Aggregated,370.100000,27.600000,1400,2600,3800,5300,14000,65000,78000,129000,186000,189000,191000,293366,7066,1400.0,8489.656544367017,0.7548750145360827,191317.68616696354,17.425536701594595
1728813563,8250,,Aggregated,371.600000,25.800000,1400,2600,3800,5300,14000,65000,78000,129000,186000,189000,191000,293765,7095,1400.0,8503.957606178637,0.7548750145360827,191317.68616696354,17.435157353667048
1728813564,8260,,Aggregated,369.700000,27.000000,1400,2600,3800,5300,14000,65000,78000,129000,186000,189000,191000,294132,7102,1400.0,8511.363261488135,0.7548750145360827,191317.68616696354,17.434226809731687
1728813565,8270,,Aggregated,354.900000,21.100000,1400,2600,3800,5300,14000,65000,78000,129000,186000,189000,191000,294484,7103,1400.0,8513.351770313713,0.7548750145360827,191317.68616696354,17.43051574958232
1728813566,8280,,Aggregated,368.200000,21.900000,1400,2600,3800,5300,14000,65000,78000,129000,186000,189000,191000,294848,7126,1400.0,8521.09817045612,0.7548750145360827,191317.68616696354,17.437130317994356
1728813567,8290,,Aggregated,364.700000,21.000000,1400,2600,3800,5300,14000,65000,78000,129000,186000,189000,191000,295205,7126,1400.0,8519.90473053761,0.7548750145360827,191317.68616696354,17.432844972138007
1728813568,8300,,Aggregated,366.200000,20.800000,1400,2600,3800,5300,14000,65000,78000,129000,186000,189000,191000,295566,7128,1400.0,8518.65455132998,0.7548750145360827,191317.68616696354,17.429572413606436
1728813569,8310,,Aggregated,367.400000,19.600000,1400,2600,3800,5300,15000,65000,79000,129000,186000,189000,191000,295975,7187,1400.0,8550.085631610724,0.7548750145360827,191317.68616696354,17.453798462708
1728813570,8320,,Aggregated,363.200000,13.600000,1400,2600,3800,5300,15000,65000,79000,129000,187000,189000,191000,296326,7205,1400.0,8561.805179219695,0.7548750145360827,191317.68616696354,17.458498410534343
1728813571,8330,,Aggregated,362.200000,10.900000,1400,2600,3900,5300,15000,65000,79000,129000,187000,189000,191000,296671,7229,1400.0,8562.526217121098,0.7548750145360827,191317.68616696354,17.466162853801013
1728813572,8340,,Aggregated,365.100000,17.100000,1400,2600,3900,5300,15000,65000,79000,129000,187000,189000,191000,297038,7229,1400.0,8572.021515155471,0.7548750145360827,191317.68616696354,17.461759101529097
1728813573,8350,,Aggregated,364.000000,17.000000,1400,2600,3900,5300,15000,65000,80000,129000,187000,189000,191000,297419,7273,1400.0,8592.476599783206,0.7548750145360827,191317.68616696354,17.47882280553697
1728813575,8360,,Aggregated,363.000000,16.300000,1400,2600,3900,5300,15000,65000,80000,129000,187000,189000,191000,297757,7316,1400.0,8616.405927178614,0.7548750145360827,191317.68616696354,17.49588758618605
1728813576,8370,,Aggregated,364.800000,18.500000,1400,2600,3900,5300,15000,65000,81000,129000,187000,189000,191000,298350,7356,1400.0,8640.675982645182,0.7548750145360827,191317.68616696354,17.50835930953578
1728813577,8380,,Aggregated,355.800000,21.300000,1400,2600,3900,5400,15000,65000,81000,129000,187000,189000,191000,298702,7358,1400.0,8649.954882283655,0.7548750145360827,191317.68616696354,17.505065248977242
1728813578,8390,,Aggregated,372.100000,25.100000,1400,2600,3900,5400,15000,65000,81000,129000,187000,189000,191000,299047,7358,1400.0,8660.23007538707,0.7548750145360827,191317.68616696354,17.50093463569272
1728813579,8400,,Aggregated,370.700000,23.200000,1400,2600,3900,5400,15000,66000,82000,129000,187000,189000,191000,299486,7462,1400.0,8714.345275985435,0.7548750145360827,191317.68616696354,17.54639281969775
1728813580,8410,,Aggregated,370.000000,23.000000,1400,2600,3900,5400,15000,66000,82000,129000,187000,189000,191000,299850,7488,1400.0,8731.858919558103,0.7548750145360827,191317.68616696354,17.55463064865766
1728813581,8420,,Aggregated,377.300000,33.400000,1400,2600,3900,5400,15000,66000,82000,129000,187000,189000,191000,300211,7497,1400.0,8739.821238332219,0.7548750145360827,191317.68616696354,17.554599931381595
1728813582,8430,,Aggregated,373.000000,28.900000,1400,2600,3900,5400,15000,66000,82000,129000,187000,189000,191000,300577,7501,1400.0,8747.830041545765,0.7548750145360827,191317.68616696354,17.552094804326345
1728813583,8440,,Aggregated,374.300000,28.300000,1400,2600,3900,5400,15000,66000,82000,129000,187000,189000,191000,300920,7514,1400.0,8751.132285631762,0.7548750145360827,191317.68616696354,17.554246975940448
1728813584,8450,,Aggregated,376.800000,27.200000,1400,2600,3900,5400,15000,66000,82000,129000,187000,189000,191000,301289,7537,1400.0,8761.75173411926,0.7548750145360827,191317.68616696354,17.560926552247178
1728813585,8460,,Aggregated,376.300000,28.000000,1400,2600,3900,5400,15000,66000,82000,129000,187000,189000,191000,301687,7557,1400.0,8782.478857412721,0.7548750145360827,191317.68616696354,17.565768495162203
1728813586,8470,,Aggregated,372.900000,25.600000,1400,2600,3900,5400,15000,66000,83000,129000,187000,189000,191000,302061,7585,1400.0,8803.835894703461,0.7548750145360827,191317.68616696354,17.574801116330807
1728813587,8480,,Aggregated,386.100000,24.100000,1400,2600,3900,5400,15000,66000,84000,129000,187000,189000,191000,302470,7651,1400.0,8842.728543148123,0.7548750145360827,191317.68616696354,17.60175223989156
1728813588,8490,,Aggregated,372.800000,22.900000,1400,2600,3900,5400,15000,66000,84000,129000,187000,189000,191000,302810,7656,1400.0,8853.460697065735,0.7548750145360827,191317.68616696354,17.600033024008454
1728813589,8500,,Aggregated,376.100000,27.600000,1400,2600,3900,5400,15000,66000,84000,129000,187000,189000,191000,303154,7675,1400.0,8871.724098556011,0.7548750145360827,191317.68616696354,17.604989543268438
1728813590,8510,,Aggregated,376.000000,29.700000,1400,2600,3900,5400,15000,66000,84000,129000,187000,189000,191000,303490,7681,1400.0,8882.786149755397,0.7548750145360827,191317.68616696354,17.60381890671851
1728813591,8520,,Aggregated,368.100000,21.300000,1400,2600,3900,5400,15000,66000,84000,129000,187000,189000,191000,303786,7688,1400.0,8886.273800091,0.7548750145360827,191317.68616696354,17.6035268248043
1728813592,8530,,Aggregated,363.200000,19.300000,1400,2600,3900,5400,15000,66000,84000,129000,187000,189000,191000,304106,7707,1400.0,8893.401739483443,0.7548750145360827,191317.68616696354,17.60871867046359
1728813593,8540,,Aggregated,360.500000,19.500000,1400,2600,3900,5400,15000,66000,84000,129000,187000,189000,191000,304466,7722,1400.0,8899.292113905773,0.7548750145360827,191317.68616696354,17.611536263490834
1728813594,8550,,Aggregated,352.700000,20.100000,1400,2600,3900,5400,15000,66000,85000,129000,187000,189000,191000,304862,7796,1400.0,8921.864773876698,0.7548750145360827,191317.68616696354,17.64221188603368
1728813595,8560,,Aggregated,352.600000,19.700000,1400,2600,3900,5400,15000,66000,85000,129000,187000,189000,191000,305196,7813,1400.0,8925.633547750895,0.7548750145360827,191317.68616696354,17.646191300017037
1728813596,8570,,Aggregated,356.200000,25.900000,1400,2600,3900,5400,15000,66000,86000,129000,187000,189000,191000,305593,7873,1400.0,8947.012591075158,0.7548750145360827,191317.68616696354,17.67002516418897
1728813597,8580,,Aggregated,350.500000,25.600000,1400,2600,3900,5400,15000,66000,86000,129000,187000,189000,191000,305950,7877,1400.0,8944.946073696163,0.7548750145360827,191317.68616696354,17.66752737375388
1728813598,8590,,Aggregated,349.700000,26.000000,1400,2700,3900,5400,15000,66000,89000,129000,187000,189000,191000,306299,7896,1400.0,8955.903480465578,0.7548750145360827,191317.68616696354,17.672294065602564
1728813599,8600,,Aggregated,347.100000,24.300000,1400,2700,3900,5400,15000,66000,91000,129000,187000,189000,191000,306733,7984,1400.0,9003.30319314529,0.7548750145360827,191317.68616696354,17.70886732109033
1728813600,8610,,Aggregated,347.400000,23.600000,1400,2700,4000,5400,15000,66000,91000,129000,187000,189000,191000,307147,8070,1400.0,9025.014582483138,0.7548750145360827,191317.68616696354,17.74465972319443
1728813601,8620,,Aggregated,339.800000,27.300000,1400,2700,4000,5400,15000,66000,91000,129000,187000,189000,191000,307510,8091,1400.0,9026.880624502142,0.7548750145360827,191317.68616696354,17.750063412571947
1728813602,8630,,Aggregated,364.200000,38.600000,1400,2700,4000,5400,15000,66000,91000,129000,187000,189000,191000,307842,8093,1400.0,9030.594730540286,0.7548750145360827,191317.68616696354,17.74688314135173
1728813603,8640,,Aggregated,367.600000,39.400000,1400,2700,4000,5400,15000,66000,91000,129000,187000,189000,191000,308157,8123,1400.0,9045.606989858908,0.7548750145360827,191317.68616696354,17.75717897045986
1728813604,8650,,Aggregated,374.100000,39.100000,1400,2700,4000,5400,15000,66000,92000,129000,187000,189000,191000,308547,8204,1400.0,9076.587511729027,0.7548750145360827,191317.68616696354,17.790686670102122
1728813605,8660,,Aggregated,370.900000,41.000000,1400,2700,4000,5400,15000,66000,92000,129000,187000,189000,191000,308916,8207,1400.0,9076.527281629924,0.7548750145360827,191317.68616696354,17.787463258620466
1728813606,8670,,Aggregated,368.700000,40.700000,1400,2700,4000,5400,15000,66000,92000,129000,187000,189000,191000,309280,8208,1400.0,9085.605322336502,0.7548750145360827,191317.68616696354,17.78334842214175
1728813607,8680,,Aggregated,369.600000,39.400000,1400,2700,4000,5400,15000,66000,92000,129000,187000,189000,191000,309582,8208,1400.0,9084.683027310433,0.7548750145360827,191317.68616696354,17.779583438313598
1728813608,8690,,Aggregated,368.800000,36.300000,1400,2700,4000,5400,15000,66000,92000,129000,187000,189000,191000,309973,8251,1400.0,9099.644085960439,0.7548750145360827,191317.68616696354,17.794972465343754
1728813609,8700,,Aggregated,362.500000,33.100000,1400,2700,4000,5400,15000,66000,92000,129000,187000,189000,191000,310371,8316,1400.0,9119.277878972624,0.7548750145360827,191317.68616696354,17.82058568616269
1728813610,8720,,Aggregated,365.500000,36.000000,1400,2700,4000,5400,15000,66000,94000,129000,187000,189000,191000,310733,8358,1400.0,9136.48517254626,0.7548750145360827,191317.68616696354,17.83571748092414
1728813611,8730,,Aggregated,378.500000,36.800000,1400,2700,4100,5400,15000,66000,94000,129000,187000,189000,191000,311005,8367,1400.0,9142.104092910284,0.7548750145360827,191317.68616696354,17.836513882413467
1728813612,8740,,Aggregated,358.000000,28.600000,1400,2700,4100,5400,15000,66000,94000,129000,187000,189000,191000,311510,8368,1400.0,9146.070383545832,0.7548750145360827,191317.68616696354,17.830589708195564
1728813613,8750,,Aggregated,357.300000,29.000000,1400,2700,4100,5400,15000,66000,95000,129000,187000,189000,191000,311944,8469,1400.0,9175.16556535001,0.7548750145360827,191317.68616696354,17.87242582001898
1728813614,8760,,Aggregated,354.300000,27.500000,1400,2700,4100,5400,15000,66000,95000,129000,187000,189000,191000,312293,8499,1400.0,9186.366477196372,0.7548750145360827,191317.68616696354,17.882005040138587
1728813615,8770,,Aggregated,359.000000,25.400000,1400,2700,4100,5400,15000,66000,95000,129000,187000,189000,191000,312625,8503,1400.0,9185.058486673983,0.7548750145360827,191317.68616696354,17.87966413434626
1728813616,8780,,Aggregated,362.500000,28.400000,1400,2700,4100,5400,15000,66000,95000,129000,187000,189000,191000,313002,8530,1400.0,9191.138116082067,0.7548750145360827,191317.68616696354,17.887463977865956
1728813617,8790,,Aggregated,361.700000,29.500000,1400,2700,4100,5400,15000,66000,95000,129000,187000,189000,191000,313371,8547,1400.0,9196.15804651795,0.7548750145360827,191317.68616696354,17.89069824584917
1728813618,8800,,Aggregated,360.500000,30.800000,1400,2700,4100,5400,15000,66000,96000,129000,187000,189000,191000,313772,8603,1400.0,9213.088961832957,0.7548750145360827,191317.68616696354,17.91169702841554
1728813619,8810,,Aggregated,368.200000,33.700000,1400,2700,4100,5500,15000,66000,96000,129000,187000,189000,191000,314115,8620,1400.0,9218.925995173237,0.7548750145360827,191317.68616696354,17.915238049758845
1728813620,8820,,Aggregated,365.900000,30.100000,1400,2700,4100,5500,15000,67000,96000,129000,187000,189000,191000,314474,8648,1400.0,9225.281923156756,0.7548750145360827,191317.68616696354,17.923678905092313
1728813621,8830,,Aggregated,362.900000,28.700000,1400,2700,4100,5500,16000,67000,96000,129000,187000,189000,191000,314894,8722,1400.0,9245.395329454164,0.7548750145360827,191317.68616696354,17.952641206247183
1728813622,8840,,Aggregated,359.300000,26.700000,1400,2700,4100,5500,16000,67000,96000,129000,187000,189000,191000,315266,8750,1400.0,9248.679774234492,0.7548750145360827,191317.68616696354,17.960833074292818
1728813624,8850,,Aggregated,373.600000,38.200000,1400,2700,4100,5500,16000,67000,96000,129000,187000,189000,191000,315599,8767,1400.0,9261.563758102806,0.7548750145360827,191317.68616696354,17.964413702198044
1728813625,8860,,Aggregated,372.200000,38.000000,1400,2700,4200,5500,16000,67000,96000,129000,187000,189000,191000,316162,8796,1400.0,9272.697992506039,0.7548750145360827,191317.68616696354,17.970410738798464
1728813626,8870,,Aggregated,349.900000,28.000000,1400,2700,4200,5600,16000,67000,97000,129000,187000,189000,191000,316614,8915,1400.0,9311.224670017475,0.7548750145360827,191317.68616696354,18.01951271895747
1728813627,8880,,Aggregated,368.600000,29.400000,1400,2700,4200,5600,16000,67000,97000,129000,187000,189000,191000,316961,8927,1400.0,9316.07257405419,0.7548750145360827,191317.68616696354,18.02054826934544
1728813628,8890,,Aggregated,378.500000,39.000000,1400,2700,4200,5600,16000,67000,97000,129000,187000,189000,191000,317294,8928,1400.0,9313.138139672099,0.7548750145360827,191317.68616696354,18.016675386234848
1728813629,8900,,Aggregated,376.800000,38.200000,1400,2700,4200,5600,16000,67000,97000,129000,187000,189000,191000,317638,8928,1400.0,9313.88192115683,0.7548750145360827,191317.68616696354,18.012243497314554
1728813630,8910,,Aggregated,373.600000,37.600000,1400,2700,4200,5600,16000,67000,97000,129000,187000,189000,191000,318063,9005,1400.0,9326.760129580578,0.7548750145360827,191317.68616696354,18.042148882454104
1728813631,8920,,Aggregated,370.200000,32.500000,1400,2700,4200,5700,16000,67000,97000,129000,187000,189000,191000,318441,9036,1400.0,9333.740977920956,0.7548750145360827,191317.68616696354,18.05147892388229
1728813632,8930,,Aggregated,379.100000,38.500000,1400,2700,4200,5700,16000,67000,97000,129000,187000,189000,191000,318767,9045,1400.0,9337.552997345145,0.7548750145360827,191317.68616696354,18.05134471259572
1728813633,8940,,Aggregated,371.500000,32.100000,1400,2700,4200,5700,16000,67000,97000,129000,187000,189000,191000,319135,9058,1400.0,9337.234844900353,0.7548750145360827,191317.68616696354,18.05252009337741
1728813634,8950,,Aggregated,366.500000,29.500000,1400,2700,4200,5700,16000,67000,97000,129000,187000,189000,191000,319538,9102,1400.0,9350.764851276781,0.7548750145360827,191317.68616696354,18.06742860004131
1728813635,8960,,Aggregated,368.600000,30.300000,1400,2700,4200,5700,16000,67000,97000,129000,187000,189000,191000,319903,9109,1400.0,9353.4437084944,0.7548750145360827,191317.68616696354,18.065882470623908
