Timestamp,User Count,Type,Name,Requests/s,Failures/s,50%,66%,75%,80%,90%,95%,98%,99%,99.9%,99.99%,100%,Total Request Count,Total Failure Count,Total Median Response Time,Total Average Response Time,Total Min Response Time,Total Max Response Time,Total Average Content Size
1728811536,0,,Aggregated,0.000000,0.000000,N/A,N/A,N/A,N/A,N/A,N/A,N/A,N/A,N/A,N/A,N/A,0,0,0,0.0,0,0,0
1728811537,10,,Aggregated,0.000000,0.000000,110,110,120,120,180,180,180,180,180,180,180,10,0,110.0,115.53675848990679,99.42070895340294,179.21045806724578,14.0
1728811538,20,,Aggregated,0.000000,0.000000,110,110,110,120,120,120,180,180,180,180,180,21,0,110.0,108.40878584643914,48.145457985810935,179.21045806724578,13.857142857142858
1728811539,30,,Aggregated,10.000000,0.000000,110,110,110,110,120,120,180,180,180,180,180,42,0,100.0,93.6342748519521,48.07612509466708,179.21045806724578,13.928571428571429
1728811540,40,,Aggregated,10.500000,0.000000,100,110,110,110,120,120,170,180,180,180,180,64,0,100.0,89.14202734013088,47.70799994003028,179.21045806724578,13.953125
1728811541,50,,Aggregated,12.000000,0.000000,94,110,110,110,120,120,170,180,180,180,180,100,0,65,81.7726624943316,46.16379190701991,179.21045806724578,13.95
1728811542,60,,Aggregated,14.750000,0.000000,55,100,110,110,110,120,160,170,180,180,180,130,0,55,78.83471441902937,46.16379190701991,179.21045806724578,13.907692307692308
1728811543,70,,Aggregated,17.600000,0.000000,54,100,110,110,110,120,160,170,180,180,180,167,0,54,76.81461925824692,46.16379190701991,179.21045806724578,13.892215568862275
1728811544,80,,Aggregated,20.500000,0.000000,53,100,100,110,110,120,120,160,180,180,180,216,0,53,73.35292862478161,46.16379190701991,179.21045806724578,13.88888888888889
1728811545,90,,Aggregated,22.857143,0.000000,53,99,100,110,110,120,160,180,200,200,200,254,0,53,73.29685367803332,46.16379190701991,196.3671250268817,13.89763779527559
1728811546,100,,Aggregated,24.625000,0.000000,53,72,100,110,110,120,160,190,200,200,200,312,0,52,72.004108185259,45.39208300411701,196.3671250268817,13.884615384615385
1728811547,110,,Aggregated,26.666667,0.000000,52,61,100,100,110,120,160,190,200,200,200,371,0,52,71.25624977278139,45.39208300411701,196.3671250268817,13.88679245283019
1728811548,120,,Aggregated,29.500000,0.000000,52,57,100,100,110,120,160,190,200,200,200,430,0,52,70.16036133660913,45.39208300411701,196.3671250268817,13.888372093023255
1728811549,130,,Aggregated,33.700000,0.000000,52,57,99,100,110,120,160,190,200,200,200,500,0,52,69.35663092555478,45.39208300411701,196.3671250268817,13.894
1728811550,140,,Aggregated,38.200000,0.000000,52,57,98,100,110,130,160,190,200,200,200,574,0,52,69.2452917393469,45.39208300411701,196.3671250268817,13.895470383275262
1728811551,150,,Aggregated,43.900000,0.000000,52,56,95,100,110,120,160,180,200,200,200,648,0,52,68.41321308726307,45.39208300411701,196.3671250268817,13.901234567901234
1728811552,160,,Aggregated,48.400000,0.000000,52,57,87,100,110,150,180,190,200,200,200,733,0,52,69.00695412569662,45.39208300411701,196.3671250268817,13.907230559345157
1728811553,170,,Aggregated,52.900000,0.000000,52,56,81,100,110,140,170,190,200,200,200,813,0,52,68.32086450038283,45.39208300411701,196.3671250268817,13.906519065190652
1728811554,180,,Aggregated,57.000000,0.000000,52,59,90,100,110,150,170,190,200,200,200,912,0,52,70.0659644692981,45.39208300411701,196.3671250268817,13.903508771929825
1728811555,190,,Aggregated,62.000000,0.000000,52,59,85,100,110,140,170,190,200,200,200,999,0,52,69.27787538003027,45.39208300411701,196.3671250268817,13.903903903903904
1728811556,200,,Aggregated,67.200000,0.000000,53,69,100,110,140,160,180,190,230,240,240,1096,0,53,75.03930140727702,45.39208300411701,241.436833050102,13.905109489051094
1728811557,210,,Aggregated,72.000000,0.000000,55,96,110,120,170,200,240,270,340,340,340,1190,0,55,85.59859111345521,45.39208300411701,339.64091702364385,13.90420168067227
1728811558,220,,Aggregated,75.900000,0.000000,57,100,120,150,210,240,280,300,340,340,340,1303,0,57,97.93572515724206,45.39208300411701,339.64091702364385,13.907137375287798
1728811559,230,,Aggregated,80.100000,0.000000,65,110,150,170,220,260,290,310,340,340,340,1400,0,64,106.34400580860009,45.39208300411701,339.64091702364385,13.900714285714285
1728811560,240,,Aggregated,85.000000,0.000000,80,130,180,200,250,300,330,340,370,370,370,1508,0,80,119.04583665561141,45.39208300411701,374.1488750092685,13.899867374005305
1728811561,250,,Aggregated,88.200000,0.000000,99,160,200,220,280,320,340,360,380,390,390,1610,0,99,129.11600049878672,45.39208300411701,392.83841708675027,13.898757763975155
1728811562,260,,Aggregated,92.100000,0.000000,100,170,220,230,310,400,620,710,730,730,730,1696,0,100.0,151.89538881442684,45.39208300411701,732.6252090279013,13.897995283018869
1728811563,270,,Aggregated,95.300000,0.000000,110,200,230,270,460,730,780,810,920,970,970,1803,0,110.0,188.90954777484743,45.39208300411701,966.2471250630915,13.901830282861896
1728811564,280,,Aggregated,96.100000,0.000000,120,210,270,320,680,750,790,810,920,970,970,1915,0,120.0,218.8518484178979,45.39208300411701,966.2471250630915,13.900783289817232
1728811565,290,,Aggregated,96.800000,0.000000,140,230,310,400,680,750,780,810,920,970,970,2016,0,140.0,239.55960483253298,45.39208300411701,966.2471250630915,13.902281746031745
1728811566,300,,Aggregated,99.100000,0.000000,150,250,340,610,700,750,800,830,920,970,970,2114,0,150.0,261.2825717895191,45.39208300411701,966.2471250630915,13.898297067171239
1728811567,310,,Aggregated,101.200000,0.000000,170,280,580,650,750,860,930,950,970,980,980,2212,0,170.0,290.79737297526,45.39208300411701,981.100165983662,13.89873417721519
1728811568,320,,Aggregated,101.900000,0.000000,180,310,630,680,810,950,1100,1100,1200,1200,1200,2308,0,180.0,323.1026633176347,45.39208300411701,1215.8349170349538,13.898613518197573
1728811569,330,,Aggregated,101.900000,0.000000,200,360,670,720,940,1100,1200,1300,1300,1300,1300,2422,0,200.0,364.70609352535365,45.39208300411701,1342.9543329402804,13.90132122213047
1728811570,340,,Aggregated,102.000000,0.000000,210,590,700,760,1100,1100,1200,1300,1300,1300,1300,2530,0,210.0,395.9786644324627,45.39208300411701,1342.9543329402804,13.900790513833993
1728811571,350,,Aggregated,101.500000,0.000000,230,640,730,860,1100,1200,1200,1300,1300,1300,1300,2631,0,230.0,424.9871228045031,45.39208300411701,1342.9543329402804,13.902318510072217
1728811572,360,,Aggregated,101.800000,0.000000,240,660,780,960,1100,1200,1200,1300,1300,1300,1300,2744,0,240.0,456.8011615567558,45.39208300411701,1342.9543329402804,13.901967930029155
1728811573,370,,Aggregated,101.400000,0.000000,270,700,920,1100,1200,1200,1200,1300,2500,2500,2500,2861,0,270.0,487.96854660807554,45.39208300411701,2482.7200829749927,13.902481649772806
1728811574,380,,Aggregated,103.600000,0.000000,290,720,1000,1100,1200,1200,1300,1300,2500,2500,2500,2958,0,290.0,518.1598732858125,45.39208300411701,2482.7200829749927,13.902974983096687
1728811575,390,,Aggregated,105.100000,0.000000,320,760,1100,1100,1200,1300,1300,2300,3300,3400,3400,3074,0,320.0,552.5941020829489,45.39208300411701,3379.583250032738,13.902407286922577
1728811576,400,,Aggregated,105.100000,0.000000,360,860,1100,1100,1200,1300,1300,2300,3300,3400,3400,3184,0,360.0,580.2927028804087,45.39208300411701,3379.583250032738,13.902638190954773
1728811577,410,,Aggregated,104.200000,0.000000,530,930,1100,1100,1200,1300,2300,2400,3400,3400,3400,3281,0,530.0,613.6242128981797,45.39208300411701,3411.901041981764,13.903992685156965
1728811578,420,,Aggregated,105.900000,0.000000,610,1000,1100,1200,1200,1300,2300,2500,3400,4300,4300,3392,0,610.0,647.402359859113,45.39208300411701,4293.299167067744,13.904481132075471
1728811579,430,,Aggregated,106.100000,0.000000,640,1100,1100,1200,1300,1400,2400,3200,4100,4300,4300,3503,0,640.0,685.9481554652083,45.39208300411701,4293.299167067744,13.904367684841564
1728811580,440,,Aggregated,106.300000,0.000000,660,1100,1200,1200,1300,2200,2500,3300,4100,4300,4300,3620,0,660.0,724.6633741512601,45.39208300411701,4293.299167067744,13.903867403314917
1728811581,450,,Aggregated,107.200000,0.000000,690,1100,1200,1200,1300,2300,2700,3400,4100,4300,4300,3735,0,690.0,759.6308038079702,45.39208300411701,4293.299167067744,13.904953145917002
1728811582,460,,Aggregated,107.600000,0.000000,720,1100,1200,1200,1300,2300,3200,3400,4100,4300,4300,3870,0,720.0,791.9359658976225,45.39208300411701,4293.299167067744,13.905426356589148
1728811583,470,,Aggregated,109.500000,0.000000,750,1100,1200,1200,1300,2300,3200,3400,4100,4300,4300,3980,0,750.0,813.9485271644355,45.39208300411701,4293.299167067744,13.906030150753768
1728811584,480,,Aggregated,110.600000,0.000000,780,1100,1200,1200,2100,2400,3200,3400,4300,4500,4500,4096,0,780.0,845.1799551970964,45.39208300411701,4544.759582960978,13.905029296875
1728811585,490,,Aggregated,111.600000,0.000000,860,1100,1200,1200,2200,2400,3200,3400,4300,4500,4500,4206,0,860.0,869.0173508853156,45.39208300411701,4544.759582960978,13.905848787446505
1728811586,500,,Aggregated,111.800000,0.000000,920,1100,1200,1200,2200,2400,3300,3600,5300,6200,6200,4317,0,920.0,905.9662267261866,45.39208300411701,6216.013957979158,13.905721565902248
1728811587,510,,Aggregated,113.400000,0.000000,980,1200,1200,1200,2200,2500,3400,3900,7300,8600,8600,4425,0,980.0,941.2848765774246,45.39208300411701,8568.47325002309,13.906666666666666
1728811588,520,,Aggregated,112.100000,0.000000,1000,1200,1200,1300,2300,2700,3500,4300,9800,9800,9800,4534,0,1000.0,983.4221349016703,45.39208300411701,9817.442583967932,13.906925452139392
1728811589,530,,Aggregated,113.000000,0.000000,1100,1200,1200,1300,2300,3200,3700,4300,9800,9800,9800,4638,0,1100.0,1020.867691080788,45.39208300411701,9817.442583967932,13.907287623975852
1728811590,540,,Aggregated,112.800000,0.000000,1100,1200,1200,1300,2300,3200,3900,4300,9800,9800,9800,4740,0,1100.0,1045.1853331452764,45.39208300411701,9817.442583967932,13.907172995780591
1728811591,550,,Aggregated,113.300000,0.000000,1100,1200,1200,1300,2400,3300,4100,4600,9800,9800,9800,4860,0,1100.0,1087.5516509281044,45.39208300411701,9817.442583967932,13.905555555555555
1728811592,560,,Aggregated,112.100000,0.000000,1100,1200,1200,1300,2400,3300,4200,4700,9800,9800,9800,4972,0,1100.0,1112.8209146477784,45.39208300411701,9817.442583967932,13.904465004022526
1728811593,570,,Aggregated,110.800000,0.000000,1100,1200,1300,1300,2500,3400,4300,5200,8600,9800,9800,5087,0,1100.0,1150.2470666245054,45.39208300411701,9817.442583967932,13.904265775506193
1728811594,580,,Aggregated,111.000000,0.000000,1100,1200,1300,2000,2600,3400,4300,5300,8800,9800,9800,5203,0,1100.0,1181.6080407955799,45.39208300411701,9817.442583967932,13.904478185662118
1728811595,590,,Aggregated,110.500000,0.000000,1100,1200,1300,2100,2700,3500,4400,5500,8800,9800,9800,5308,0,1100.0,1209.3334965552249,45.39208300411701,9817.442583967932,13.904672192916353
1728811596,600,,Aggregated,110.600000,0.000000,1100,1200,1300,2200,2700,3600,4400,5600,9800,12000,12000,5413,0,1100.0,1239.6462820057407,45.39208300411701,11904.97987496201,13.904673933123961
1728811597,610,,Aggregated,109.700000,0.000000,1100,1200,1300,2200,3100,3600,4500,5800,9800,12000,12000,5508,0,1100.0,1264.9813225069825,45.39208300411701,11904.97987496201,13.905047204066811
1728811598,620,,Aggregated,110.300000,0.000000,1100,1200,1300,2200,3200,3700,4700,5900,11000,12000,12000,5616,0,1100.0,1295.3137174743542,45.39208300411701,11977.132792002521,13.905982905982906
1728811599,630,,Aggregated,109.300000,0.000000,1100,1200,1300,2300,3200,3800,4900,6200,12000,14000,14000,5728,0,1100.0,1332.262859958135,45.39208300411701,13827.293792041019,13.90572625698324
1728811600,640,,Aggregated,108.500000,0.000000,1100,1200,1400,2300,3300,3900,5100,6200,14000,16000,16000,5840,0,1100.0,1363.932806022895,45.39208300411701,15570.992583059706,13.905479452054795
1728811601,650,,Aggregated,108.000000,0.000000,1100,1200,2100,2300,3300,4000,5200,6300,14000,16000,16000,5953,0,1100.0,1393.6735236793243,45.39208300411701,15570.992583059706,13.905089870653452
1728811602,660,,Aggregated,109.600000,0.000000,1100,1200,2200,2300,3300,4100,5400,6400,14000,16000,16000,6062,0,1100.0,1422.228332715598,45.39208300411701,15570.992583059706,13.90498185417354
1728811603,670,,Aggregated,109.900000,0.000000,1100,1200,2200,2300,3300,4200,5600,6900,14000,16000,16000,6181,0,1100.0,1459.179651991827,45.39208300411701,15570.992583059706,13.904222617699402
1728811604,680,,Aggregated,108.700000,0.000000,1200,1200,2200,2300,3400,4300,6000,8300,16000,16000,16000,6296,0,1200.0,1505.7236187204694,45.39208300411701,16456.75937505439,13.903748411689962
1728811605,690,,Aggregated,108.700000,0.000000,1200,1300,2200,2300,3400,4300,6200,8800,16000,16000,16000,6402,0,1200.0,1537.2130625983973,45.39208300411701,16456.75937505439,13.904404873477038
1728811606,700,,Aggregated,108.800000,0.000000,1200,1300,2200,2400,3500,4400,6300,8900,16000,17000,17000,6501,0,1200.0,1579.6778447298914,45.39208300411701,17461.448916932568,13.90386094447008
1728811607,710,,Aggregated,109.400000,0.000000,1200,1300,2300,2400,3500,4500,6400,8900,16000,17000,17000,6602,0,1200.0,1607.873926392699,45.39208300411701,17461.448916932568,13.903665555892154
1728811608,720,,Aggregated,108.000000,0.000000,1200,1300,2300,2400,3600,4600,6500,9800,16000,17000,17000,6704,0,1200.0,1634.9497487264466,45.39208300411701,17461.448916932568,13.903788782816228
1728811609,730,,Aggregated,108.500000,0.000000,1200,1300,2300,2500,3600,4700,6600,9800,16000,17000,17000,6812,0,1200.0,1665.3496926642126,45.39208300411701,17461.448916932568,13.904580152671755
1728811610,740,,Aggregated,108.400000,0.000000,1200,1300,2300,2500,3700,4900,7300,9900,16000,17000,17000,6909,0,1200.0,1701.8891056495252,45.39208300411701,17461.448916932568,13.904327688522217
1728811611,750,,Aggregated,107.900000,0.000000,1200,1300,2300,2600,3800,5000,7600,9900,16000,17000,17000,7014,0,1200.0,1731.2823861116358,45.39208300411701,17461.448916932568,13.905047048759624
1728811612,760,,Aggregated,106.700000,0.000000,1200,1400,2300,2600,3900,5200,8500,10000,16000,17000,17000,7116,0,1200.0,1762.209263084262,45.39208300411701,17461.448916932568,13.904300168634064
1728811613,770,,Aggregated,105.300000,0.000000,1200,1400,2300,2700,4000,5300,8500,10000,16000,17000,17000,7220,0,1200.0,1787.087616669837,45.39208300411701,17461.448916932568,13.904709141274239
1728811614,780,,Aggregated,105.400000,0.000000,1200,1400,2400,2700,4000,5300,8800,10000,16000,17000,17000,7335,0,1200.0,1812.6763972642834,45.39208300411701,17461.448916932568,13.904703476482618
1728811615,790,,Aggregated,103.800000,0.000000,1200,1400,2400,2900,4100,5500,8900,11000,16000,17000,17000,7443,0,1200.0,1850.5089881451884,45.39208300411701,17461.448916932568,13.905414483407228
1728811616,800,,Aggregated,103.100000,0.000000,1200,1500,2400,3000,4100,5500,8900,11000,17000,17000,17000,7533,0,1200.0,1879.5679584235531,45.39208300411701,17461.448916932568,13.904553298818533
1728811617,810,,Aggregated,103.200000,0.000000,1200,1500,2400,3100,4200,5600,9000,11000,17000,17000,17000,7626,0,1200.0,1900.7639249951728,45.39208300411701,17461.448916932568,13.904537109887228
1728811618,820,,Aggregated,103.800000,0.000000,1200,2100,2400,3100,4200,5600,9200,11000,17000,17000,17000,7735,0,1200.0,1921.1701772790582,45.39208300411701,17461.448916932568,13.905106658047835
1728811619,830,,Aggregated,102.300000,0.000000,1200,2100,2400,3200,4200,5700,9300,11000,17000,17000,17000,7840,0,1200.0,1942.9917104752121,45.39208300411701,17461.448916932568,13.905229591836735
1728811620,840,,Aggregated,102.500000,0.000000,1200,2200,2500,3200,4300,6100,9800,12000,21000,32000,32000,7923,0,1200.0,1997.9909417999086,45.39208300411701,32073.98758409545,13.90496024233245
1728811621,850,,Aggregated,103.100000,0.000000,1200,2200,2500,3200,4300,6200,9900,12000,20000,32000,32000,8009,0,1200.0,2026.2386563093767,45.39208300411701,32073.98758409545,13.905731052565864
1728811622,860,,Aggregated,102.900000,0.000000,1200,2200,2500,3200,4300,6200,9900,12000,20000,32000,32000,8090,0,1200.0,2048.7588585141198,45.39208300411701,32073.98758409545,13.90556242274413
1728811623,870,,Aggregated,101.100000,0.000000,1200,2200,2500,3300,4400,6300,9900,12000,20000,32000,32000,8178,0,1200.0,2073.2551930838963,45.39208300411701,32073.98758409545,13.905722670579603
1728811624,880,,Aggregated,98.400000,0.000000,1200,2200,2600,3300,4400,6300,10000,12000,20000,32000,32000,8265,0,1200.0,2095.224381286019,45.39208300411701,32073.98758409545,13.90562613430127
1728811625,890,,Aggregated,97.100000,0.000000,1200,2200,2600,3300,4500,6400,10000,14000,21000,32000,32000,8357,0,1200.0,2139.7662389559864,45.39208300411701,32372.504249913618,13.905947110207013
1728811626,900,,Aggregated,94.900000,0.000000,1200,2200,2700,3300,4500,6500,11000,14000,21000,32000,32000,8453,0,1200.0,2181.5167185015503,45.39208300411701,32372.504249913618,13.906896959659292
1728811627,910,,Aggregated,91.500000,0.000000,1200,2200,2700,3300,4600,6600,11000,14000,21000,32000,32000,8546,0,1200.0,2199.325345906927,45.39208300411701,32372.504249913618,13.90627194008893
1728811628,920,,Aggregated,91.200000,0.000000,1200,2300,2700,3400,4600,6700,11000,14000,21000,32000,32000,8640,0,1200.0,2217.218011631272,45.39208300411701,32372.504249913618,13.906597222222222
1728811629,930,,Aggregated,92.300000,0.000000,1300,2300,2800,3400,4700,7000,11000,15000,21000,32000,32000,8741,0,1300.0,2240.483711984498,45.39208300411701,32372.504249913618,13.905960416428327
1728811630,940,,Aggregated,91.700000,0.000000,1300,2300,2800,3400,4700,7100,11000,15000,21000,32000,32000,8841,0,1300.0,2248.101107547935,45.39208300411701,32372.504249913618,13.90623232665988
1728811631,950,,Aggregated,90.100000,0.000000,1300,2300,2900,3400,4800,7500,11000,15000,21000,32000,32000,8936,0,1300.0,2275.249288911062,45.39208300411701,32372.504249913618,13.906445837063563
1728811632,960,,Aggregated,89.800000,0.000000,1300,2300,2900,3400,4800,7500,11000,15000,23000,37000,37000,9033,0,1300.0,2297.0610819313956,45.39208300411701,36753.6879159743,13.906011291929591
1728811633,970,,Aggregated,91.800000,0.000000,1300,2300,3100,3400,4900,7800,11000,15000,26000,37000,37000,9140,0,1300.0,2332.657977534871,45.39208300411701,36753.6879159743,13.906236323851203
1728811634,980,,Aggregated,93.400000,0.000000,1300,2300,3100,3400,5000,8100,11000,15000,26000,37000,37000,9236,0,1300.0,2348.759683309723,45.39208300411701,36753.6879159743,13.90634473798181
1728811635,990,,Aggregated,94.400000,0.000000,1300,2300,3200,3500,5100,8400,11000,15000,29000,37000,37000,9335,0,1300.0,2378.501606923426,45.39208300411701,36753.6879159743,13.906266738082484
1728811636,1000,,Aggregated,96.000000,0.000000,1300,2300,3200,3500,5200,8500,12000,16000,29000,37000,37000,9421,0,1300.0,2394.047606716716,45.39208300411701,36753.6879159743,13.90648551109224
1728811637,1010,,Aggregated,97.500000,0.000000,1300,2300,3200,3500,5200,8800,12000,16000,32000,37000,37000,9509,0,1300.0,2417.9897704411605,45.39208300411701,36753.6879159743,13.906509622462929
1728811638,1020,,Aggregated,96.800000,0.000000,1300,2300,3200,3500,5200,8800,12000,16000,32000,37000,37000,9595,0,1300.0,2432.5618974248396,45.39208300411701,36753.6879159743,13.906513809275664
1728811639,1030,,Aggregated,95.900000,0.000000,1300,2300,3200,3500,5300,8800,12000,16000,32000,41000,41000,9684,1,1300.0,2454.4683822106663,45.39208300411701,40987.628582981415,13.921829822387442
1728811640,1040,,Aggregated,95.600000,0.000000,1300,2300,3200,3500,5300,8800,12000,16000,32000,41000,41000,9766,1,1300.0,2474.0475269467042,45.39208300411701,40987.628582981415,13.922076592258858
1728811641,1050,,Aggregated,95.000000,0.000000,1300,2300,3200,3500,5400,8900,12000,16000,32000,43000,43000,9867,1,1300.0,2506.9537250172148,45.39208300411701,43009.70900000539,13.92175940002027
1728811642,1060,,Aggregated,93.100000,0.100000,1300,2400,3300,3600,5400,8900,12000,16000,32000,43000,43000,9960,1,1300.0,2523.2544435693817,45.39208300411701,43009.70900000539,13.921285140562249
1728811643,1070,,Aggregated,92.100000,0.100000,1300,2400,3300,3600,5400,8900,12000,16000,32000,41000,43000,10060,1,1300.0,2531.7901391227247,45.39208300411701,43009.70900000539,13.921371769383699
1728811644,1080,,Aggregated,92.200000,0.100000,1400,2400,3300,3600,5400,8900,12000,16000,32000,41000,43000,10161,1,1400.0,2541.4779270405097,45.39208300411701,43009.70900000539,13.921267591772464
1728811645,1090,,Aggregated,92.200000,0.100000,1400,2400,3300,3600,5500,8900,12000,16000,32000,41000,43000,10257,1,1400.0,2559.4882241601204,45.39208300411701,43009.70900000539,13.921127035195477
1728811646,1100,,Aggregated,91.900000,0.100000,1400,2400,3300,3600,5500,8900,12000,16000,32000,41000,43000,10343,1,1400.0,2574.7289622776316,45.39208300411701,43009.70900000539,13.92081601082858
1728811647,1110,,Aggregated,91.800000,0.100000,1400,2400,3300,3600,5500,8900,12000,16000,36000,41000,43000,10435,1,1400.0,2601.044901086863,45.39208300411701,43009.70900000539,13.92065165309056
1728811648,1120,,Aggregated,92.200000,0.100000,1400,2400,3300,3600,5500,8900,13000,16000,36000,41000,43000,10524,1,1400.0,2607.917645228535,45.39208300411701,43009.70900000539,13.920657544659825
1728811649,1130,,Aggregated,92.200000,0.100000,1400,2400,3300,3600,5600,8900,13000,17000,37000,41000,43000,10625,1,1400.0,2625.8130037146316,45.39208300411701,43009.70900000539,13.919811764705882
1728811650,1140,,Aggregated,92.200000,0.100000,1400,2400,3300,3600,5600,8900,13000,17000,37000,43000,44000,10713,1,1400.0,2639.25639016931,45.39208300411701,43860.402167076245,13.919723700177355
1728811651,1150,,Aggregated,92.600000,0.100000,1400,2400,3300,3700,5600,8900,14000,17000,37000,43000,44000,10804,1,1400.0,2655.461568868423,45.39208300411701,43860.402167076245,13.919474268789337
1728811652,1160,,Aggregated,94.300000,0.000000,1400,2400,3300,3700,5600,9000,14000,17000,37000,43000,44000,10895,1,1400.0,2663.6101575616913,45.39208300411701,43860.402167076245,13.919229004130335
1728811653,1170,,Aggregated,94.200000,0.000000,1400,2500,3300,3700,5600,9000,14000,17000,37000,43000,44000,10985,1,1400.0,2668.302173392761,45.39208300411701,43860.402167076245,13.91934456076468
1728811654,1180,,Aggregated,93.400000,0.000000,1400,2500,3300,3700,5600,9000,14000,17000,38000,48000,48000,11072,1,1400.0,2701.037709519832,45.39208300411701,48227.065832936205,13.919075144508671
1728811655,1190,,Aggregated,93.200000,0.000000,1400,2500,3300,3700,5700,9100,15000,17000,38000,48000,48000,11169,1,1400.0,2726.3629160261644,45.39208300411701,48227.065832936205,13.918972155072074
1728811656,1200,,Aggregated,92.000000,0.000000,1400,2500,3400,3700,5700,9100,15000,17000,38000,48000,48000,11256,1,1400.0,2735.697550600511,45.39208300411701,48227.065832936205,13.918887704335466
1728811657,1210,,Aggregated,91.200000,0.000000,1400,2500,3400,3700,5700,9100,15000,18000,41000,68000,68000,11350,1,1400.0,2778.587467090068,45.39208300411701,67958.62266595941,13.919030837004405
1728811658,1220,,Aggregated,91.100000,0.000000,1400,2500,3400,3700,5700,9200,15000,18000,41000,68000,68000,11447,1,1400.0,2791.8780737208726,45.39208300411701,67958.62266595941,13.919018083340614
1728811659,1230,,Aggregated,90.800000,0.000000,1400,2500,3400,3800,5800,9200,15000,18000,41000,68000,68000,11545,2,1400.0,2799.181477123111,45.39208300411701,67958.62266595941,13.930619315721092
1728811660,1240,,Aggregated,91.100000,0.000000,1400,2500,3400,3800,5800,9200,15000,18000,48000,68000,68000,11647,2,1400.0,2829.8606130124,45.39208300411701,67958.62266595941,13.930625912252083
1728811661,1250,,Aggregated,91.500000,0.000000,1400,2500,3400,3800,5900,9300,15000,18000,48000,68000,68000,11743,2,1400.0,2851.237126792355,45.39208300411701,67958.62266595941,13.930852422719918
1728811662,1260,,Aggregated,91.400000,0.100000,1400,2500,3400,3800,5900,9300,15000,19000,48000,68000,68000,11851,4,1400.0,2860.420118615835,45.39208300411701,67958.62266595941,13.955109273479032
1728811663,1270,,Aggregated,92.800000,0.100000,1400,2500,3400,3900,5900,9400,15000,19000,48000,68000,68000,11959,4,1400.0,2884.979594344012,45.39208300411701,67958.62266595941,13.954594865791455
1728811664,1280,,Aggregated,93.200000,0.100000,1400,2500,3400,3900,6000,9800,16000,19000,48000,73000,73000,12067,4,1400.0,2917.3355965864152,45.39208300411701,73446.93504099268,13.954006795392392
1728811665,1290,,Aggregated,94.700000,0.300000,1400,2500,3400,3900,6000,9800,16000,19000,48000,73000,73000,12172,4,1400.0,2931.2615049575265,45.39208300411701,73446.93504099268,13.953499835688465
1728811666,1300,,Aggregated,96.600000,0.300000,1400,2500,3400,3900,6100,9900,16000,20000,48000,73000,73000,12265,4,1400.0,2948.5785847847023,45.39208300411701,73446.93504099268,13.953200163065635
1728811667,1310,,Aggregated,98.800000,0.300000,1400,2600,3400,3900,6100,9900,16000,20000,59000,73000,73000,12356,4,1400.0,2989.8494470878477,45.39208300411701,73446.93504099268,13.953140174813855
1728811668,1320,,Aggregated,99.600000,0.300000,1500,2600,3400,3900,6100,9900,16000,21000,64000,73000,73000,12440,4,1500.0,3008.2476389580966,45.39208300411701,73446.93504099268,13.95265273311897
1728811669,1330,,Aggregated,100.400000,0.300000,1500,2600,3500,3900,6200,9900,16000,22000,65000,73000,73000,12540,6,1500.0,3043.77055690604,45.39208300411701,73446.93504099268,13.975438596491228
1728811670,1340,,Aggregated,100.000000,0.300000,1500,2600,3500,3900,6100,9900,16000,22000,65000,73000,73000,12652,6,1500.0,3056.1959988323056,45.39208300411701,73446.93504099268,13.975102750553273
1728811671,1350,,Aggregated,99.100000,0.300000,1500,2600,3500,4000,6200,10000,16000,29000,66000,73000,73000,12753,6,1500.0,3110.7023907100674,45.39208300411701,73446.93504099268,13.974358974358974
1728811672,1360,,Aggregated,99.300000,0.400000,1500,2600,3500,4000,6200,10000,16000,29000,67000,73000,73000,12850,6,1500.0,3150.60820974486,45.39208300411701,73446.93504099268,13.973540856031128
1728811673,1370,,Aggregated,100.300000,0.400000,1500,2600,3500,4000,6200,10000,16000,30000,68000,73000,73000,12948,6,1500.0,3169.686187452655,45.39208300411701,73446.93504099268,13.972968798270003
1728811674,1380,,Aggregated,100.900000,0.400000,1500,2600,3500,4000,6300,10000,17000,31000,68000,73000,73000,13065,6,1500.0,3230.737974723251,45.39208300411701,73446.93504099268,13.97236892460773
1728811675,1390,,Aggregated,99.800000,0.200000,1500,2700,3500,4100,6300,10000,17000,32000,68000,73000,73000,13181,6,1500.0,3276.5747987547606,45.39208300411701,73446.93504099268,13.971929292162962
1728811676,1400,,Aggregated,99.100000,0.200000,1500,2700,3500,4100,6300,10000,17000,32000,68000,73000,73000,13281,6,1500.0,3312.7029289538045,45.39208300411701,73446.93504099268,13.97191476545441
1728811677,1410,,Aggregated,99.700000,0.200000,1500,2700,3500,4100,6400,10000,17000,32000,68000,76000,76000,13393,8,1500.0,3372.5382151424315,45.39208300411701,76437.29187501594,13.992085417755543
1728811678,1420,,Aggregated,101.100000,0.200000,1500,2700,3500,4100,6400,10000,17000,32000,68000,76000,76000,13493,8,1500.0,3380.0192173894648,45.39208300411701,76437.29187501594,13.99147706218039
1728811679,1430,,Aggregated,101.300000,0.200000,1500,2700,3500,4100,6400,10000,18000,36000,68000,76000,76000,13597,8,1500.0,3465.1523209310317,45.39208300411701,76437.29187501594,13.990659704346546
1728811680,1440,,Aggregated,103.700000,0.400000,1500,2700,3600,4100,6400,10000,19000,39000,69000,76000,76000,13689,8,1500.0,3544.3447956655723,45.39208300411701,76437.29187501594,13.990211118416246
1728811681,1450,,Aggregated,105.100000,0.400000,1500,2700,3600,4200,6500,11000,19000,39000,70000,76000,76000,13762,8,1500.0,3587.144146783471,45.39208300411701,76437.29187501594,13.989754396163349
1728811682,1460,,Aggregated,105.300000,0.200000,1500,2700,3600,4200,6500,11000,19000,39000,70000,76000,76000,13849,8,1500.0,3592.623808896307,45.39208300411701,76437.29187501594,13.989457722579248
1728811683,1470,,Aggregated,102.900000,0.200000,1500,2700,3600,4200,6500,11000,19000,40000,71000,76000,78000,13952,8,1500.0,3609.3170366785134,45.39208300411701,78184.83849999029,13.989033830275229
1728811684,1480,,Aggregated,100.000000,0.200000,1500,2800,3600,4200,6500,11000,20000,41000,70000,76000,78000,14047,8,1500.0,3630.1934750293954,45.39208300411701,78184.83849999029,13.988396098811133
1728811685,1490,,Aggregated,99.000000,0.200000,1500,2800,3600,4200,6600,11000,20000,48000,71000,78000,79000,14146,8,1500.0,3672.5744112106113,45.39208300411701,79177.28925007395,13.988265233988407
1728811686,1500,,Aggregated,99.300000,0.200000,1500,2800,3600,4200,6600,11000,20000,48000,71000,78000,79000,14240,8,1500.0,3678.498953340247,45.39208300411701,79177.28925007395,13.98806179775281
1728811687,1510,,Aggregated,97.100000,0.200000,1500,2800,3600,4200,6600,11000,22000,57000,73000,82000,82000,14332,8,1500.0,3754.3340551460437,45.39208300411701,81592.75824995711,13.987580240022327
1728811688,1520,,Aggregated,95.200000,0.200000,1500,2800,3600,4300,6800,11000,25000,58000,73000,82000,82000,14433,8,1500.0,3806.271571700112,45.39208300411701,81592.75824995711,13.986905009353565
1728811689,1530,,Aggregated,95.200000,0.200000,1500,2900,3600,4300,6900,11000,29000,59000,73000,82000,82000,14516,11,1500.0,3845.284050953209,45.39208300411701,81592.75824995711,14.014466795260402
1728811690,1540,,Aggregated,93.100000,0.000000,1500,2900,3700,4300,7200,11000,30000,63000,73000,82000,82000,14626,11,1500.0,3911.9225803483505,45.39208300411701,81592.75824995711,14.013811021468618
1728811692,1550,,Aggregated,93.200000,0.000000,1500,2900,3700,4300,7100,11000,30000,63000,73000,82000,82000,14733,11,1500.0,3919.242500713208,45.39208300411701,81592.75824995711,14.01337134324306
1728811693,1560,,Aggregated,91.300000,0.300000,1500,3000,3700,4300,7300,11000,30000,64000,74000,87000,87000,14828,11,1500.0,3971.5632525688,45.39208300411701,86889.72212502267,14.012543835985973
1728811694,1570,,Aggregated,93.500000,0.300000,1500,3000,3700,4300,7400,11000,31000,64000,74000,87000,87000,14941,11,1500.0,4004.4855585332675,45.39208300411701,86889.72212502267,14.011645806840239
1728811695,1580,,Aggregated,97.100000,0.300000,1500,3100,3700,4300,7500,11000,32000,64000,74000,87000,87000,15061,13,1500.0,4048.573929536676,45.39208300411701,86889.72212502267,14.030077684084722
1728811696,1590,,Aggregated,97.900000,0.300000,1500,3100,3700,4300,7500,11000,31000,64000,74000,87000,87000,15164,13,1500.0,4048.1505323770716,45.39208300411701,86889.72212502267,14.02974149300976
1728811697,1600,,Aggregated,101.400000,0.500000,1500,3100,3700,4300,7500,11000,31000,64000,74000,87000,87000,15253,13,1500.0,4046.604877582318,45.39208300411701,86889.72212502267,14.029240149478792
1728811698,1610,,Aggregated,101.800000,0.500000,1500,3100,3800,4300,7500,11000,32000,64000,76000,87000,87000,15354,13,1500.0,4072.132936011397,45.39208300411701,86889.72212502267,14.028982675524293
1728811699,1620,,Aggregated,101.200000,0.500000,1500,3100,3800,4400,7500,11000,32000,64000,76000,87000,87000,15452,13,1500.0,4086.414732514397,45.39208300411701,86889.72212502267,14.028281128656484
1728811700,1630,,Aggregated,102.100000,0.500000,1600,3100,3800,4400,7600,11000,32000,65000,76000,87000,87000,15537,13,1600.0,4125.205792003314,45.39208300411701,86889.72212502267,14.027482783034047
1728811701,1640,,Aggregated,101.700000,0.500000,1600,3200,3800,4400,7600,11000,32000,65000,76000,87000,87000,15627,13,1600.0,4128.539309031416,45.39208300411701,86889.72212502267,14.026940551609394
1728811702,1650,,Aggregated,101.400000,0.200000,1600,3200,3800,4400,7600,12000,32000,65000,76000,87000,87000,15718,13,1600.0,4139.741056617199,45.39208300411701,86889.72212502267,14.026593714213003
1728811703,1660,,Aggregated,99.400000,0.200000,1600,3200,3800,4400,7700,12000,32000,65000,78000,89000,89000,15820,22,1600.0,4188.726839290485,45.39208300411701,88534.05766596552,14.07433628318584
1728811704,1670,,Aggregated,97.500000,0.200000,1600,3200,3800,4400,7800,12000,33000,65000,78000,89000,89000,15917,33,1600.0,4241.289738753473,45.39208300411701,88534.05766596552,14.07382044355092
1728811705,1680,,Aggregated,98.300000,1.100000,1600,3200,3800,4400,7900,12000,33000,66000,78000,89000,89000,16021,43,1600.0,4289.934544802632,45.39208300411701,88534.05766596552,14.063916110105486
1728811706,1690,,Aggregated,96.800000,2.200000,1600,3200,3900,4400,8200,12000,38000,66000,82000,116000,116000,16141,64,1600.0,4412.841179712674,45.39208300411701,116450.85549994837,14.14893748838362
1728811707,1700,,Aggregated,95.200000,3.000000,1600,3200,3900,4500,8400,12000,39000,67000,82000,116000,116000,16241,74,1600.0,4471.357293059227,45.39208300411701,116450.85549994837,14.139030847854196
1728811708,1710,,Aggregated,96.700000,5.100000,1700,3300,3900,4500,8400,12000,40000,67000,82000,116000,116000,16340,83,1700.0,4511.16289452708,45.39208300411701,116450.85549994837,14.130048959608324
1728811709,1720,,Aggregated,98.000000,6.100000,1800,3300,3900,4500,8600,12000,44000,68000,82000,116000,116000,16434,93,1700.0,4561.485532997197,45.39208300411701,116450.85549994837,14.120238529877085
1728811710,1730,,Aggregated,97.800000,7.000000,2100,3300,3900,4500,8700,13000,51000,68000,82000,116000,116000,16524,103,2100.0,4608.340584752382,45.39208300411701,116450.85549994837,14.110626966836117
1728811711,1740,,Aggregated,97.800000,8.000000,2100,3300,3900,4500,8800,14000,56000,69000,82000,116000,116000,16608,115,2100.0,4653.733188119183,45.39208300411701,116450.85549994837,14.118436897880539
1728811712,1750,,Aggregated,98.800000,9.000000,2100,3300,4000,4500,8800,14000,57000,69000,82000,116000,116000,16710,129,2100.0,4713.297383077923,45.39208300411701,116450.85549994837,14.143746259724717
1728811713,1760,,Aggregated,98.200000,10.200000,2100,3300,4000,4600,8900,14000,59000,70000,82000,116000,116000,16808,143,2100.0,4775.050153241722,45.39208300411701,116450.85549994837,14.168610185625893
1728811714,1770,,Aggregated,99.400000,11.600000,2200,3300,4000,4600,8900,15000,62000,71000,82000,116000,116000,16907,155,2200.0,4823.902989608109,45.39208300411701,116450.85549994837,14.175844324835866
1728811715,1780,,Aggregated,98.800000,12.100000,2200,3300,4000,4600,8900,15000,63000,73000,85000,116000,116000,16999,165,2200.0,4886.177813384224,45.39208300411701,116450.85549994837,14.16618624624978
1728811716,1790,,Aggregated,99.100000,12.200000,2200,3300,4000,4600,8900,15000,64000,74000,85000,116000,116000,17088,177,2200.0,4927.658852506876,45.39208300411701,116450.85549994837,14.173981741573034
1728811717,1800,,Aggregated,97.800000,12.200000,2200,3300,4100,4600,8900,15000,64000,75000,85000,116000,126000,17168,187,2200.0,4980.91306131382,45.39208300411701,126043.761500041,14.164317334575955
1728811718,1810,,Aggregated,94.800000,11.300000,2200,3300,4100,4600,9000,15000,65000,75000,85000,116000,126000,17252,197,2200.0,5021.132428231279,45.39208300411701,126043.761500041,14.154938557848366
1728811719,1820,,Aggregated,93.000000,11.300000,2200,3300,4100,4600,9000,15000,65000,75000,85000,116000,126000,17332,207,2200.0,5064.210052377514,45.39208300411701,126043.761500041,14.145857373644127
1728811720,1830,,Aggregated,91.500000,11.400000,2200,3300,4100,4700,9000,16000,65000,75000,85000,116000,126000,17429,219,2200.0,5117.046691891082,45.39208300411701,126043.761500041,14.151873314590626
1728811721,1840,,Aggregated,89.900000,11.400000,2200,3300,4100,4700,9100,16000,65000,75000,85000,116000,126000,17525,229,2200.0,5151.69073076379,45.39208300411701,126043.761500041,14.142596291012838
1728811722,1850,,Aggregated,90.200000,11.600000,2200,3300,4100,4700,9100,16000,66000,75000,85000,116000,126000,17618,239,2200.0,5190.378559688506,45.39208300411701,126043.761500041,14.133272789192871
1728811723,1860,,Aggregated,91.300000,11.400000,2200,3300,4200,4700,9100,16000,66000,75000,87000,116000,126000,17705,249,2200.0,5239.74228517636,45.39208300411701,126043.761500041,14.124428127647557
1728811724,1870,,Aggregated,90.500000,11.000000,2200,3300,4200,4700,9100,16000,66000,75000,87000,116000,126000,17791,259,2200.0,5282.310527977714,45.39208300411701,126043.761500041,14.11511438367714
1728811725,1880,,Aggregated,89.400000,10.600000,2200,3400,4200,4800,9200,16000,67000,75000,87000,116000,126000,17883,269,2200.0,5315.744386162998,45.39208300411701,126043.761500041,14.106357993625231
1728811726,1890,,Aggregated,87.900000,10.400000,2200,3400,4200,4800,9200,16000,67000,75000,95000,135000,136000,17987,285,2200.0,5395.160943714319,45.39208300411701,135655.0294579938,14.143047756713182
1728811727,1900,,Aggregated,87.700000,10.400000,2200,3400,4200,4800,9200,16000,68000,75000,89000,135000,136000,18081,295,2200.0,5432.975240854113,45.39208300411701,135655.0294579938,14.13433991482772
1728811728,1910,,Aggregated,89.100000,10.800000,2200,3400,4200,4900,9200,16000,68000,75000,89000,135000,136000,18172,305,2200.0,5475.8572209471295,45.39208300411701,135655.0294579938,14.125357693154303
1728811729,1920,,Aggregated,90.200000,10.800000,2200,3400,4200,4900,9300,17000,68000,75000,89000,135000,136000,18277,315,2200.0,5517.754451654271,45.39208300411701,135655.0294579938,14.116649340701429
1728811730,1930,,Aggregated,91.100000,10.800000,2200,3400,4200,4900,9500,17000,69000,75000,89000,135000,136000,18374,325,2200.0,5570.391556409955,45.39208300411701,135655.0294579938,14.107924240775008
1728811731,1940,,Aggregated,93.300000,10.800000,2300,3400,4200,5000,9500,17000,69000,75000,89000,135000,136000,18474,335,2300.0,5600.629609104582,45.39208300411701,135655.0294579938,14.099220526144853
1728811732,1950,,Aggregated,93.600000,10.600000,2300,3400,4200,5000,9700,17000,70000,75000,95000,135000,136000,18580,347,2300.0,5654.879663433548,45.39208300411701,135655.0294579938,14.105705059203444
1728811733,1960,,Aggregated,93.900000,10.600000,2300,3400,4200,5000,9800,17000,71000,75000,95000,135000,136000,18701,357,2300.0,5691.176316269552,45.39208300411701,135655.0294579938,14.09700016041923
1728811734,1970,,Aggregated,95.500000,10.800000,2300,3400,4300,5000,9800,17000,72000,75000,95000,135000,136000,18822,367,2300.0,5734.347607397286,45.39208300411701,135655.0294579938,14.088460312400382
1728811735,1980,,Aggregated,98.700000,10.800000,2300,3400,4300,5100,9900,17000,73000,75000,95000,135000,136000,18939,377,2300.0,5772.745887133743,45.39208300411701,135655.0294579938,14.079940862769945
1728811736,1990,,Aggregated,102.200000,10.800000,2300,3400,4300,5100,9900,18000,75000,75000,89000,135000,136000,19054,387,2300.0,5824.7896394485,45.39208300411701,135655.0294579938,14.071166159336622
1728811737,2000,,Aggregated,104.900000,10.800000,2300,3400,4300,5100,9900,18000,75000,75000,89000,135000,136000,19162,397,2300.0,5875.928636629454,45.39208300411701,135655.0294579938,14.063250182653167
1728811738,2010,,Aggregated,106.300000,10.200000,2300,3400,4300,5100,9900,19000,75000,75000,95000,135000,136000,19276,407,2300.0,5909.859283174554,45.39208300411701,135655.0294579938,14.055042539946047
1728811739,2020,,Aggregated,107.700000,10.200000,2300,3400,4300,5100,9900,19000,75000,75000,95000,135000,136000,19394,417,2300.0,5940.452563471907,45.39208300411701,135655.0294579938,14.047179540063937
1728811740,2030,,Aggregated,109.600000,10.200000,2300,3400,4300,5200,10000,20000,75000,75000,100000,136000,149000,19507,427,2300.0,5992.8169499291425,45.39208300411701,149043.8698750222,14.039165427795151
1728811741,2040,,Aggregated,110.900000,10.200000,2300,3400,4300,5200,10000,21000,75000,75000,116000,136000,149000,19619,437,2300.0,6095.232693875361,45.39208300411701,149043.8698750222,14.031245221468984
1728811742,2050,,Aggregated,113.000000,10.200000,2300,3400,4300,5200,10000,22000,75000,75000,116000,136000,149000,19704,448,2300.0,6129.070843947462,9.167916956357658,149043.8698750222,14.022990255785627
1728811743,2060,,Aggregated,113.500000,10.200000,2300,3400,4300,5200,10000,22000,75000,75000,116000,136000,149000,19805,458,2300.0,6152.696104781005,9.167916956357658,149043.8698750222,14.015198182277203
1728811744,2070,,Aggregated,112.000000,10.100000,2300,3500,4300,5200,10000,23000,75000,75000,116000,136000,149000,19923,468,2300.0,6186.9568999887715,9.167916956357658,149043.8698750222,14.007428600110424
1728811745,2080,,Aggregated,109.600000,10.100000,2300,3500,4300,5200,10000,25000,75000,75000,116000,135000,149000,20030,478,2300.0,6237.096435869797,9.167916956357658,149043.8698750222,13.999850224663005
1728811746,2090,,Aggregated,109.200000,10.100000,2300,3500,4300,5300,10000,29000,75000,75000,120000,135000,149000,20147,491,2300.0,6301.4227253687495,9.167916956357658,149043.8698750222,14.013947485978061
1728811747,2100,,Aggregated,108.400000,10.100000,2300,3500,4300,5300,10000,29000,75000,75000,120000,135000,149000,20249,502,2300.0,6354.640416848252,9.167916956357658,149043.8698750222,14.021433157192948
1728811748,2110,,Aggregated,108.500000,10.400000,2300,3500,4300,5300,10000,30000,75000,75000,125000,135000,149000,20357,512,2300.0,6460.312489391947,9.167916956357658,149043.8698750222,14.013852728791079
1728811749,2120,,Aggregated,107.700000,10.300000,2300,3500,4400,5300,10000,31000,75000,75000,125000,135000,149000,20478,522,2300.0,6498.203218877092,9.167916956357658,149043.8698750222,14.006494774880359
1728811750,2130,,Aggregated,107.900000,10.500000,2300,3500,4400,5400,10000,31000,75000,75000,125000,135000,149000,20607,532,2300.0,6520.770253176583,9.167916956357658,149043.8698750222,13.999320619207065
1728811751,2140,,Aggregated,107.800000,10.500000,2300,3500,4400,5400,10000,32000,75000,75000,125000,135000,149000,20724,542,2300.0,6563.913711513993,9.167916956357658,149043.8698750222,13.991845203628642
1728811752,2150,,Aggregated,108.300000,10.500000,2300,3500,4400,5400,10000,32000,75000,75000,125000,135000,149000,20840,552,2300.0,6597.267685316556,9.167916956357658,149043.8698750222,13.984836852207293
1728811753,2160,,Aggregated,110.100000,10.500000,2300,3500,4400,5400,10000,32000,75000,75000,125000,135000,149000,20963,562,2300.0,6629.012548014712,9.167916956357658,149043.8698750222,13.977818060392119
1728811754,2170,,Aggregated,112.800000,10.400000,2300,3500,4400,5400,10000,32000,75000,75000,125000,135000,149000,21088,578,2300.0,6663.980477176313,9.167916956357658,149043.8698750222,14.009199544764796
1728811755,2180,,Aggregated,115.300000,10.400000,2300,3500,4400,5400,10000,32000,75000,75000,125000,135000,149000,21199,588,2300.0,6687.50384490951,9.167916956357658,149043.8698750222,14.00193405349309
1728811756,2190,,Aggregated,116.500000,11.000000,2400,3500,4400,5400,10000,33000,75000,75000,125000,135000,149000,21307,598,2400.0,6705.5987224147875,9.167916956357658,149043.8698750222,13.99493124325339
1728811757,2200,,Aggregated,116.300000,11.000000,2400,3500,4400,5500,10000,33000,75000,75000,125000,135000,149000,21423,613,2400.0,6753.449683995998,9.167916956357658,149043.8698750222,14.022265789105168
1728811758,2210,,Aggregated,115.800000,10.700000,2400,3500,4400,5500,11000,34000,75000,75000,125000,135000,149000,21545,623,2400.0,6808.823358675194,9.167916956357658,149043.8698750222,14.015223949872361
1728811759,2220,,Aggregated,117.200000,11.300000,2400,3500,4400,5500,11000,35000,75000,75000,125000,135000,149000,21670,633,2400.0,6829.0606856535505,9.167916956357658,149043.8698750222,14.008075680664513
1728811760,2230,,Aggregated,117.900000,11.100000,2400,3500,4400,5500,11000,36000,75000,75000,125000,135000,149000,21793,643,2400.0,6859.549782123731,9.167916956357658,149043.8698750222,14.000963612169045
1728811761,2240,,Aggregated,118.000000,11.100000,2400,3500,4400,5500,11000,37000,75000,75000,125000,135000,149000,21912,653,2400.0,6902.038427805592,9.167916956357658,149043.8698750222,13.994112814895947
1728811762,2250,,Aggregated,118.100000,11.100000,2400,3600,4500,5500,11000,37000,75000,75000,125000,135000,149000,22032,664,2400.0,6924.406550362342,9.167916956357658,149043.8698750222,13.993418663761801
1728811763,2260,,Aggregated,117.900000,11.000000,2400,3600,4500,5500,11000,38000,75000,75000,125000,135000,149000,22146,674,2400.0,6948.610097479821,9.167916956357658,149043.8698750222,13.9867696197959
1728811764,2270,,Aggregated,117.800000,11.100000,2400,3600,4500,5500,11000,38000,75000,75000,125000,135000,149000,22265,684,2400.0,6966.169006325019,9.167916956357658,149043.8698750222,13.980282955311026
1728811765,2280,,Aggregated,117.500000,11.000000,2400,3600,4500,5500,11000,39000,75000,75000,125000,135000,149000,22398,698,2400.0,7014.725625955918,9.167916956357658,149043.8698750222,13.999642825252254
1728811766,2290,,Aggregated,115.200000,9.600000,2400,3600,4500,5600,11000,39000,75000,75000,125000,135000,149000,22506,709,2400.0,7038.236091058899,9.167916956357658,149043.8698750222,13.998844752510442
1728811767,2300,,Aggregated,117.100000,9.700000,2400,3600,4500,5600,11000,40000,75000,75000,125000,135000,149000,22605,719,2400.0,7058.442397419071,9.167916956357658,149043.8698750222,13.992169873921698
1728811768,2310,,Aggregated,118.500000,10.000000,2400,3600,4500,5600,11000,46000,75000,75000,125000,135000,149000,22709,729,2400.0,7095.096481776354,9.167916956357658,149043.8698750222,13.985600422739882
1728811769,2320,,Aggregated,117.000000,9.600000,2400,3600,4500,5600,11000,50000,75000,75000,125000,135000,149000,22814,741,2400.0,7123.631895750658,9.167916956357658,149043.8698750222,13.992153940562812
1728811770,2330,,Aggregated,115.000000,9.600000,2400,3600,4500,5600,11000,55000,75000,75000,125000,135000,149000,22913,751,2400.0,7169.310583678295,9.167916956357658,149043.8698750222,13.98581591236416
1728811771,2340,,Aggregated,114.000000,9.600000,2400,3600,4500,5600,11000,55000,75000,75000,122000,135000,149000,23019,767,2400.0,7201.341410833935,9.167916956357658,149043.8698750222,14.017550718971284
1728811772,2350,,Aggregated,112.000000,9.800000,2400,3600,4500,5600,11000,56000,75000,75000,122000,135000,149000,23123,777,2400.0,7229.045416086072,9.167916956357658,149043.8698750222,14.010941486831294
1728811773,2360,,Aggregated,110.000000,9.900000,2400,3600,4500,5600,11000,57000,75000,75000,122000,135000,149000,23226,787,2400.0,7263.770869748859,9.167916956357658,149043.8698750222,14.004434685266512
1728811774,2370,,Aggregated,108.600000,10.400000,2400,3600,4500,5700,11000,57000,75000,75000,126000,158000,159000,23340,801,2400.0,7321.948665873892,9.167916956357658,159225.48304195516,14.02305055698372
1728811775,2380,,Aggregated,107.800000,10.500000,2400,3600,4600,5700,11000,58000,75000,75000,126000,158000,159000,23447,813,2400.0,7355.414440626475,9.167916956357658,159225.48304195516,14.022262976073698
1728811776,2390,,Aggregated,106.900000,11.300000,2400,3600,4600,5700,11000,58000,75000,75000,126000,158000,159000,23553,823,2400.0,7375.995799471474,9.167916956357658,159225.48304195516,14.015666794038976
1728811777,2400,,Aggregated,106.200000,11.700000,2400,3600,4600,5700,11000,61000,75000,75000,126000,158000,159000,23649,833,2400.0,7424.7639753528665,9.167916956357658,159225.48304195516,14.009302718931034
1728811778,2410,,Aggregated,104.500000,11.500000,2400,3600,4600,5700,11000,62000,75000,75000,126000,158000,159000,23758,849,2400.0,7466.979912169623,9.167916956357658,159225.48304195516,14.039776075427225
1728811779,2420,,Aggregated,103.500000,11.400000,2400,3600,4600,5800,11000,62000,75000,75000,126000,158000,159000,23869,860,2400.0,7498.299772427546,9.167916956357658,159225.48304195516,14.03246889270602
1728811780,2430,,Aggregated,104.500000,12.000000,2400,3600,4600,5800,11000,63000,75000,75000,126000,158000,159000,23995,876,2400.0,7547.641499652158,9.167916956357658,159225.48304195516,14.022838091269014
1728811781,2440,,Aggregated,104.500000,12.100000,2400,3600,4600,5800,12000,63000,75000,75000,125000,158000,159000,24121,894,2400.0,7601.396841119753,9.167916956357658,159225.48304195516,14.011898345839725
1728811782,2450,,Aggregated,105.600000,12.000000,2400,3600,4600,5900,12000,64000,75000,75000,125000,158000,159000,24255,914,2400.0,7643.446236969419,9.167916956357658,159225.48304195516,13.999752628324057
1728811783,2460,,Aggregated,107.900000,12.900000,2500,3700,4700,5900,12000,64000,75000,75000,125000,158000,159000,24403,950,2500.0,7692.211514891604,9.167916956357658,159225.48304195516,13.985042822603779
1728811784,2470,,Aggregated,110.700000,13.100000,2500,3700,4700,5900,12000,64000,75000,75000,125000,158000,159000,24549,990,2500.0,7725.06981147651,9.167916956357658,159225.48304195516,13.961749969448858
1728811785,2480,,Aggregated,113.500000,14.500000,2500,3700,4700,6000,12000,65000,75000,75000,125000,158000,159000,24700,1029,2500.0,7760.388682775419,9.167916956357658,159225.48304195516,13.93923076923077
1728811786,2490,,Aggregated,119.400000,17.600000,2500,3700,4700,6000,12000,65000,75000,75000,125000,158000,159000,24831,1064,2500.0,7798.168587277086,9.167916956357658,159225.48304195516,13.925899077765695
1728811787,2500,,Aggregated,121.800000,19.900000,2500,3700,4700,6100,12000,65000,75000,75000,125000,158000,159000,24976,1113,2500.0,7849.555595432034,9.167916956357658,159225.48304195516,13.898382447149263
1728811788,2510,,Aggregated,125.300000,22.500000,2500,3700,4800,6200,12000,65000,75000,75000,125000,158000,159000,25115,1152,2500.0,7886.1041739586935,9.167916956357658,159225.48304195516,13.876846506072068
1728811789,2520,,Aggregated,130.000000,25.500000,2500,3700,4800,6200,12000,66000,75000,75000,125000,158000,159000,25261,1193,2500.0,7937.3035299990215,9.167916956357658,159225.48304195516,13.854558410197537
1728811790,2530,,Aggregated,133.000000,28.600000,2500,3700,4800,6200,12000,66000,75000,75000,125000,158000,159000,25413,1239,2500.0,7964.279601028531,9.167916956357658,159225.48304195516,13.829811513792153
1728811791,2540,,Aggregated,136.500000,30.900000,2500,3700,4900,6300,12000,66000,75000,75000,125000,158000,159000,25567,1283,2500.0,8004.514467241977,9.167916956357658,159225.48304195516,13.805999921774163
1728811792,2550,,Aggregated,140.100000,34.700000,2500,3700,4900,6300,12000,66000,75000,75000,125000,158000,159000,25723,1336,2500.0,8040.713290455719,9.167916956357658,159225.48304195516,13.778058546825799
1728811793,2560,,Aggregated,143.300000,37.000000,2500,3800,5000,6400,12000,66000,75000,75000,125000,158000,159000,25894,1397,2500.0,8090.2321011532495,9.167916956357658,159225.48304195516,13.746080173013054
1728811794,2570,,Aggregated,145.400000,40.100000,2500,3800,5100,6400,12000,67000,75000,75000,125000,158000,159000,26078,1466,2500.0,8123.811300189798,9.167916956357658,159225.48304195516,13.710407239819004
1728811795,2580,,Aggregated,148.000000,43.500000,2500,3800,5100,6400,12000,67000,75000,75000,125000,158000,159000,26256,1535,2500.0,8163.326208346909,9.167916956357658,159225.48304195516,13.675236136502132
1728811796,2590,,Aggregated,150.000000,45.500000,2500,3800,5200,6500,13000,68000,75000,75000,125000,158000,159000,26436,1614,2500.0,8250.605590647108,9.167916956357658,159225.48304195516,13.707898320472083
1728811797,2600,,Aggregated,154.300000,49.300000,2500,3800,5300,6600,13000,68000,75000,75000,125000,158000,159000,26598,1691,2500.0,8298.379214374432,9.167916956357658,159225.48304195516,13.680878261523423
1728811798,2610,,Aggregated,158.600000,52.900000,2500,3900,5300,6600,14000,68000,75000,75000,125000,158000,159000,26764,1763,2500.0,8337.435779757581,9.167916956357658,159225.48304195516,13.645008219997012
1728811799,2620,,Aggregated,161.800000,56.600000,2500,3900,5300,6700,14000,69000,75000,75000,125000,158000,159000,26921,1831,2500.0,8374.498174794417,9.167916956357658,159225.48304195516,13.611418595148768
1728811800,2630,,Aggregated,163.000000,58.800000,2600,3900,5400,6900,14000,70000,75000,75000,123000,158000,159000,27080,1901,2600.0,8436.654999817634,9.167916956357658,159225.48304195516,13.58847858197932
1728811801,2640,,Aggregated,165.400000,62.600000,2600,3900,5400,7300,14000,71000,75000,75000,123000,158000,159000,27243,1985,2600.0,8481.386202534655,9.167916956357658,159225.48304195516,13.547443379950813
1728811802,2650,,Aggregated,167.900000,65.500000,2600,4000,5500,7400,14000,72000,75000,75000,123000,158000,159000,27366,2071,2600.0,8525.626209205466,9.167916956357658,159225.48304195516,13.505298545640576
1728811803,2660,,Aggregated,166.700000,67.600000,2600,4000,5500,7600,14000,73000,75000,75000,123000,158000,159000,27507,2162,2600.0,8567.957535626974,9.167916956357658,159225.48304195516,13.461373468571637
1728811804,2670,,Aggregated,166.600000,72.500000,2600,4100,5600,7800,14000,74000,75000,75000,123000,158000,159000,27671,2269,2600.0,8610.995911999838,9.167916956357658,159225.48304195516,13.410140580391023
1728811805,2680,,Aggregated,162.600000,74.500000,2600,4100,5600,7900,15000,75000,75000,75000,123000,158000,159000,27842,2359,2600.0,8655.359773660224,9.167916956357658,159225.48304195516,13.368400258602112
1728811806,2690,,Aggregated,160.200000,78.400000,2600,4100,5700,7900,15000,75000,75000,75000,122000,158000,159000,28027,2466,2600.0,8690.35523566521,9.167916956357658,159225.48304195516,13.31879972883291
1728811807,2700,,Aggregated,159.100000,81.300000,2700,4200,5800,7900,15000,75000,75000,75000,122000,158000,159000,28195,2567,2700.0,8728.098597752023,9.167916956357658,159225.48304195516,13.289377549210853
1728811808,2710,,Aggregated,158.500000,83.600000,2700,4200,5900,7900,15000,75000,75000,75000,122000,158000,159000,28375,2667,2700.0,8774.969414836596,9.167916956357658,159225.48304195516,13.244123348017622
1728811809,2720,,Aggregated,158.000000,85.700000,2700,4200,6000,7900,15000,75000,75000,75000,125000,158000,159000,28562,2770,2700.0,8822.225236728878,9.167916956357658,159225.48304195516,13.19827042924165
1728811810,2730,,Aggregated,160.000000,88.900000,2700,4300,6200,7900,15000,75000,75000,75000,125000,158000,159000,28764,2870,2700.0,8861.118776585308,9.167916956357658,159225.48304195516,13.154950632735364
1728811811,2740,,Aggregated,162.100000,93.000000,2700,4300,6300,7900,15000,75000,75000,75000,125000,158000,159000,28984,2994,2700.0,8896.467648044192,9.167916956357658,159225.48304195516,13.101090256693348
1728811812,2750,,Aggregated,162.500000,93.600000,2700,4300,6300,7900,15000,75000,75000,75000,125000,158000,159000,29184,3092,2700.0,8934.21086998444,9.167916956357658,159225.48304195516,13.059793037280702
1728811813,2760,,Aggregated,170.500000,99.600000,2800,4300,6400,7900,15000,75000,75000,75000,125000,158000,159000,29414,3220,2800.0,8965.13577369776,9.167916956357658,159225.48304195516,13.00581355816958
1728811814,2770,,Aggregated,176.400000,100.900000,2800,4400,6500,7900,15000,75000,75000,75000,125000,158000,159000,29651,3358,2800.0,9004.630349229847,9.167916956357658,159225.48304195516,12.948467168055041
1728811815,2780,,Aggregated,184.500000,103.400000,2800,4400,6600,7900,15000,75000,75000,75000,125000,158000,159000,29863,3474,2800.0,9024.890195791668,9.167916956357658,159225.48304195516,12.901215551016309
1728811816,2790,,Aggregated,192.000000,106.200000,2800,4400,6700,7900,15000,75000,75000,75000,125000,158000,159000,30097,3612,2800.0,9052.963160093897,9.167916956357658,159225.48304195516,12.845233744226999
1728811817,2800,,Aggregated,197.600000,108.900000,2900,4400,6900,7900,15000,75000,75000,75000,125000,158000,159000,30315,3739,2900.0,9078.819015423025,9.167916956357658,159225.48304195516,12.79455714992578
1728811818,2810,,Aggregated,202.100000,112.100000,2900,4500,7300,7900,15000,75000,75000,75000,125000,158000,159000,30536,3860,2900.0,9110.09120328212,9.167916956357658,159225.48304195516,12.747412889703956
1728811819,2820,,Aggregated,208.500000,115.600000,2900,4500,7500,7900,15000,75000,75000,75000,125000,158000,159000,30765,3999,2900.0,9133.570363492267,9.167916956357658,159225.48304195516,12.693222818137494
1728811820,2830,,Aggregated,213.600000,118.100000,3000,4500,7600,7900,15000,75000,75000,75000,125000,158000,159000,30998,4131,3000.0,9153.076194746383,9.167916956357658,159225.48304195516,12.643073746693336
1728811821,2840,,Aggregated,216.900000,119.500000,3000,4600,7900,7900,15000,75000,75000,75000,123000,158000,159000,31254,4286,3000.0,9184.919655498577,9.167916956357658,159225.48304195516,12.584533179752992
1728811822,2850,,Aggregated,220.900000,124.000000,3100,4600,7900,7900,15000,75000,75000,75000,123000,158000,159000,31493,4429,3100.0,9218.30279606451,9.167916956357658,159225.48304195516,12.531387927475947
1728811823,2860,,Aggregated,225.100000,127.500000,3100,4700,7900,7900,15000,75000,75000,75000,123000,158000,159000,31741,4575,3100.0,9240.731352090832,9.167916956357658,159225.48304195516,12.47802526700482
1728811824,2870,,Aggregated,227.700000,130.200000,3200,4700,7900,7900,15000,75000,75000,75000,122000,158000,159000,32007,4735,3200.0,9277.32301718518,9.167916956357658,159225.48304195516,12.420501765238853
1728811825,2880,,Aggregated,230.900000,133.700000,3200,4700,7900,7900,15000,75000,75000,75000,122000,158000,159000,32239,4871,3200.0,9294.276713894718,9.167916956357658,159225.48304195516,12.372530165327708
1728811826,2890,,Aggregated,235.000000,137.300000,3200,4900,7900,7900,15000,75000,75000,75000,122000,158000,159000,32524,5053,3200.0,9309.661665831365,9.167916956357658,159225.48304195516,12.308172426515803
1728811827,2900,,Aggregated,238.600000,140.000000,3200,5000,7900,7900,15000,75000,75000,75000,122000,158000,159000,32789,5227,3200.0,9349.520876805624,9.167916956357658,159225.48304195516,12.247308548598616
1728811828,2910,,Aggregated,242.900000,143.500000,3300,5100,7900,7900,15000,75000,75000,75000,120000,158000,159000,33045,5375,3300.0,9361.764132400282,9.167916956357658,159225.48304195516,12.197760629444696
1728811829,2920,,Aggregated,244.400000,145.800000,3300,5200,7900,7900,15000,75000,75000,75000,125000,158000,159000,33314,5545,3300.0,9397.587413875859,9.167916956357658,159225.48304195516,12.155190010205919
1728811830,2930,,Aggregated,246.600000,148.100000,3300,5300,7900,7900,15000,75000,75000,75000,125000,158000,159000,33584,5721,3300.0,9440.478843851119,9.167916956357658,159225.48304195516,12.096504287756074
1728811831,2940,,Aggregated,251.700000,152.100000,3300,5300,7900,7900,15000,75000,75000,75000,125000,158000,159000,33855,5886,3300.0,9463.475164719457,9.167916956357658,159225.48304195516,12.04312509230542
1728811832,2950,,Aggregated,256.600000,156.100000,3300,5400,7900,7900,15000,75000,75000,75000,123000,158000,159000,34130,6060,3300.0,9489.484414999122,9.167916956357658,159225.48304195516,11.98728391444477
1728811833,2960,,Aggregated,257.300000,157.800000,3300,5500,7900,7900,15000,75000,75000,75000,123000,158000,159000,34414,6245,3300.0,9518.610644128541,9.167916956357658,159225.48304195516,11.951531353518916
1728811834,2970,,Aggregated,259.600000,160.000000,3300,5500,7900,7900,15000,75000,75000,75000,123000,158000,159000,34698,6432,3300.0,9540.82816655412,9.167916956357658,159225.48304195516,11.892731569542914
1728811835,2980,,Aggregated,265.400000,165.400000,3400,5600,7900,7900,15000,75000,75000,75000,123000,158000,159000,34997,6640,3400.0,9565.872994471381,9.167916956357658,159225.48304195516,11.82724233505729
1728811836,2990,,Aggregated,266.700000,167.300000,3400,5700,7900,7900,15000,75000,75000,75000,122000,158000,159000,35274,6818,3400.0,9586.302062995557,9.167916956357658,159225.48304195516,11.773572603050406
1728811837,3000,,Aggregated,268.400000,170.100000,3400,5800,7900,7900,15000,75000,75000,75000,122000,158000,159000,35541,6999,3400.0,9603.283209684956,9.167916956357658,159225.48304195516,11.718888044793337
1728811838,3010,,Aggregated,270.200000,173.300000,3400,5900,7900,7900,15000,75000,75000,75000,125000,158000,159000,35836,7198,3400.0,9631.346703741614,9.167916956357658,159225.48304195516,11.67320571492354
1728811839,3020,,Aggregated,273.800000,176.300000,3400,6100,7900,7900,15000,75000,75000,75000,125000,158000,159000,36127,7395,3400.0,9647.041208548995,9.167916956357658,159225.48304195516,11.615412295513051
1728811840,3030,,Aggregated,276.000000,179.300000,3400,6200,7900,7900,15000,75000,75000,75000,126000,158000,159000,36428,7598,3400.0,9695.940129523982,9.167916956357658,159225.48304195516,11.55674206654222
1728811841,3040,,Aggregated,276.000000,180.000000,3500,6300,7900,7900,15000,75000,75000,75000,126000,158000,159000,36723,7797,3500.0,9721.716555610416,9.167916956357658,159225.48304195516,11.500285924352585
1728811842,3050,,Aggregated,281.400000,186.200000,3500,6400,7900,7900,15000,75000,75000,75000,125000,158000,159000,37034,8007,3500.0,9744.271329798616,9.167916956357658,159225.48304195516,11.445806556137603
1728811843,3060,,Aggregated,283.400000,188.100000,3500,6600,7900,7900,15000,75000,75000,75000,125000,158000,159000,37346,8224,3500.0,9762.029382221137,9.167916956357658,159225.48304195516,11.385529909494993
1728811844,3070,,Aggregated,287.200000,192.000000,3500,6700,7900,7900,15000,75000,75000,75000,125000,158000,159000,37661,8436,3500.0,9773.699324191042,9.167916956357658,159225.48304195516,11.328403388120337
1728811845,3080,,Aggregated,289.000000,193.900000,3500,7100,7900,7900,15000,75000,75000,75000,125000,158000,159000,37979,8661,3500.0,9790.74305917073,9.167916956357658,159225.48304195516,11.267674241027937
1728811846,3090,,Aggregated,292.400000,197.400000,3500,7400,7900,7900,15000,75000,75000,75000,125000,158000,159000,38259,8850,3500.0,9805.529787858131,9.167916956357658,159225.48304195516,11.22245746098957
1728811847,3100,,Aggregated,296.000000,200.700000,3600,7700,7900,7900,15000,75000,75000,75000,125000,158000,159000,38580,9077,3600.0,9823.321200807772,9.167916956357658,159225.48304195516,11.162882322446864
1728811848,3110,,Aggregated,298.700000,203.100000,3600,7900,7900,7900,15000,75000,75000,75000,125000,158000,159000,38902,9311,3600.0,9841.598107630954,9.167916956357658,159225.48304195516,11.101768546604287
1728811849,3120,,Aggregated,300.100000,204.400000,3600,7900,7900,7900,15000,75000,75000,75000,125000,158000,159000,39181,9504,3600.0,9858.7314268398,9.167916956357658,159225.48304195516,11.053342181159236
1728811850,3130,,Aggregated,304.100000,208.200000,3600,7900,7900,7900,15000,75000,75000,75000,125000,158000,159000,39542,9762,3600.0,9841.25446765067,9.167916956357658,159225.48304195516,10.988670274644681
1728811851,3140,,Aggregated,310.000000,215.300000,3600,7900,7900,7900,15000,75000,75000,75000,125000,158000,159000,39851,9971,3600.0,9822.747892158748,9.167916956357658,159225.48304195516,10.938194775538882
1728811852,3150,,Aggregated,309.100000,214.700000,3700,7900,7900,7900,15000,75000,75000,75000,125000,155000,159000,40182,10199,3700.0,9800.624982770085,9.167916956357658,159225.48304195516,10.883903240256831
1728811853,3160,,Aggregated,311.200000,215.900000,3700,7900,7900,7900,14000,75000,75000,75000,125000,155000,159000,40499,10411,3700.0,9776.668293970202,9.167916956357658,159225.48304195516,10.834810736067558
1728811854,3170,,Aggregated,313.500000,217.900000,3700,7900,7900,7900,14000,75000,75000,75000,125000,155000,159000,40838,10646,3700.0,9752.219200471887,9.167916956357658,159225.48304195516,10.780155737303492
1728811855,3180,,Aggregated,316.100000,219.800000,3700,7900,7900,7900,14000,75000,75000,75000,123000,155000,159000,41171,10869,3700.0,9735.334656930701,9.167916956357658,159225.48304195516,10.730125573826237
1728811856,3190,,Aggregated,315.800000,219.300000,3800,7900,7900,7900,14000,75000,75000,75000,123000,155000,159000,41470,11070,3800.0,9718.493144770337,9.167916956357658,159225.48304195516,10.685531709669641
1728811857,3200,,Aggregated,318.700000,221.500000,3800,7900,7900,7900,13000,75000,75000,75000,123000,155000,159000,41792,11309,3800.0,9694.64385006298,9.167916956357658,159225.48304195516,10.630742725880552
1728811858,3210,,Aggregated,318.800000,219.700000,3800,7900,7900,7900,12000,75000,75000,75000,122000,155000,159000,42132,11550,3800.0,9670.779403886436,9.167916956357658,159225.48304195516,10.57766068546473
1728811859,3220,,Aggregated,319.700000,221.200000,3900,7900,7900,7900,12000,75000,75000,75000,122000,155000,159000,42471,11790,3900.0,9650.32785562973,9.167916956357658,159225.48304195516,10.525582161945799
1728811860,3230,,Aggregated,322.300000,224.500000,3900,7900,7900,7900,12000,75000,75000,75000,122000,155000,159000,42746,12021,3900.0,9655.71795447715,9.167916956357658,159225.48304195516,10.513381369016985
1728811861,3240,,Aggregated,322.800000,223.700000,3900,7900,7900,7900,12000,75000,75000,75000,122000,155000,159000,43090,12243,3900.0,9657.534111158948,9.167916956357658,159225.48304195516,10.480041773033186
1728811862,3250,,Aggregated,327.500000,226.800000,4000,7900,7900,7900,12000,75000,75000,75000,122000,155000,159000,43414,12495,4000.0,9656.313850671202,9.167916956357658,159225.48304195516,10.424862947436312
1728811863,3260,,Aggregated,325.600000,227.700000,4000,7900,7900,7900,12000,75000,75000,75000,122000,155000,159000,43725,12710,4000.0,9646.019772748938,9.167916956357658,159225.48304195516,10.381154945683248
1728811864,3270,,Aggregated,323.600000,228.000000,4100,7900,7900,7900,12000,75000,75000,75000,120000,155000,159000,44075,12958,4100.0,9648.594511396006,9.167916956357658,159225.48304195516,10.3310266591038
1728811865,3280,,Aggregated,322.000000,229.300000,4100,7900,7900,7900,12000,75000,75000,75000,120000,155000,159000,44393,13182,4100.0,9636.296925001945,9.167916956357658,159225.48304195516,10.286509134322978
1728811866,3290,,Aggregated,323.100000,230.400000,4100,7900,7900,7900,12000,75000,75000,75000,122000,155000,159000,44670,13377,4100.0,9629.364768995349,9.167916956357658,159225.48304195516,10.248354600402955
1728811867,3300,,Aggregated,323.300000,230.900000,4200,7900,7900,7900,12000,75000,75000,75000,122000,155000,159000,45063,13669,4200.0,9605.646849104145,9.167916956357658,159225.48304195516,10.190311341899118
1728811868,3310,,Aggregated,322.900000,232.800000,4200,7900,7900,7900,12000,75000,75000,75000,123000,155000,159000,45400,13917,4200.0,9604.218327887847,9.167916956357658,159225.48304195516,10.163171806167401
1728811869,3320,,Aggregated,325.500000,235.400000,4300,7900,7900,7900,12000,75000,75000,75000,123000,155000,159000,45752,14166,4300.0,9585.865253601283,9.167916956357658,159225.48304195516,10.116388354607448
1728811870,3330,,Aggregated,325.500000,234.700000,4300,7900,7900,7900,12000,75000,75000,75000,122000,155000,159000,46093,14403,4300.0,9569.097109765955,9.167916956357658,159225.48304195516,10.072809320287245
1728811871,3340,,Aggregated,325.500000,235.600000,4300,7900,7900,7900,11000,75000,75000,75000,122000,155000,159000,46444,14650,4300.0,9553.320183010472,9.167916956357658,159225.48304195516,10.027883041942985
1728811872,3350,,Aggregated,324.300000,234.600000,4300,7900,7900,7900,11000,74000,75000,75000,122000,155000,159000,46771,14875,4300.0,9557.766577258235,9.167916956357658,159225.48304195516,9.98811229180475
1728811873,3360,,Aggregated,330.500000,237.800000,4400,7900,7900,7900,11000,73000,75000,75000,125000,155000,159000,47123,15130,4400.0,9552.52942512994,9.167916956357658,159225.48304195516,9.95906457568491
1728811874,3370,,Aggregated,333.500000,238.900000,4400,7900,7900,7900,11000,72000,75000,75000,125000,155000,159000,47475,15374,4400.0,9533.26221693409,9.167916956357658,159225.48304195516,9.916777251184834
1728811875,3380,,Aggregated,336.900000,240.100000,4400,7900,7900,7900,11000,71000,75000,75000,125000,155000,159000,47836,15624,4400.0,9516.306722314162,9.167916956357658,159225.48304195516,9.874090643030353
1728811876,3390,,Aggregated,337.100000,240.100000,4400,7900,7900,7900,11000,70000,75000,75000,125000,155000,159000,48181,15867,4400.0,9498.534859853135,9.167916956357658,159225.48304195516,9.832838670845353
1728811877,3400,,Aggregated,335.800000,238.600000,4500,7900,7900,7900,11000,70000,75000,75000,125000,155000,159000,48537,16126,4500.0,9484.343928871178,9.167916956357658,159225.48304195516,9.788532459772957
1728811878,3410,,Aggregated,343.200000,243.900000,4500,7900,7900,7900,11000,69000,75000,75000,125000,155000,159000,48874,16372,4500.0,9465.266246462816,9.167916956357658,159225.48304195516,9.746982035438066
1728811879,3420,,Aggregated,344.800000,243.900000,4500,7900,7900,7900,11000,69000,75000,75000,123000,155000,159000,49214,16620,4500.0,9446.364106008985,9.167916956357658,159225.48304195516,9.705693501849067
1728811880,3430,,Aggregated,345.800000,244.400000,4600,7900,7900,7900,11000,68000,75000,75000,123000,155000,159000,49554,16867,4600.0,9430.05148494831,9.167916956357658,159225.48304195516,9.665254066271139
1728811881,3440,,Aggregated,346.700000,245.200000,4600,7900,7900,7900,11000,68000,75000,75000,123000,155000,159000,49909,17117,4600.0,9417.237294829087,9.167916956357658,159225.48304195516,9.625798954096455
1728811882,3450,,Aggregated,345.300000,245.100000,4600,7900,7900,7900,11000,68000,75000,75000,122000,149000,159000,50267,17371,4600.0,9402.94274065742,9.167916956357658,159225.48304195516,9.58595102154495
1728811883,3460,,Aggregated,340.900000,242.400000,4700,7900,7900,7900,11000,67000,75000,75000,122000,149000,159000,50624,17630,4700.0,9387.593502937518,9.167916956357658,159225.48304195516,9.545235461441214
1728811884,3470,,Aggregated,346.700000,246.900000,4700,7900,7900,7900,11000,67000,75000,75000,122000,149000,159000,50975,17884,4700.0,9368.066730974891,9.167916956357658,159225.48304195516,9.5060127513487
1728811885,3480,,Aggregated,346.700000,246.700000,4800,7900,7900,7900,11000,67000,75000,75000,122000,149000,159000,51318,18123,4800.0,9356.160054333497,9.167916956357658,159225.48304195516,9.470497681125531
1728811886,3490,,Aggregated,350.400000,250.100000,4900,7900,7900,7900,10000,66000,75000,75000,122000,149000,159000,51688,18400,4800.0,9337.936916450333,9.167916956357658,159225.48304195516,9.427700820306454
1728811887,3500,,Aggregated,351.800000,252.700000,5000,7900,7900,7900,10000,66000,75000,75000,120000,149000,159000,52039,18665,5000.0,9324.036224610214,9.167916956357658,159225.48304195516,9.387209592805396
1728811888,3510,,Aggregated,347.800000,249.000000,5100,7900,7900,7900,10000,66000,75000,75000,120000,149000,159000,52378,18913,5100.0,9306.112161711371,9.167916956357658,159225.48304195516,9.350643399900722
1728811889,3520,,Aggregated,350.300000,253.300000,5200,7900,7900,7900,10000,66000,75000,75000,120000,149000,159000,52715,19163,5200.0,9297.153526576125,9.167916956357658,159225.48304195516,9.313819595940435
1728811890,3530,,Aggregated,350.700000,254.500000,5300,7900,7900,7900,10000,66000,75000,75000,120000,149000,159000,53040,19405,5300.0,9298.307384497648,9.167916956357658,159225.48304195516,9.296549773755656
1728811891,3540,,Aggregated,352.000000,255.900000,5300,7900,7900,7900,10000,65000,75000,75000,120000,149000,159000,53454,19706,5300.0,9279.44491885484,9.167916956357658,159225.48304195516,9.253994088375052
1728811892,3550,,Aggregated,349.900000,253.800000,5400,7900,7900,7900,10000,65000,75000,75000,120000,149000,159000,53845,19987,5400.0,9265.49294443254,9.167916956357658,159225.48304195516,9.218107530875661
1728811893,3560,,Aggregated,355.800000,259.100000,5400,7900,7900,7900,10000,65000,75000,75000,120000,149000,159000,54183,20217,5400.0,9256.95744774049,9.167916956357658,159225.48304195516,9.188361663252312
1728811894,3570,,Aggregated,354.200000,258.800000,5500,7900,7900,7900,10000,65000,75000,75000,120000,149000,159000,54574,20508,5500.0,9262.533629022955,9.167916956357658,159225.48304195516,9.148037527027522
1728811895,3580,,Aggregated,356.500000,260.400000,5500,7900,7900,7900,10000,65000,75000,75000,120000,149000,159000,54921,20753,5500.0,9253.358913111875,9.167916956357658,159225.48304195516,9.116094025964568
1728811896,3590,,Aggregated,357.500000,261.300000,5600,7900,7900,7900,10000,65000,75000,75000,121000,149000,159000,55317,21059,5600.0,9249.925600182662,9.167916956357658,159225.48304195516,9.073467469313231
1728811897,3600,,Aggregated,357.600000,260.700000,5600,7900,7900,7900,10000,65000,75000,75000,121000,149000,159000,55674,21326,5600.0,9237.893068191715,9.167916956357658,159225.48304195516,9.037791428674067
1728811898,3610,,Aggregated,358.400000,262.100000,5700,7900,7900,7900,10000,64000,75000,75000,121000,149000,159000,56054,21607,5700.0,9225.465050873536,9.167916956357658,159225.48304195516,9.00112391622364
1728811899,3620,,Aggregated,359.800000,263.200000,5800,7900,7900,7900,10000,64000,75000,75000,121000,149000,159000,56408,21860,5800.0,9209.905785967205,9.167916956357658,159225.48304195516,8.96950787122394
1728811900,3630,,Aggregated,361.600000,265.000000,5800,7900,7900,7900,10000,64000,75000,75000,121000,149000,159000,56780,22122,5800.0,9192.847984664018,9.167916956357658,159225.48304195516,8.937689327227897
1728811901,3640,,Aggregated,362.900000,265.200000,6000,7900,7900,7900,10000,64000,75000,75000,120000,149000,159000,57149,22384,6000.0,9185.347569022257,9.167916956357658,159225.48304195516,8.90605259934557
1728811902,3650,,Aggregated,368.000000,268.900000,6100,7900,7900,7900,10000,63000,75000,75000,120000,149000,159000,57546,22679,6100.0,9174.404723175154,9.167916956357658,159225.48304195516,8.869269801550065
1728811903,3660,,Aggregated,366.800000,266.700000,6200,7900,7900,7900,10000,63000,75000,75000,120000,149000,159000,57911,22943,6200.0,9159.654184604038,9.167916956357658,159225.48304195516,8.837612888743072
1728811905,3670,,Aggregated,368.600000,268.400000,6300,7900,7900,7900,9900,63000,75000,75000,120000,149000,159000,58269,23212,6300.0,9148.774376762418,9.167916956357658,159225.48304195516,8.804578764008307
1728811906,3680,,Aggregated,368.600000,268.700000,6400,7900,7900,7900,9900,62000,75000,75000,120000,149000,159000,58729,23551,6400.0,9149.31157605945,9.167916956357658,159225.48304195516,8.764273187011527
1728811907,3690,,Aggregated,364.100000,266.300000,6500,7900,7900,7900,9900,62000,75000,75000,120000,149000,159000,59114,23842,6500.0,9146.50172390682,9.167916956357658,159225.48304195516,8.729251953851879
1728811908,3700,,Aggregated,373.000000,274.200000,6500,7900,7900,7900,9900,62000,75000,75000,120000,149000,159000,59482,24111,6500.0,9133.017591928081,9.167916956357658,159225.48304195516,8.698396153458189
1728811909,3710,,Aggregated,373.400000,273.900000,6600,7900,7900,7900,9900,61000,75000,75000,120000,149000,159000,59867,24398,6600.0,9121.911865550359,9.167916956357658,159225.48304195516,8.665308099620827
1728811910,3720,,Aggregated,373.600000,273.200000,6800,7900,7900,7900,9900,59000,75000,75000,120000,149000,159000,60243,24680,6800.0,9108.69767041023,9.167916956357658,159225.48304195516,8.632803811231181
1728811911,3730,,Aggregated,374.300000,273.900000,7100,7900,7900,7900,9800,58000,75000,75000,120000,149000,159000,60610,24945,7100.0,9103.255764355003,9.167916956357658,159225.48304195516,8.60389374690645
1728811912,3740,,Aggregated,375.900000,276.500000,7400,7900,7900,7900,9800,58000,75000,75000,120000,149000,159000,61005,25237,7400.0,9090.418131576187,9.167916956357658,159225.48304195516,8.571690845012704
1728811913,3750,,Aggregated,376.600000,278.100000,7500,7900,7900,7900,9600,57000,75000,75000,120000,149000,159000,61387,25510,7500.0,9076.188468351933,9.167916956357658,159225.48304195516,8.54317689413068
1728811914,3760,,Aggregated,376.700000,278.700000,7700,7900,7900,7900,9500,57000,75000,75000,120000,149000,159000,61789,25807,7700.0,9061.645420094428,9.167916956357658,159225.48304195516,8.511304601142598
1728811915,3770,,Aggregated,377.100000,278.200000,7900,7900,7900,7900,9500,56000,75000,75000,120000,149000,159000,62166,26092,7900.0,9050.871624404148,9.167916956357658,159225.48304195516,8.48034295273944
1728811916,3780,,Aggregated,380.100000,280.900000,7900,7900,7900,7900,9400,55000,75000,75000,120000,149000,159000,62573,26397,7900.0,9037.827660120287,9.167916956357658,159225.48304195516,8.447924823805796
1728811917,3790,,Aggregated,388.300000,287.000000,7900,7900,7900,7900,9300,55000,75000,75000,120000,149000,159000,62953,26686,7900.0,9023.334199763967,9.167916956357658,159225.48304195516,8.417088939367465
1728811918,3800,,Aggregated,385.100000,284.900000,7900,7900,7900,7900,9200,51000,75000,75000,120000,149000,159000,63322,26960,7900.0,9015.302239137865,9.167916956357658,159225.48304195516,8.388932756387986
1728811919,3810,,Aggregated,385.100000,284.900000,7900,7900,7900,7900,9200,48000,75000,75000,120000,149000,159000,63658,27214,7900.0,9015.57433794042,9.167916956357658,159225.48304195516,8.370165572276855
1728811920,3820,,Aggregated,383.100000,283.700000,7900,7900,7900,7900,9200,45000,75000,75000,120000,149000,159000,64127,27579,7900.0,9001.045944346559,9.167916956357658,159225.48304195516,8.331514026852963
1728811921,3830,,Aggregated,381.800000,283.500000,7900,7900,7900,7900,9200,41000,75000,75000,120000,149000,159000,64491,27864,7900.0,8991.118712638612,9.167916956357658,159225.48304195516,8.301499434029555
1728811922,3840,,Aggregated,385.700000,287.100000,7900,7900,7900,7900,9200,40000,75000,75000,120000,149000,159000,64823,28125,7900.0,8983.72881937663,9.167916956357658,159225.48304195516,8.27425450843065
1728811923,3850,,Aggregated,384.700000,288.400000,7900,7900,7900,7900,9100,39000,75000,75000,120000,149000,159000,65221,28444,7900.0,8978.581007488425,9.167916956357658,159225.48304195516,8.247972278867236
1728811924,3860,,Aggregated,380.700000,287.400000,7900,7900,7900,7900,9100,38000,75000,75000,120000,149000,159000,65559,28694,7900.0,8966.700372502064,9.167916956357658,159225.48304195516,8.22407297243704
1728811925,3870,,Aggregated,379.800000,289.900000,7900,7900,7900,7900,9100,38000,75000,75000,120000,149000,159000,65654,28702,7900.0,8971.947121234403,9.167916956357658,159225.48304195516,8.250129466597619
1728811926,3880,,Aggregated,374.400000,287.100000,7900,7900,7900,7900,9100,38000,75000,75000,120000,149000,159000,65745,28702,7900.0,8966.442366909727,9.167916956357658,159225.48304195516,8.25802722640505
1728811927,3890,,Aggregated,349.000000,262.100000,7900,7900,7900,7900,9100,38000,75000,75000,120000,149000,159000,65902,28772,7900.0,8968.119981902766,9.167916956357658,159225.48304195516,8.259142362902491
1728811928,3900,,Aggregated,316.500000,231.300000,7900,7900,7900,7900,9600,38000,75000,75000,120000,149000,159000,66296,29074,7900.0,8970.449500477342,9.167916956357658,159225.48304195516,8.22936527090624
1728811929,3910,,Aggregated,292.100000,206.700000,7900,7900,7900,7900,10000,37000,75000,75000,120000,149000,159000,66698,29382,7900.0,8985.052826684792,9.167916956357658,159225.48304195516,8.199346307235599
1728811930,3920,,Aggregated,293.700000,208.700000,7900,7900,7900,7900,10000,36000,75000,75000,120000,149000,159000,67091,29677,7900.0,8987.278899107998,9.167916956357658,159225.48304195516,8.176417105125873
1728811931,3930,,Aggregated,296.300000,210.900000,7900,7900,7900,7900,11000,35000,75000,75000,120000,149000,159000,67491,29980,7900.0,8989.711228575701,9.167916956357658,159225.48304195516,8.150345972055533
1728811932,3940,,Aggregated,295.500000,209.800000,7900,7900,7900,7900,11000,34000,75000,75000,120000,149000,159000,67913,30290,7900.0,8989.19017315787,9.167916956357658,159225.48304195516,8.122524406225612
1728811933,3950,,Aggregated,299.800000,211.700000,7900,7900,7900,7900,11000,34000,75000,75000,120000,149000,159000,68312,30588,7900.0,8990.696796692675,9.167916956357658,159225.48304195516,8.095664012179412
1728811934,3960,,Aggregated,305.700000,214.200000,7900,7900,7900,7900,11000,33000,75000,75000,120000,149000,159000,68688,30858,7900.0,8992.048815352264,9.167916956357658,159225.48304195516,8.072909387374796
1728811935,3970,,Aggregated,308.000000,214.100000,7900,7900,7900,7900,11000,33000,75000,75000,120000,149000,159000,69093,31161,7900.0,8998.043135005117,9.167916956357658,159225.48304195516,8.046126235653395
1728811936,3980,,Aggregated,311.700000,215.000000,7900,7900,7900,7900,11000,32000,75000,75000,120000,149000,159000,69496,31464,7900.0,8999.989791997516,9.167916956357658,159225.48304195516,8.019569471624266
1728811937,3990,,Aggregated,338.100000,240.700000,7900,7900,7900,7900,11000,32000,75000,75000,120000,149000,159000,69764,31641,7900.0,9000.93897518238,9.167916956357658,159225.48304195516,8.006866005389599
1728811938,4000,,Aggregated,369.500000,270.800000,7900,7900,7900,7900,11000,32000,75000,75000,120000,149000,159000,69914,31685,7900.0,8994.622055038937,9.167916956357658,159225.48304195516,8.010756071745288
1728811939,4010,,Aggregated,387.400000,288.400000,7900,7900,7900,7900,11000,32000,75000,75000,120000,148000,159000,70040,31710,7900.0,8986.388039466692,9.167916956357658,159225.48304195516,8.016419189034837
1728811940,4020,,Aggregated,365.900000,265.900000,7900,7900,7900,7900,11000,32000,75000,75000,120000,148000,159000,70296,31866,7900.0,8990.80452650814,9.167916956357658,159225.48304195516,8.011551155115512
1728811941,4030,,Aggregated,338.800000,237.500000,7900,7900,7900,7900,11000,32000,75000,75000,120000,148000,159000,70689,32164,7900.0,8995.964359698843,9.167916956357658,159225.48304195516,7.98569791622459
1728811942,4040,,Aggregated,321.000000,219.500000,7900,7900,7900,7900,11000,32000,75000,75000,120000,148000,159000,71076,32448,7900.0,9007.672619072107,9.167916956357658,159225.48304195516,7.9623501603916935
1728811943,4050,,Aggregated,317.500000,216.700000,7900,7900,7900,7900,11000,31000,75000,75000,120000,148000,159000,71890,33128,7900.0,9002.332047315176,9.167916956357658,159225.48304195516,7.8981221310335235
1728811944,4060,,Aggregated,317.200000,216.800000,7900,7900,7900,7900,11000,31000,75000,75000,120000,148000,159000,72590,33728,7900.0,9018.173081777164,9.167916956357658,159225.48304195516,7.841080038572806
1728811945,4070,,Aggregated,340.600000,239.200000,7900,7900,7900,7900,11000,30000,75000,75000,121000,148000,159000,73269,34300,7900.0,9022.005076584404,9.167916956357658,159225.48304195516,7.7887783373595925
1728811946,4080,,Aggregated,373.000000,271.700000,7900,7900,7900,7900,11000,30000,75000,75000,121000,148000,159000,73645,34581,7900.0,9013.099372432252,9.167916956357658,159225.48304195516,7.766935976644715
1728811947,4090,,Aggregated,404.100000,302.700000,7900,7900,7900,7900,11000,30000,75000,75000,121000,148000,159000,73895,34742,7900.0,9006.043165463398,9.167916956357658,159225.48304195516,7.757344881250423
1728811948,4100,,Aggregated,405.600000,305.000000,7900,7900,7900,7900,11000,30000,75000,75000,120000,148000,159000,74057,34803,7900.0,9000.051465321269,9.167916956357658,159225.48304195516,7.759374535830509
1728811949,4110,,Aggregated,408.200000,307.200000,7900,7900,7900,7900,11000,30000,75000,75000,120000,148000,159000,74236,34877,7900.0,8993.04343366205,9.167916956357658,159225.48304195516,7.760345384988415
1728811950,4120,,Aggregated,409.900000,309.100000,7900,7900,7900,7900,11000,30000,75000,75000,120000,148000,159000,74517,35057,7900.0,8987.52561607811,9.167916956357658,159225.48304195516,7.751989478910852
1728811951,4130,,Aggregated,414.200000,313.900000,7900,7900,7900,7900,11000,29000,75000,75000,120000,148000,159000,74912,35344,7900.0,8975.986016370447,9.167916956357658,159225.48304195516,7.731217962409227
1728811952,4140,,Aggregated,414.300000,313.500000,7900,7900,7900,8000,11000,29000,75000,75000,120000,148000,159000,75402,35736,7900.0,8966.43317513033,9.167916956357658,159225.48304195516,7.699026551019867
1728811953,4150,,Aggregated,416.000000,313.700000,7900,7900,7900,8000,11000,27000,75000,75000,120000,148000,159000,76088,36327,7900.0,8954.075341071662,9.167916956357658,159225.48304195516,7.646987698454422
1728811954,4160,,Aggregated,419.900000,317.500000,7900,7900,7900,8000,11000,25000,75000,75000,120000,148000,159000,76805,36952,7900.0,8940.691001559384,9.167916956357658,159225.48304195516,7.592266128507259
1728811955,4170,,Aggregated,417.900000,317.500000,7900,7900,7900,8000,11000,23000,75000,75000,120000,148000,159000,77398,37452,7900.0,8928.847328039079,9.167916956357658,159225.48304195516,7.550866947466343
1728811956,4180,,Aggregated,407.700000,308.400000,7900,7900,7900,8000,11000,23000,75000,75000,120000,148000,159000,77780,37757,7900.0,8919.30208425552,9.167916956357658,159225.48304195516,7.5275520699408585
1728811957,4190,,Aggregated,413.000000,314.400000,7900,7900,7900,8000,11000,22000,75000,75000,120000,148000,159000,78029,37927,7900.0,8912.23496783379,9.167916956357658,159225.48304195516,7.517640877109793
1728811958,4200,,Aggregated,418.300000,320.200000,7900,7900,7900,8000,11000,22000,75000,75000,120000,148000,159000,78219,38010,7900.0,8904.24073352144,9.167916956357658,159225.48304195516,7.518454595430778
1728811959,4210,,Aggregated,414.100000,319.200000,7900,7900,7900,8000,11000,21000,75000,75000,120000,148000,159000,78396,38095,7900.0,8898.899494557252,9.167916956357658,159225.48304195516,7.517781519465279
1728811960,4220,,Aggregated,415.900000,320.100000,7900,7900,7900,8000,11000,21000,75000,75000,120000,148000,159000,78709,38317,7900.0,8890.72134314097,9.167916956357658,159225.48304195516,7.503970321056042
1728811961,4230,,Aggregated,417.600000,322.700000,7900,7900,7900,8000,11000,20000,75000,75000,120000,148000,159000,79121,38624,7900.0,8883.150847958477,9.167916956357658,159225.48304195516,7.483360928198582
1728811962,4240,,Aggregated,418.200000,325.200000,7900,7900,7900,8000,11000,20000,75000,75000,120000,148000,159000,79635,39037,7900.0,8877.34583797672,9.167916956357658,159225.48304195516,7.452702957242418
1728811963,4250,,Aggregated,416.400000,323.700000,7900,7900,7900,8000,11000,20000,75000,75000,120000,148000,159000,80301,39600,7900.0,8870.00653862689,9.167916956357658,159225.48304195516,7.4087246734162715
1728811964,4260,,Aggregated,421.700000,328.900000,7900,7900,7900,8000,11000,19000,75000,75000,120000,148000,159000,81047,40231,7900.0,8858.260264908877,9.167916956357658,159225.48304195516,7.370180265771713
1728811965,4270,,Aggregated,420.500000,327.100000,7900,7900,7900,8000,11000,19000,75000,75000,120000,148000,159000,81594,40683,7900.0,8847.98259709992,9.167916956357658,159225.48304195516,7.336985562663921
1728811966,4280,,Aggregated,432.300000,337.100000,7900,7900,7900,8000,11000,19000,75000,75000,120000,148000,159000,82084,41065,7900.0,8847.786547788455,9.167916956357658,159225.48304195516,7.318783197699918
1728811967,4290,,Aggregated,426.600000,329.600000,7900,7900,7900,8000,11000,19000,75000,75000,120000,148000,159000,82361,41245,7900.0,8844.994451347304,9.167916956357658,159225.48304195516,7.310547467854931
1728811968,4300,,Aggregated,423.200000,325.600000,7900,7900,7900,8000,11000,19000,75000,75000,120000,148000,159000,82551,41342,7900.0,8840.506492240651,9.167916956357658,159225.48304195516,7.309408729149253
1728811969,4310,,Aggregated,427.200000,327.000000,7900,7900,7900,8000,11000,18000,75000,75000,120000,148000,159000,82779,41480,7900.0,8836.783983491661,9.167916956357658,159225.48304195516,7.304400874617959
1728811970,4320,,Aggregated,430.700000,331.200000,7900,7900,7900,8000,11000,19000,75000,75000,120000,148000,159000,82939,41527,7900.0,8843.592287065856,9.167916956357658,159225.48304195516,7.309275491626376
1728811971,4330,,Aggregated,430.900000,332.200000,7900,7900,7900,8000,11000,19000,75000,75000,120000,148000,159000,83048,41529,7900.0,8845.154811103252,9.167916956357658,159225.48304195516,7.321488777574415
1728811972,4340,,Aggregated,430.400000,330.900000,7900,7900,7900,8000,11000,19000,75000,75000,120000,148000,159000,83152,41530,7900.0,8840.598220490308,9.167916956357658,159225.48304195516,7.329480950548393
1728811973,4350,,Aggregated,403.600000,305.200000,7900,7900,7900,8000,11000,19000,75000,75000,120000,148000,159000,83258,41530,7900.0,8836.547283993303,9.167916956357658,159225.48304195516,7.337901462922482
1728811974,4360,,Aggregated,364.800000,266.100000,7900,7900,7900,8000,11000,19000,75000,75000,120000,148000,159000,83355,41530,7900.0,8834.701833522355,9.167916956357658,159225.48304195516,7.345522164237298
1728811975,4370,,Aggregated,315.000000,215.700000,7900,7900,7900,8000,11000,19000,75000,75000,120000,148000,159000,83453,41530,7900.0,8828.02880451133,9.167916956357658,159225.48304195516,7.353180832324782
1728811976,4380,,Aggregated,252.600000,154.500000,7900,7900,7900,8000,11000,19000,75000,75000,120000,148000,159000,83549,41530,7900.0,8823.674838673647,9.167916956357658,159225.48304195516,7.3606626051778
1728811977,4390,,Aggregated,191.400000,95.400000,7900,7900,8000,8000,11000,18000,75000,75000,120000,148000,159000,84030,41917,7900.0,8832.595998726794,9.167916956357658,159225.48304195516,7.33408306557182
1728811978,4400,,Aggregated,158.100000,61.200000,7900,7900,8000,8000,11000,18000,75000,75000,120000,148000,159000,84672,42458,7900.0,8849.409282503535,9.167916956357658,159225.48304195516,7.295008975812547
1728811979,4410,,Aggregated,135.100000,37.900000,7900,7900,8000,8000,11000,18000,75000,75000,120000,148000,159000,85317,43005,7900.0,8869.86433605672,9.167916956357658,159225.48304195516,7.255845845493864
1728811980,4420,,Aggregated,172.800000,76.000000,7900,7900,8000,8000,11000,18000,75000,75000,120000,148000,159000,86026,43630,7900.0,8910.12510357934,9.167916956357658,159225.48304195516,7.209622672215377
1728811981,4430,,Aggregated,220.000000,121.500000,7900,7900,8000,8000,11000,18000,75000,75000,120000,148000,159000,86651,44185,7900.0,8953.880986495498,9.167916956357658,159225.48304195516,7.168849753609306
1728811982,4440,,Aggregated,265.400000,166.900000,7900,7900,8000,8000,11000,18000,75000,75000,120000,148000,159000,87240,44706,7900.0,8998.468024092384,9.167916956357658,159225.48304195516,7.131315910132966
1728811983,4450,,Aggregated,322.600000,224.900000,7900,7900,8000,8000,11000,18000,75000,75000,120000,148000,159000,87324,44706,7900.0,8996.880168078871,9.167916956357658,159225.48304195516,7.137842975585177
1728811984,4460,,Aggregated,377.700000,284.700000,7900,7900,8000,8000,11000,18000,75000,75000,120000,148000,159000,87408,44708,7900.0,8995.593496018495,9.167916956357658,159225.48304195516,7.147686710598572
1728811985,4470,,Aggregated,407.900000,317.600000,7900,7900,8000,8000,11000,18000,75000,75000,120000,148000,159000,87500,44708,7900.0,8993.817867580787,9.167916956357658,159225.48304195516,7.154834285714286
1728811986,4480,,Aggregated,406.000000,317.600000,7900,7900,8000,8000,11000,18000,75000,75000,120000,148000,159000,87585,44708,7900.0,8992.40121763461,9.167916956357658,159225.48304195516,7.161340412171034
1728811987,4490,,Aggregated,405.400000,317.800000,7900,7900,8000,8000,11000,18000,75000,75000,120000,148000,159000,87667,44711,7900.0,8990.165203447217,9.167916956357658,159225.48304195516,7.170828247801339
1728811988,4500,,Aggregated,404.700000,317.800000,7900,7900,8000,8000,11000,18000,75000,75000,120000,148000,159000,87747,44711,7900.0,8989.766522610795,9.167916956357658,159225.48304195516,7.176951918584111
1728811989,4510,,Aggregated,403.300000,317.800000,7900,7900,8000,8000,11000,18000,75000,75000,120000,148000,159000,87831,44711,7900.0,8988.78106193078,9.167916956357658,159225.48304195516,7.183420432421355
1728811990,4520,,Aggregated,349.700000,266.200000,7900,7900,8000,8000,11000,18000,75000,75000,120000,148000,159000,87916,44711,7900.0,8984.344829962569,9.167916956357658,159225.48304195516,7.189908549069567
1728811991,4530,,Aggregated,292.900000,211.000000,7900,7900,8000,8000,11000,18000,75000,75000,120000,148000,159000,88006,44712,7900.0,8983.875378404022,9.167916956357658,159225.48304195516,7.196691134695362
1728811992,4540,,Aggregated,232.200000,151.600000,7900,7900,8000,8000,11000,18000,75000,75000,120000,148000,159000,88088,44712,7900.0,8981.20153712518,9.167916956357658,159225.48304195516,7.2029561347743165
1728811993,4550,,Aggregated,174.700000,93.600000,7900,7900,8000,8000,11000,18000,75000,75000,121000,148000,159000,88174,44712,7900.0,8998.13957385014,9.167916956357658,159225.48304195516,7.2094494975843215
1728811994,4560,,Aggregated,116.900000,33.600000,7900,7900,8000,8000,11000,18000,75000,75000,121000,148000,159000,88269,44719,7900.0,8996.829613792239,9.167916956357658,159225.48304195516,7.215511674540325
1728811995,4570,,Aggregated,84.900000,0.600000,7900,7900,8000,8000,12000,18000,75000,75000,121000,148000,159000,88500,44843,7900.0,9014.929903734897,9.167916956357658,159225.48304195516,7.213514124293785
1728811996,4580,,Aggregated,85.100000,0.600000,7900,7900,8000,8000,12000,19000,75000,75000,121000,148000,159000,88690,44937,7900.0,9036.51785471114,9.167916956357658,159225.48304195516,7.213090540083437
1728811997,4590,,Aggregated,87.900000,2.900000,7900,7900,8000,8000,12000,20000,75000,75000,121000,148000,159000,88808,44960,7900.0,9036.709518984251,9.167916956357658,159225.48304195516,7.218358706422845
1728811998,4600,,Aggregated,101.200000,15.300000,7900,7900,8000,8000,12000,20000,75000,75000,121000,148000,159000,88913,44970,7900.0,9033.661512855664,9.167916956357658,159225.48304195516,7.224657811568612
1728811999,4610,,Aggregated,110.900000,23.600000,7900,7900,8000,8000,12000,20000,75000,75000,121000,148000,159000,89017,44981,7900.0,9030.346305162177,9.167916956357658,159225.48304195516,7.230764910073357
1728812000,4620,,Aggregated,113.600000,24.900000,7900,7900,8000,8000,12000,20000,75000,75000,121000,148000,159000,89120,44991,7900.0,9028.842840755342,9.167916956357658,159225.48304195516,7.236938958707361
1728812001,4630,,Aggregated,116.000000,25.900000,7900,7900,8000,8000,12000,20000,75000,75000,121000,148000,159000,89223,45001,7900.0,9026.662556246505,9.167916956357658,159225.48304195516,7.243020297456933
1728812002,4640,,Aggregated,118.100000,27.000000,7900,7900,8000,8000,12000,20000,75000,75000,121000,148000,159000,89331,45014,7900.0,9026.04420165059,9.167916956357658,159225.48304195516,7.2490848641569
1728812003,4650,,Aggregated,119.000000,27.900000,7900,7900,8000,8000,12000,25000,75000,75000,121000,148000,159000,89613,45201,7900.0,9057.462975427106,9.167916956357658,159225.48304195516,7.2409583430975415
1728812004,4660,,Aggregated,121.100000,28.900000,7900,7900,8000,8000,12000,25000,75000,75000,121000,140000,159000,90082,45575,7900.0,9117.706151438244,9.167916956357658,159225.48304195516,7.217912568548655
1728812005,4670,,Aggregated,124.200000,30.800000,7900,7900,8000,8100,12000,25000,75000,75000,121000,140000,159000,90890,46276,7900.0,9235.097282786042,9.167916956357658,159225.48304195516,7.170172736274617
1728812006,4680,,Aggregated,148.700000,54.300000,7900,7900,8000,8600,12000,25000,75000,75000,121000,140000,159000,91565,46866,7900.0,9327.993432294978,9.167916956357658,159225.48304195516,7.130224430732267
1728812007,4690,,Aggregated,197.800000,103.100000,7900,7900,8000,8900,14000,25000,75000,75000,121000,140000,159000,92155,47366,7900.0,9408.473768150523,9.167916956357658,159225.48304195516,7.098139004937334
1728812008,4700,,Aggregated,244.300000,149.100000,7900,7900,8000,9200,16000,25000,75000,75000,121000,140000,159000,92860,47984,7900.0,9506.170135967253,9.167916956357658,159225.48304195516,7.057301313805729
1728812009,4710,,Aggregated,295.200000,201.100000,7900,7900,8000,9400,17000,25000,75000,75000,120000,140000,159000,93214,48243,7900.0,9543.76669108535,9.167916956357658,159225.48304195516,7.0446928572961145
1728812010,4720,,Aggregated,344.300000,250.100000,7900,7900,8000,9400,17000,25000,75000,75000,120000,140000,159000,93311,48268,7900.0,9544.90361383076,9.167916956357658,159225.48304195516,7.048097223264138
1728812011,4730,,Aggregated,399.000000,305.900000,7900,7900,8000,9400,17000,25000,75000,75000,120000,140000,159000,93457,48278,7900.0,9540.69658776938,9.167916956357658,159225.48304195516,7.057373979477193
1728812012,4740,,Aggregated,420.600000,327.200000,7900,7900,8000,9400,17000,25000,75000,75000,121000,148000,159000,93562,48278,7900.0,9534.621196640517,9.167916956357658,159225.48304195516,7.065069152006156
1728812013,4750,,Aggregated,421.200000,327.700000,7900,7900,8000,9400,17000,25000,75000,75000,121000,148000,159000,93667,48278,7900.0,9529.327676870846,9.167916956357658,159225.48304195516,7.072757748193067
1728812014,4760,,Aggregated,422.500000,327.700000,7900,7900,8000,9400,17000,25000,75000,75000,121000,148000,159000,93767,48278,7900.0,9529.0541639725,9.167916956357658,159225.48304195516,7.08009214329135
1728812015,4770,,Aggregated,421.400000,325.800000,7900,7900,8000,9400,17000,25000,75000,75000,121000,148000,159000,93880,48278,7900.0,9529.51513409481,9.167916956357658,159225.48304195516,7.088304218150831
1728812016,4780,,Aggregated,399.000000,302.300000,7900,7900,8000,9400,17000,25000,75000,75000,121000,148000,159000,93992,48288,7900.0,9525.353542730447,9.167916956357658,159225.48304195516,7.094954889777854
1728812017,4790,,Aggregated,348.300000,251.000000,7900,7900,8000,9400,17000,25000,75000,75000,120000,148000,159000,94108,48299,7900.0,9523.474618472399,9.167916956357658,159225.48304195516,7.101744803842394
1728812018,4800,,Aggregated,290.500000,192.600000,7900,7900,8000,9400,17000,25000,75000,75000,120000,148000,159000,94225,48309,7900.0,9520.140640470938,9.167916956357658,159225.48304195516,7.108697267179624
1728812019,4810,,Aggregated,233.000000,133.300000,7900,7900,8000,9300,17000,25000,75000,75000,120000,148000,159000,94341,48319,7900.0,9519.362200827729,9.167916956357658,159225.48304195516,7.115570112676355
1728812021,4820,,Aggregated,184.800000,83.800000,7900,7900,8000,9300,17000,25000,75000,75000,120000,148000,159000,94448,48319,7900.0,9511.650362667751,9.167916956357658,159225.48304195516,7.123295358292394
1728812022,4830,,Aggregated,131.000000,28.000000,7900,7900,8000,9300,17000,25000,75000,75000,120000,148000,159000,94561,48320,7900.0,9504.757670870247,9.167916956357658,159225.48304195516,7.131312063112699
1728812023,4840,,Aggregated,110.700000,6.600000,7900,7900,8000,9300,17000,25000,75000,75000,120000,148000,159000,94668,48320,7900.0,9498.568127730152,9.167916956357658,159225.48304195516,7.138959310432248
1728812024,4850,,Aggregated,110.800000,5.100000,7900,7900,8000,9200,17000,25000,75000,75000,120000,148000,159000,94776,48320,7900.0,9491.537851929834,9.167916956357658,159225.48304195516,7.146619397315776
1728812025,4860,,Aggregated,110.600000,4.200000,7900,7900,8000,9200,17000,25000,75000,75000,120000,148000,159000,94886,48320,7900.0,9484.73701856314,9.167916956357658,159225.48304195516,7.154459035052589
1728812026,4870,,Aggregated,110.900000,4.200000,7900,7900,8000,9200,17000,25000,75000,75000,120000,148000,159000,95008,48320,7900.0,9482.741554806864,9.167916956357658,159225.48304195516,7.163133630852139
1728812027,4880,,Aggregated,111.800000,4.200000,7900,7900,8000,9200,17000,25000,75000,75000,120000,148000,159000,95104,48320,7900.0,9480.031690897229,9.167916956357658,159225.48304195516,7.16996130551817
1728812028,4890,,Aggregated,112.300000,4.200000,7900,7900,8000,9900,18000,25000,75000,75000,120000,148000,159000,95782,48879,7900.0,9536.875473085249,9.167916956357658,159225.48304195516,7.136497462988871
1728812029,4900,,Aggregated,110.600000,3.200000,7900,7900,8000,10000,18000,25000,75000,75000,120000,148000,159000,96513,49504,7900.0,9600.9148125745,9.167916956357658,159225.48304195516,7.097738128542269
1728812030,4910,,Aggregated,162.700000,54.100000,7900,7900,8000,11000,19000,25000,75000,75000,120000,148000,159000,97181,50075,7900.0,9657.638171172495,9.167916956357658,159225.48304195516,7.0627900515532875
1728812031,4920,,Aggregated,224.200000,115.700000,7900,7900,8000,11000,20000,25000,75000,75000,120000,148000,159000,97722,50514,7900.0,9701.239580543173,9.167916956357658,159225.48304195516,7.03826159923047
1728812032,4930,,Aggregated,280.400000,172.900000,7900,7900,8000,11000,20000,25000,75000,75000,120000,148000,159000,98180,50868,7900.0,9734.016762574222,9.167916956357658,159225.48304195516,7.020177225504176
1728812033,4940,,Aggregated,326.400000,219.500000,7900,7900,8000,11000,20000,25000,75000,75000,120000,148000,159000,98433,51010,7900.0,9750.452270442811,9.167916956357658,159225.48304195516,7.017829386486239
1728812034,4950,,Aggregated,360.500000,254.000000,7900,7900,8000,11000,20000,25000,75000,75000,120000,148000,159000,98679,51147,7900.0,9775.16382349205,9.167916956357658,159225.48304195516,7.015687228285653
1728812035,4960,,Aggregated,375.700000,268.800000,7900,7900,8000,11000,20000,25000,75000,75000,120000,148000,159000,98888,51258,7900.0,9799.268766529642,9.167916956357658,159225.48304195516,7.024371005582073
1728812036,4970,,Aggregated,389.600000,282.400000,7900,7900,8000,11000,20000,25000,75000,75000,120000,148000,159000,99051,51324,7900.0,9814.909355315714,9.167916956357658,159225.48304195516,7.040948602235212
1728812037,4980,,Aggregated,399.700000,293.600000,7900,7900,8000,11000,20000,25000,75000,75000,120000,148000,159000,99185,51369,7900.0,9820.244751290915,9.167916956357658,159225.48304195516,7.043897766799415
1728812038,4990,,Aggregated,404.300000,300.300000,7900,7900,8000,11000,20000,25000,75000,75000,120000,148000,159000,99325,51408,7900.0,9819.825979736115,9.167916956357658,159225.48304195516,7.048084570853259
1728812039,5000,,Aggregated,407.800000,304.800000,7900,7900,8000,11000,20000,25000,75000,75000,120000,148000,159000,99458,51444,7900.0,9821.570781233828,9.167916956357658,159225.48304195516,7.052283375897364
1728812040,5010,,Aggregated,358.200000,256.800000,7900,7900,8000,11000,20000,25000,75000,75000,120000,148000,159000,99616,51508,7900.0,9828.22203635257,9.167916956357658,159225.48304195516,7.054238274975908
1728812041,5020,,Aggregated,298.800000,197.800000,7900,7900,8000,11000,20000,25000,75000,75000,120000,148000,159000,99996,51801,7900.0,9848.163710921835,9.167916956357658,159225.48304195516,7.03953158126325
1728812042,5030,,Aggregated,246.400000,145.800000,7900,7900,8000,11000,20000,25000,75000,75000,120000,140000,159000,100828,52560,7900.0,9926.157178470778,9.167916956357658,159225.48304195516,6.9915202126393465
1728812043,5040,,Aggregated,223.600000,124.200000,7900,7900,8600,11000,20000,32000,75000,75000,120000,140000,159000,101994,53633,7900.0,10042.944638076606,9.167916956357658,159225.48304195516,6.9243092730944955
1728812044,5050,,Aggregated,258.400000,162.800000,7900,7900,8900,11000,20000,32000,75000,75000,120000,140000,159000,102619,54166,7900.0,10050.830082195922,9.167916956357658,159225.48304195516,6.8976505325524515
1728812045,5060,,Aggregated,351.700000,258.000000,7900,7900,9100,11000,20000,32000,75000,75000,120000,140000,159000,103175,54655,7900.0,10063.786114614622,9.167916956357658,159225.48304195516,6.878245699055004
1728812046,5070,,Aggregated,390.300000,298.400000,7900,7900,9200,11000,20000,31000,75000,75000,120000,140000,159000,103519,54925,7900.0,10064.206127007597,9.167916956357658,159225.48304195516,6.8653387300881965
1728812047,5080,,Aggregated,426.300000,337.400000,7900,7900,9200,11000,20000,31000,75000,75000,120000,140000,159000,103785,55087,7900.0,10062.901028506112,9.167916956357658,159225.48304195516,6.861588861588862
1728812048,5090,,Aggregated,445.600000,359.100000,7900,8000,9400,11000,20000,31000,75000,75000,120000,140000,159000,104035,55232,7900.0,10063.280954214655,9.167916956357658,159225.48304195516,6.859201230355169
1728812049,5100,,Aggregated,458.500000,370.500000,7900,8000,9500,11000,20000,31000,75000,75000,120000,140000,159000,104253,55346,7900.0,10060.32739524655,9.167916956357658,159225.48304195516,6.858737878046675
1728812050,5110,,Aggregated,469.600000,381.700000,7900,8000,9600,11000,20000,31000,75000,75000,120000,140000,159000,104425,55416,7900.0,10055.427001671593,9.167916956357658,159225.48304195516,6.8610007182188175
1728812051,5120,,Aggregated,478.400000,389.400000,7900,8000,9500,11000,20000,31000,75000,75000,120000,140000,159000,104840,55727,7900.0,10044.95139724862,9.167916956357658,159225.48304195516,6.847663105684853
1728812052,5130,,Aggregated,479.700000,390.100000,7900,8000,9200,11000,20000,30000,75000,75000,119000,140000,159000,105661,56451,7900.0,10028.817025490027,9.167916956357658,159225.48304195516,6.807213636062502
1728812053,5140,,Aggregated,484.000000,392.800000,7900,8000,9100,11000,20000,30000,75000,75000,119000,140000,159000,106753,57437,7900.0,10008.111275919036,9.167916956357658,159225.48304195516,6.7513699849184565
1728812054,5150,,Aggregated,482.500000,388.700000,7900,8000,9000,11000,20000,29000,75000,75000,119000,140000,159000,107606,58187,7900.0,9991.990134107817,9.167916956357658,159225.48304195516,6.711214988011821
1728812055,5160,,Aggregated,470.400000,375.100000,7900,8000,9000,11000,20000,29000,75000,75000,118000,140000,159000,108146,58657,7900.0,9980.4491974998,9.167916956357658,159225.48304195516,6.686710557949438
1728812056,5170,,Aggregated,497.300000,400.800000,7900,8000,9000,11000,20000,29000,75000,75000,118000,140000,159000,108640,59062,7900.0,9969.107233226865,9.167916956357658,159225.48304195516,6.667654639175257
1728812057,5180,,Aggregated,495.700000,398.300000,7900,8000,8900,11000,20000,28000,75000,75000,118000,140000,159000,108959,59243,7900.0,9959.171760328192,9.167916956357658,159225.48304195516,6.665791719821217
1728812058,5190,,Aggregated,505.100000,408.500000,7900,8000,8900,11000,20000,27000,75000,75000,118000,140000,159000,109240,59406,7900.0,9950.172981197018,9.167916956357658,159225.48304195516,6.663676309044306
1728812059,5200,,Aggregated,511.700000,412.500000,7900,8000,8900,11000,20000,26000,75000,75000,118000,140000,159000,109489,59540,7900.0,9941.917455701785,9.167916956357658,159225.48304195516,6.663171642813433
1728812060,5210,,Aggregated,514.900000,413.600000,7900,8000,8900,11000,20000,26000,75000,75000,118000,140000,159000,109719,59666,7900.0,9934.943385183973,9.167916956357658,159225.48304195516,6.662392110755658
1728812061,5220,,Aggregated,518.600000,416.900000,7900,8000,8800,11000,20000,25000,75000,75000,117000,136000,159000,110172,60004,7900.0,9921.836863426824,9.167916956357658,159225.48304195516,6.649484442508078
1728812062,5230,,Aggregated,517.100000,416.700000,7900,8000,8500,11000,20000,25000,75000,75000,116000,136000,159000,111021,60746,7900.0,9907.896983932294,9.167916956357658,159225.48304195516,6.612064384215599
1728812063,5240,,Aggregated,519.900000,417.300000,7900,8000,8400,11000,20000,25000,75000,75000,116000,136000,159000,112020,61644,7900.0,9888.57981481603,9.167916956357658,159225.48304195516,6.565613283342261
1728812064,5250,,Aggregated,514.700000,410.400000,7900,8000,8300,11000,20000,25000,75000,75000,116000,136000,159000,112927,62448,7900.0,9871.885818081417,9.167916956357658,159225.48304195516,6.52556961576948
1728812065,5260,,Aggregated,507.200000,403.100000,7900,8000,8300,11000,20000,25000,75000,75000,116000,136000,159000,113618,63030,7900.0,9856.432187936529,9.167916956357658,159225.48304195516,6.4992254748367335
1728812066,5270,,Aggregated,505.500000,402.100000,7900,8000,8300,11000,20000,25000,75000,75000,116000,136000,159000,113955,63280,7900.0,9849.690526004071,9.167916956357658,159225.48304195516,6.4906059409416
1728812067,5280,,Aggregated,528.400000,423.300000,7900,8000,8300,11000,20000,25000,75000,75000,116000,136000,159000,114033,63280,7900.0,9844.992538316057,9.167916956357658,159225.48304195516,6.49570738295055
1728812068,5290,,Aggregated,534.500000,425.200000,7900,8000,8300,11000,20000,25000,75000,75000,116000,136000,159000,114310,63433,7900.0,9841.04055005582,9.167916956357658,159225.48304195516,6.495057300323682
1728812069,5300,,Aggregated,512.700000,408.200000,7900,8000,8300,11000,20000,25000,75000,75000,116000,136000,159000,114554,63588,7900.0,9837.125184371998,9.167916956357658,159225.48304195516,6.492029959669676
1728812070,5310,,Aggregated,502.700000,400.000000,7900,8000,8300,11000,20000,25000,75000,75000,116000,136000,159000,114689,63589,7900.0,9829.40590630357,9.008125052787364,159225.48304195516,6.500640863552738
1728812071,5320,,Aggregated,509.000000,406.300000,7900,8000,8300,11000,20000,25000,75000,75000,116000,136000,159000,114793,63589,7900.0,9827.005971849783,9.008125052787364,159225.48304195516,6.507356720357513
1728812072,5330,,Aggregated,505.700000,401.400000,7900,8000,8300,11000,20000,25000,75000,75000,116000,136000,159000,114895,63589,7900.0,9823.50983477861,9.008125052787364,159225.48304195516,6.513895295704774
1728812073,5340,,Aggregated,475.300000,373.200000,7900,8000,8300,11000,20000,25000,75000,75000,116000,136000,159000,115000,63589,7900.0,9817.409634797192,9.008125052787364,159225.48304195516,6.520652173913043
1728812074,5350,,Aggregated,411.900000,311.000000,7900,8000,8300,11000,20000,25000,75000,75000,113000,136000,159000,115108,63589,7900.0,9811.7584782379,9.008125052787364,159225.48304195516,6.5276088542933595
1728812075,5360,,Aggregated,322.100000,221.900000,7900,8000,8300,11000,20000,25000,75000,75000,113000,136000,159000,115210,63589,7900.0,9807.597218624009,9.008125052787364,159225.48304195516,6.5341984202760175
1728812076,5370,,Aggregated,244.400000,143.200000,7900,8000,8300,11000,20000,25000,75000,75000,113000,136000,159000,115303,63589,7900.0,9803.85988433381,9.008125052787364,159225.48304195516,6.540098696477975
1728812077,5380,,Aggregated,176.700000,74.300000,7900,8000,8300,11000,20000,25000,75000,75000,113000,136000,159000,115387,63589,7900.0,9800.800941732754,9.008125052787364,159225.48304195516,6.545486059954761
1728812078,5390,,Aggregated,135.300000,33.800000,7900,8000,8300,11000,20000,25000,75000,75000,113000,136000,159000,115481,63589,7900.0,9795.491238608989,9.008125052787364,159225.48304195516,6.551493319247322
1728812079,5400,,Aggregated,132.400000,30.900000,7900,8000,8300,11000,20000,25000,75000,75000,113000,136000,159000,115583,63589,7900.0,9789.656641048881,9.008125052787364,159225.48304195516,6.557971327963455
1728812080,5410,,Aggregated,123.100000,22.800000,7900,8000,8300,11000,20000,25000,75000,75000,113000,136000,159000,115675,63589,7900.0,9784.557546828906,9.008125052787364,159225.48304195516,6.563821050356602
1728812081,5420,,Aggregated,100.300000,1.900000,7900,8000,8300,11000,20000,25000,75000,75000,113000,136000,159000,115767,63589,7900.0,9780.321633352087,9.008125052787364,159225.48304195516,6.569652837164305
1728812082,5430,,Aggregated,98.300000,0.100000,7900,8000,8300,11000,20000,25000,75000,75000,113000,136000,159000,115862,63589,7900.0,9775.160565999715,9.008125052787364,159225.48304195516,6.575702128394124
1728812083,5440,,Aggregated,97.100000,0.000000,7900,8000,8300,11000,20000,25000,75000,75000,113000,136000,159000,115960,63589,7900.0,9770.393985757171,9.008125052787364,159225.48304195516,6.581907554329079
1728812084,5450,,Aggregated,96.000000,0.000000,7900,8000,8300,11000,20000,25000,75000,75000,111000,136000,159000,116055,63589,7900.0,9768.610716820602,9.008125052787364,159225.48304195516,6.587919520916807
1728812085,5460,,Aggregated,95.800000,0.000000,7900,8000,8300,11000,20000,25000,75000,75000,111000,136000,159000,116154,63589,7900.0,9768.720814800768,9.008125052787364,159225.48304195516,6.594125040893986
1728812086,5470,,Aggregated,95.200000,0.000000,7900,8000,8300,11000,20000,25000,75000,75000,111000,136000,159000,116255,63589,7900.0,9762.827697488867,9.008125052787364,159225.48304195516,6.600490301492409
1728812087,5480,,Aggregated,94.000000,0.000000,7900,8000,8300,11000,20000,25000,75000,75000,111000,136000,159000,116362,63612,7900.0,9761.407880550476,9.008125052787364,159225.48304195516,6.604475687939361
1728812088,5490,,Aggregated,94.600000,0.000000,7900,8000,8300,11000,20000,25000,75000,75000,111000,136000,159000,116606,63763,7900.0,9779.166250650254,9.008125052787364,159225.48304195516,6.601735759737921
1728812089,5500,,Aggregated,95.800000,0.000000,7900,8000,8300,11000,20000,28000,75000,75000,111000,136000,159000,116833,63892,7900.0,9795.014994545554,9.008125052787364,159225.48304195516,6.60059229840884
1728812090,5510,,Aggregated,99.800000,4.600000,7900,8000,8300,11000,20000,28000,75000,75000,110000,136000,159000,117189,64151,7900.0,9834.698151004259,9.008125052787364,159225.48304195516,6.602283490771318
1728812091,5520,,Aggregated,115.700000,20.800000,7900,8000,8500,11000,20000,28000,75000,75000,110000,136000,159000,117791,64665,7900.0,9913.498488638052,9.008125052787364,159225.48304195516,6.57889821803024
1728812092,5530,,Aggregated,129.300000,34.800000,7900,8000,8900,11000,20000,28000,75000,75000,110000,136000,159000,118628,65411,7900.0,10022.376502112662,9.008125052787364,159225.48304195516,6.543143271403041
1728812093,5540,,Aggregated,163.100000,68.700000,7900,8000,9200,11000,22000,28000,75000,75000,110000,136000,159000,119612,66297,7900.0,10152.132134037705,9.008125052787364,159225.48304195516,6.500710631040364
1728812094,5550,,Aggregated,225.000000,131.400000,7900,8000,9500,11000,25000,28000,75000,75000,109000,135000,159000,120450,67047,7900.0,10259.556544173558,9.008125052787364,159225.48304195516,6.465670402656704
1728812095,5560,,Aggregated,290.900000,197.200000,7900,8000,10000,12000,25000,28000,75000,75000,109000,135000,159000,120985,67475,7900.0,10319.177164970051,9.008125052787364,159225.48304195516,6.449361491093938
1728812096,5570,,Aggregated,388.200000,294.900000,7900,8000,10000,12000,25000,28000,75000,75000,109000,135000,159000,121204,67630,7900.0,10339.328142053824,9.008125052787364,159225.48304195516,6.447509983168873
1728812097,5580,,Aggregated,456.900000,364.300000,7900,8000,10000,12000,25000,28000,75000,75000,109000,135000,159000,121354,67703,7900.0,10347.728114123005,9.008125052787364,159225.48304195516,6.448382418379287
1728812098,5590,,Aggregated,487.600000,395.400000,7900,8000,10000,12000,25000,28000,75000,75000,109000,135000,159000,121637,67865,7900.0,10373.307222903562,9.008125052787364,159225.48304195516,6.452469232223748
1728812099,5600,,Aggregated,496.300000,405.900000,7900,8000,10000,12000,25000,28000,75000,75000,117000,135000,159000,121850,67986,7900.0,10398.279967052687,9.008125052787364,159225.48304195516,6.466089454247025
1728812100,5610,,Aggregated,501.600000,411.100000,7900,8000,10000,12000,25000,28000,75000,75000,117000,135000,159000,121943,68001,7900.0,10397.235032859935,9.008125052787364,159225.48304195516,6.470047481200233
1728812101,5620,,Aggregated,505.000000,412.900000,7900,8000,10000,12000,25000,28000,75000,75000,116000,135000,159000,122021,68011,7900.0,10395.553882556433,9.008125052787364,159225.48304195516,6.473664369247916
1728812102,5630,,Aggregated,496.800000,405.300000,7900,8000,10000,12000,25000,28000,75000,75000,116000,135000,159000,122091,68021,7900.0,10396.130011698577,9.008125052787364,159225.48304195516,6.476775519899092
1728812103,5640,,Aggregated,463.200000,372.500000,7900,8000,10000,12000,25000,28000,75000,75000,116000,135000,159000,122156,68031,7900.0,10395.388233093314,9.008125052787364,159225.48304195516,6.479616228429221
1728812104,5650,,Aggregated,397.900000,310.800000,7900,8000,10000,12000,25000,28000,75000,75000,116000,135000,159000,122237,68041,7900.0,10395.111954225165,9.008125052787364,159225.48304195516,6.483421549939871
1728812105,5660,,Aggregated,329.000000,246.000000,7900,8000,10000,12000,25000,28000,75000,75000,118000,140000,159000,122333,68054,7900.0,10396.064983295277,9.008125052787364,159225.48304195516,6.491674364235325
1728812106,5670,,Aggregated,227.900000,149.300000,7900,8000,10000,12000,25000,28000,75000,75000,118000,140000,159000,122416,68064,7900.0,10394.829114539103,9.008125052787364,159225.48304195516,6.495523460985492
1728812107,5680,,Aggregated,158.300000,80.900000,7900,8000,10000,12000,25000,28000,75000,75000,118000,140000,159000,122498,68074,7900.0,10394.999506317181,9.008125052787364,159225.48304195516,6.499338764714526
1728812108,5690,,Aggregated,126.400000,51.100000,7900,8000,10000,12000,25000,28000,75000,75000,118000,140000,159000,122588,68084,7900.0,10395.227530743623,9.008125052787364,159225.48304195516,6.5036626749763435
1728812109,5700,,Aggregated,117.000000,41.600000,7900,8000,10000,12000,25000,28000,75000,75000,118000,140000,159000,122688,68101,7900.0,10395.417009466479,9.008125052787364,159225.48304195516,6.516863914971309
1728812110,5710,,Aggregated,106.500000,32.800000,7900,8000,10000,12000,25000,28000,75000,75000,118000,140000,159000,122781,68111,7900.0,10393.39011597347,9.008125052787364,159225.48304195516,6.521310300453654
1728812111,5720,,Aggregated,86.300000,15.800000,7900,8000,10000,12000,25000,28000,75000,75000,118000,140000,159000,122874,68121,7900.0,10392.5831976337,9.008125052787364,159225.48304195516,6.525758093656917
1728812112,5730,,Aggregated,81.200000,11.100000,7900,8000,10000,12000,25000,28000,75000,75000,118000,140000,159000,122975,68131,7900.0,10392.500425565138,9.008125052787364,159225.48304195516,6.5306932303313685
1728812113,5740,,Aggregated,80.900000,11.000000,7900,8000,10000,12000,25000,28000,75000,75000,117000,140000,159000,123072,68141,7900.0,10393.207285649192,9.008125052787364,159225.48304195516,6.535337038481539
1728812114,5750,,Aggregated,84.700000,11.000000,7900,8000,10000,12000,25000,28000,75000,75000,117000,140000,159000,123183,68151,7900.0,10394.193502397527,9.008125052787364,159225.48304195516,6.54086196958996
1728812115,5760,,Aggregated,88.000000,11.000000,7900,8000,10000,12000,25000,28000,75000,75000,118000,144000,159000,123293,68161,7900.0,10394.046281522147,9.008125052787364,159225.48304195516,6.546332719619119
1728812116,5770,,Aggregated,91.200000,11.000000,7900,8000,10000,12000,25000,28000,75000,75000,118000,144000,159000,123404,68179,7900.0,10394.282954202692,9.008125052787364,159225.48304195516,6.550962691646948
1728812117,5780,,Aggregated,93.800000,11.000000,7900,8000,10000,12000,25000,28000,75000,75000,118000,144000,159000,123577,68262,7900.0,10402.217631535537,9.008125052787364,159225.48304195516,6.551898816122741
1728812118,5790,,Aggregated,95.600000,10.700000,7900,8000,10000,12000,25000,28000,75000,75000,118000,144000,159000,123801,68402,7900.0,10417.160585780308,9.008125052787364,159225.48304195516,6.549510908635633
1728812120,5800,,Aggregated,98.400000,11.500000,7900,8000,10000,12000,25000,28000,75000,75000,118000,144000,159000,124084,68597,7900.0,10441.24493553981,9.008125052787364,159225.48304195516,6.5444698752458015
1728812121,5810,,Aggregated,121.300000,31.800000,7900,8000,11000,12000,25000,28000,75000,75000,118000,144000,159000,124554,68981,7900.0,10490.471729559153,9.008125052787364,159225.48304195516,6.529400902419834
1728812122,5820,,Aggregated,139.400000,49.600000,7900,8000,11000,12000,25000,28000,75000,75000,117000,144000,159000,125235,69573,7900.0,10568.030949026643,9.008125052787364,159225.48304195516,6.503732981993852
1728812123,5830,,Aggregated,176.800000,86.700000,7900,8100,11000,12000,25000,28000,75000,75000,116000,144000,159000,126130,70376,7900.0,10675.14566127864,9.008125052787364,159225.48304195516,6.4676999920716725
1728812124,5840,,Aggregated,235.000000,144.400000,7900,8200,11000,12000,28000,28000,74000,75000,116000,144000,159000,127043,71189,7900.0,10782.075139925559,9.008125052787364,159225.48304195516,6.43216863581622
1728812125,5850,,Aggregated,315.100000,224.200000,7900,8200,11000,12000,28000,28000,73000,75000,116000,144000,159000,127791,71837,7900.0,10868.340500367634,9.008125052787364,159225.48304195516,6.405380660609902
1728812126,5860,,Aggregated,315.100000,224.200000,7900,8200,11000,12000,28000,28000,73000,75000,116000,144000,159000,128209,72177,7900.0,10909.267125423064,9.008125052787364,159225.48304195516,6.392944333081141
1728812127,5870,,Aggregated,460.100000,367.900000,7900,8200,11000,12000,28000,28000,73000,75000,116000,144000,159000,128481,72344,7900.0,10928.820501506007,9.008125052787364,159225.48304195516,6.390765949829158
1728812128,5880,,Aggregated,491.600000,401.600000,7900,8200,11000,12000,28000,28000,73000,75000,116000,144000,159000,128714,72472,7900.0,10939.738119436872,9.008125052787364,159225.48304195516,6.390532498407322
1728812129,5890,,Aggregated,502.500000,414.000000,7900,8200,11000,12000,28000,28000,73000,75000,116000,144000,159000,128953,72604,7900.0,10957.149421883325,9.008125052787364,159225.48304195516,6.390250711499538
1728812130,5900,,Aggregated,507.900000,417.900000,7900,8200,11000,12000,28000,28000,73000,75000,116000,144000,159000,129114,72678,7900.0,10962.976419927703,9.008125052787364,159225.48304195516,6.391638397075453
1728812131,5910,,Aggregated,511.700000,418.700000,7900,8200,11000,12000,28000,28000,73000,75000,116000,144000,159000,129228,72699,7900.0,10960.451481405238,9.008125052787364,159225.48304195516,6.39602098616399
1728812132,5920,,Aggregated,500.300000,407.100000,7900,8200,11000,12000,28000,28000,73000,75000,116000,144000,159000,129337,72721,7900.0,10959.895139551116,9.008125052787364,159225.48304195516,6.402498898227112
1728812133,5930,,Aggregated,465.300000,371.900000,7900,8200,11000,12000,28000,28000,73000,75000,116000,144000,159000,129454,72742,7900.0,10958.220452975555,9.008125052787364,159225.48304195516,6.406993990143217
1728812134,5940,,Aggregated,409.100000,315.300000,7900,8200,11000,12000,28000,28000,73000,75000,116000,144000,159000,129582,72760,7900.0,10953.960329333286,9.008125052787364,159225.48304195516,6.413699433563304
1728812135,5950,,Aggregated,330.400000,236.900000,7900,8200,11000,12000,28000,28000,73000,75000,116000,144000,159000,129707,72785,7900.0,10953.646487073727,9.008125052787364,159225.48304195516,6.418234944914307
1728812136,5960,,Aggregated,251.900000,157.600000,7900,8200,11000,12000,28000,28000,73000,75000,116000,144000,159000,129824,72803,7900.0,10954.375619009812,9.008125052787364,159225.48304195516,6.423065072713828
1728812137,5970,,Aggregated,189.600000,95.000000,7900,8200,11000,12000,28000,28000,73000,75000,116000,144000,159000,129904,72820,7900.0,10953.442616978335,9.008125052787364,159225.48304195516,6.425868333538613
1728812138,5980,,Aggregated,159.200000,62.500000,7900,8200,11000,12000,28000,28000,72000,75000,113000,143000,159000,130036,72848,7900.0,10956.035981740275,9.008125052787364,159225.48304195516,6.430496170291304
1728812139,5990,,Aggregated,146.500000,50.100000,7900,8200,11000,12000,28000,28000,72000,75000,113000,143000,159000,130142,72864,7900.0,10953.498959158966,9.008125052787364,159225.48304195516,6.436069831414916
1728812140,6000,,Aggregated,134.000000,40.000000,7900,8200,11000,12000,28000,28000,72000,75000,113000,143000,159000,130248,72885,7900.0,10951.127540109002,9.008125052787364,159225.48304195516,6.439929979730975
1728812141,6010,,Aggregated,118.700000,27.200000,7900,8200,11000,12000,28000,28000,72000,75000,113000,143000,159000,130359,72904,7900.0,10950.567050236148,9.008125052787364,159225.48304195516,6.44426545156069
1728812142,6020,,Aggregated,112.000000,21.100000,7900,8200,11000,12000,28000,28000,72000,75000,113000,143000,159000,130473,72920,7900.0,10948.766644138304,9.008125052787364,159225.48304195516,6.4490737547232
1728812143,6030,,Aggregated,111.500000,20.300000,7900,8200,11000,12000,28000,28000,72000,75000,113000,143000,159000,130606,72944,7900.0,10945.971021672252,9.008125052787364,159225.48304195516,6.454129213052999
1728812144,6040,,Aggregated,111.100000,19.800000,7900,8200,11000,12000,28000,28000,72000,75000,113000,143000,159000,130731,72968,7900.0,10946.286897837464,9.008125052787364,159225.48304195516,6.463294857378893
1728812145,6050,,Aggregated,112.500000,19.600000,7900,8200,11000,12000,28000,28000,72000,75000,113000,143000,159000,130858,72988,7900.0,10945.40425786391,9.008125052787364,159225.48304195516,6.468408503874429
1728812146,6060,,Aggregated,112.700000,20.200000,7900,8200,11000,12000,28000,28000,72000,75000,113000,143000,159000,130983,73012,7900.0,10944.67219714144,9.008125052787364,159225.48304195516,6.472946870967988
1728812147,6070,,Aggregated,113.300000,20.300000,7900,8200,11000,12000,28000,28000,72000,75000,111000,143000,159000,131142,73074,7900.0,10947.541994600355,9.008125052787364,159225.48304195516,6.475362584069177
1728812148,6080,,Aggregated,112.900000,20.200000,7900,8200,11000,12000,28000,28000,72000,75000,111000,143000,159000,131354,73192,7900.0,10957.054263845805,9.008125052787364,159225.48304195516,6.474838984728292
1728812149,6090,,Aggregated,117.700000,22.700000,7900,8200,11000,12000,28000,28000,72000,75000,111000,143000,159000,131603,73350,7900.0,10972.545947264363,9.008125052787364,159225.48304195516,6.472215678973884
1728812150,6100,,Aggregated,126.700000,30.000000,7900,8200,11000,12000,28000,28000,71000,75000,111000,143000,159000,131927,73582,7900.0,10997.229723692892,9.008125052787364,159225.48304195516,6.466015296338126
1728812151,6110,,Aggregated,139.300000,42.800000,7900,8200,11000,12000,28000,28000,71000,75000,110000,143000,159000,132608,74167,7900.0,11067.512932732827,9.008125052787364,159225.48304195516,6.442929536679537
1728812152,6120,,Aggregated,161.100000,63.900000,7900,8200,11000,12000,28000,28000,71000,75000,110000,143000,159000,133354,74818,7900.0,11145.016339657828,9.008125052787364,159225.48304195516,6.416777899425589
1728812153,6130,,Aggregated,199.700000,102.300000,7900,8200,11000,14000,28000,28000,70000,75000,110000,143000,159000,134292,75649,7900.0,11244.544552081596,9.008125052787364,159225.48304195516,6.383053346439103
1728812154,6140,,Aggregated,260.100000,162.600000,7900,8200,11000,16000,28000,28000,70000,75000,109000,143000,159000,135134,76385,7900.0,11329.33784321462,9.008125052787364,159225.48304195516,6.354203975313393
1728812155,6150,,Aggregated,332.200000,235.400000,7900,8200,12000,18000,28000,28000,69000,75000,109000,143000,159000,135746,76898,7900.0,11388.367942513463,9.008125052787364,159225.48304195516,6.3356931327626596
1728812156,6160,,Aggregated,403.100000,305.500000,7900,8200,12000,18000,28000,28000,69000,75000,109000,143000,159000,136119,77174,7900.0,11416.489252889063,9.008125052787364,159225.48304195516,6.328264239378779
1728812157,6170,,Aggregated,470.000000,373.200000,7900,8200,12000,18000,28000,28000,69000,75000,109000,143000,159000,136370,77331,7900.0,11430.468866214485,9.008125052787364,159225.48304195516,6.3273153919483756
1728812158,6180,,Aggregated,505.000000,407.700000,7900,8200,12000,18000,28000,28000,69000,75000,109000,143000,159000,136616,77479,7900.0,11445.908255405047,9.008125052787364,159225.48304195516,6.325884230251215
1728812159,6190,,Aggregated,518.400000,421.800000,7900,8200,12000,18000,28000,28000,69000,75000,109000,143000,159000,136833,77590,7900.0,11455.616018876442,9.008125052787364,159225.48304195516,6.3266098090372935
1728812160,6200,,Aggregated,523.300000,426.700000,7900,8200,12000,18000,28000,28000,69000,75000,109000,143000,159000,136990,77648,7900.0,11457.371734798175,9.008125052787364,159225.48304195516,6.329418205708446
1728812161,6210,,Aggregated,522.500000,424.800000,7900,8200,12000,18000,28000,28000,69000,75000,109000,143000,159000,137083,77649,7900.0,11454.573692337843,9.008125052787364,159225.48304195516,6.3344324241517915
1728812162,6220,,Aggregated,509.900000,410.400000,7900,8200,12000,18000,28000,28000,69000,75000,109000,143000,159000,137134,77649,7900.0,11455.630181464541,9.008125052787364,159225.48304195516,6.337232196246007
1728812163,6230,,Aggregated,471.900000,372.500000,7900,8200,12000,18000,28000,28000,69000,75000,109000,143000,159000,137228,77653,7900.0,11453.013765683141,9.008125052787364,159225.48304195516,6.346685807561139
1728812164,6240,,Aggregated,407.700000,310.700000,7900,8200,12000,18000,28000,28000,69000,75000,109000,143000,159000,137321,77653,7900.0,11447.878018325362,9.008125052787364,159225.48304195516,6.351818003073092
1728812165,6250,,Aggregated,330.100000,236.100000,7900,8200,12000,18000,28000,28000,69000,75000,109000,143000,159000,137414,77653,7900.0,11449.516828995775,9.008125052787364,159225.48304195516,6.356972360894814
1728812166,6260,,Aggregated,255.700000,163.600000,7900,8200,12000,18000,28000,28000,69000,75000,109000,143000,159000,137508,77653,7900.0,11445.52791470951,9.008125052787364,159225.48304195516,6.36216801931524
1728812167,6270,,Aggregated,185.400000,93.800000,7900,8200,12000,18000,28000,28000,69000,75000,109000,143000,159000,137600,77653,7900.0,11441.619198694889,9.008125052787364,159225.48304195516,6.367260174418605
1728812168,6280,,Aggregated,148.100000,57.200000,7900,8200,12000,18000,28000,28000,69000,75000,109000,143000,159000,137679,77653,7900.0,11439.16728233551,9.008125052787364,159225.48304195516,6.371559932887369
1728812169,6290,,Aggregated,129.800000,38.800000,7900,8200,12000,18000,28000,28000,69000,75000,109000,143000,159000,137776,77653,7900.0,11442.320517081183,9.008125052787364,159225.48304195516,6.376858088491464
1728812170,6300,,Aggregated,114.900000,24.500000,7900,8200,12000,18000,28000,28000,69000,75000,109000,143000,159000,137877,77653,7900.0,11437.923089692871,9.008125052787364,159225.48304195516,6.382384299049153
1728812171,6310,,Aggregated,100.700000,11.600000,7900,8200,12000,18000,28000,28000,69000,75000,109000,143000,159000,137976,77653,7900.0,11433.588562869027,9.008125052787364,159225.48304195516,6.387784832144721
1728812172,6320,,Aggregated,91.000000,3.100000,7900,8200,12000,18000,28000,28000,69000,75000,109000,143000,159000,138080,77653,7900.0,11427.890230844425,9.008125052787364,159225.48304195516,6.393453070683662
1728812173,6330,,Aggregated,89.100000,0.500000,7900,8200,12000,18000,28000,28000,69000,75000,109000,143000,159000,138181,77653,7900.0,11424.872491438164,9.008125052787364,159225.48304195516,6.398897098732822
1728812174,6340,,Aggregated,92.100000,0.400000,7900,8200,12000,18000,28000,28000,69000,75000,109000,143000,159000,138269,77653,7900.0,11423.358909329465,9.008125052787364,159225.48304195516,6.4036913552567825
1728812175,6350,,Aggregated,95.000000,0.000000,7900,8200,12000,18000,28000,28000,69000,75000,109000,143000,159000,138406,77653,7900.0,11420.382970625908,9.008125052787364,159225.48304195516,6.411116570090892
1728812176,6360,,Aggregated,95.700000,0.000000,7900,8200,12000,18000,28000,28000,69000,75000,109000,143000,159000,138502,77653,7900.0,11418.583685112128,9.008125052787364,159225.48304195516,6.416347778371431
1728812177,6370,,Aggregated,95.600000,0.000000,7900,8200,12000,18000,28000,28000,69000,75000,109000,143000,159000,138603,77653,7900.0,11413.876108559687,9.008125052787364,159225.48304195516,6.421816266603176
1728812178,6380,,Aggregated,96.900000,0.000000,7900,8200,12000,18000,28000,28000,69000,75000,109000,143000,159000,138699,77653,7900.0,11408.132141892336,9.008125052787364,159225.48304195516,6.427039848881391
1728812179,6390,,Aggregated,97.000000,0.000000,7900,8200,12000,18000,28000,28000,69000,75000,109000,143000,159000,138796,77653,7900.0,11404.06215368954,9.008125052787364,159225.48304195516,6.432310729415834
1728812180,6400,,Aggregated,98.000000,0.000000,7900,8200,12000,18000,28000,28000,69000,75000,109000,143000,159000,138891,77653,7900.0,11398.708117293063,9.008125052787364,159225.48304195516,6.437422151183302
1728812181,6410,,Aggregated,99.100000,0.000000,7900,8200,12000,18000,28000,28000,69000,75000,109000,143000,159000,139002,77661,7900.0,11396.540330339929,9.008125052787364,159225.48304195516,6.442633918936418
1728812182,6420,,Aggregated,98.600000,0.000000,7900,8200,12000,18000,28000,28000,69000,75000,109000,143000,159000,139102,77661,7900.0,11391.273091939976,9.008125052787364,159225.48304195516,6.447966240600422
1728812183,6430,,Aggregated,98.600000,0.000000,7900,8200,12000,18000,28000,28000,69000,75000,109000,143000,159000,139213,77661,7900.0,11385.997591083078,9.008125052787364,159225.48304195516,6.453959041181498
1728812184,6440,,Aggregated,99.100000,0.800000,7900,8200,12000,18000,28000,28000,69000,75000,109000,143000,159000,139316,77661,7900.0,11382.88205000761,9.008125052787364,159225.48304195516,6.45951649487496
1728812185,6450,,Aggregated,99.600000,0.800000,7900,8200,12000,18000,28000,28000,69000,75000,109000,143000,159000,139421,77661,7900.0,11378.970772558363,9.008125052787364,159225.48304195516,6.465130790913851
1728812186,6460,,Aggregated,100.300000,0.800000,7900,8200,12000,18000,28000,28000,69000,75000,109000,143000,159000,139517,77661,7900.0,11374.685262290843,9.008125052787364,159225.48304195516,6.470229434405843
1728812187,6470,,Aggregated,101.300000,0.800000,7900,8200,12000,18000,28000,28000,69000,75000,109000,143000,159000,139647,77699,7900.0,11382.817614614814,9.008125052787364,159225.48304195516,6.473364984568232
1728812188,6480,,Aggregated,101.300000,0.800000,7900,8200,12000,18000,28000,28000,69000,75000,109000,143000,159000,139778,77729,7900.0,11387.602542139899,9.008125052787364,159225.48304195516,6.4773497975360925
1728812189,6490,,Aggregated,101.300000,1.100000,7900,8200,12000,18000,28000,28000,69000,75000,109000,143000,159000,139900,77754,7900.0,11389.74578772357,9.008125052787364,159225.48304195516,6.481336669049321
1728812190,6500,,Aggregated,104.900000,5.000000,7900,8200,12000,18000,28000,28000,68000,75000,109000,140000,159000,140028,77787,7900.0,11394.699632082476,9.008125052787364,159225.48304195516,6.484860170822978
1728812191,6510,,Aggregated,107.900000,7.800000,7900,8200,12000,18000,28000,28000,68000,75000,109000,140000,159000,140148,77802,7900.0,11394.55908959189,9.008125052787364,159225.48304195516,6.4897322830150985
1728812192,6520,,Aggregated,110.600000,10.400000,7900,8200,12000,18000,28000,28000,68000,75000,109000,140000,159000,140293,77840,7900.0,11401.451028861035,9.008125052787364,159225.48304195516,6.493652569978545
1728812193,6530,,Aggregated,114.000000,13.700000,7900,8200,12000,18000,28000,28000,68000,75000,109000,140000,159000,140415,77869,7900.0,11406.036748211303,9.008125052787364,159225.48304195516,6.497233201581028
1728812194,6540,,Aggregated,117.400000,16.300000,7900,8200,12000,18000,28000,28000,68000,75000,109000,140000,159000,140534,77900,7900.0,11410.681975865004,9.008125052787364,159225.48304195516,6.500419827230421
1728812195,6550,,Aggregated,120.100000,19.300000,7900,8200,12000,18000,28000,28000,68000,75000,109000,140000,159000,140658,77927,7900.0,11414.081685117162,9.008125052787364,159225.48304195516,6.5042585562143636
1728812196,6560,,Aggregated,121.700000,22.400000,7900,8200,12000,18000,28000,28000,68000,75000,109000,140000,159000,140769,77952,7900.0,11417.927456618934,9.008125052787364,159225.48304195516,6.507611761112177
1728812197,6570,,Aggregated,123.600000,25.600000,7900,8200,12000,18000,28000,28000,68000,75000,109000,140000,159000,140896,77989,7900.0,11425.240644816593,9.008125052787364,159225.48304195516,6.510589370883489
1728812198,6580,,Aggregated,124.500000,27.800000,7900,8200,12000,18000,28000,28000,68000,75000,107000,140000,159000,141014,78016,7900.0,11428.30210835918,9.008125052787364,159225.48304195516,6.514126256967393
1728812199,6590,,Aggregated,126.700000,30.300000,7900,8200,12000,18000,28000,28000,68000,75000,107000,140000,159000,141180,78084,7900.0,11439.476985298534,9.008125052787364,159225.48304195516,6.51612834679133
1728812200,6600,,Aggregated,125.100000,29.800000,7900,8200,12000,18000,28000,28000,68000,75000,107000,140000,159000,141342,78162,7900.0,11454.152965867841,9.008125052787364,159225.48304195516,6.5168810403135655
1728812201,6610,,Aggregated,124.400000,29.600000,7900,8200,12000,18000,28000,28000,68000,75000,107000,140000,159000,141474,78212,7900.0,11464.465189213692,9.008125052787364,159225.48304195516,6.51886565729392
1728812202,6620,,Aggregated,129.100000,34.500000,7900,8200,12000,18000,28000,28000,68000,75000,107000,140000,159000,141612,78268,7900.0,11476.83821085216,9.008125052787364,159225.48304195516,6.520605598395616
1728812203,6630,,Aggregated,131.600000,38.600000,7900,8200,12000,18000,28000,28000,68000,75000,107000,140000,159000,141783,78339,7900.0,11492.351078300582,9.008125052787364,159225.48304195516,6.522545015975117
1728812204,6640,,Aggregated,130.500000,40.200000,7900,8200,12000,18000,28000,28000,68000,75000,109000,141000,159000,142011,78480,7900.0,11531.557421973359,9.008125052787364,159225.48304195516,6.525121293420932
1728812205,6650,,Aggregated,131.300000,42.800000,7900,8200,12000,18000,28000,28000,68000,75000,109000,141000,159000,142296,78682,7900.0,11587.796892069295,9.008125052787364,159225.48304195516,6.52018327992354
1728812206,6660,,Aggregated,136.900000,47.900000,7900,8200,12000,18000,28000,30000,68000,75000,109000,141000,159000,142676,78985,7900.0,11673.519990598284,9.008125052787364,159225.48304195516,6.5103240909473215
1728812207,6670,,Aggregated,147.700000,59.200000,7900,8200,12000,18000,28000,36000,68000,75000,109000,141000,159000,143266,79493,7900.0,11820.513788255636,9.008125052787364,159225.48304195516,6.491498331774461
1728812208,6680,,Aggregated,165.800000,78.300000,7900,8200,12000,20000,28000,36000,68000,75000,109000,141000,159000,144043,80187,7900.0,12019.536676794683,9.008125052787364,159225.48304195516,6.4645001839728415
1728812209,6690,,Aggregated,197.100000,110.600000,7900,8200,12000,20000,28000,38000,67000,75000,109000,141000,159000,144913,80976,7900.0,12247.261777963062,9.008125052787364,159225.48304195516,6.437904121783415
1728812211,6700,,Aggregated,244.600000,158.900000,7900,8200,12000,20000,28000,54000,67000,75000,107000,141000,159000,145658,81640,7900.0,12433.918247001531,9.008125052787364,159225.48304195516,6.412740803800684
1728812212,6710,,Aggregated,383.800000,299.500000,7900,8200,12000,20000,28000,54000,67000,75000,107000,141000,159000,146477,82364,7900.0,12636.471855874377,9.008125052787364,159225.48304195516,6.3858831079282075
1728812213,6720,,Aggregated,429.000000,346.400000,7900,8200,12000,20000,28000,54000,67000,75000,107000,141000,159000,146827,82651,7900.0,12713.652398850356,9.008125052787364,159225.48304195516,6.376640536141173
1728812214,6730,,Aggregated,429.000000,346.400000,7900,8200,12000,20000,28000,54000,67000,75000,107000,141000,159000,147076,82827,7900.0,12755.912704289549,9.008125052787364,159225.48304195516,6.394170360901847
1728812215,6740,,Aggregated,517.600000,436.200000,7900,8300,12000,20000,28000,54000,67000,75000,107000,141000,159000,147343,82997,7900.0,12796.931051090036,9.008125052787364,159225.48304195516,6.3917390035495405
1728812216,6750,,Aggregated,517.600000,436.200000,7900,8300,12000,20000,28000,54000,67000,75000,107000,141000,159000,147534,83099,7900.0,12819.865007708977,9.008125052787364,159225.48304195516,6.391841880515678
1728812217,6760,,Aggregated,529.100000,448.700000,7900,8300,12000,20000,28000,54000,67000,75000,107000,141000,159000,147631,83113,7900.0,12818.803820121371,9.008125052787364,159225.48304195516,6.399787307543809
1728812218,6770,,Aggregated,518.800000,437.700000,7900,8300,12000,20000,28000,54000,67000,75000,107000,141000,159000,147724,83123,7900.0,12816.615945084555,9.008125052787364,159225.48304195516,6.4035701714007205
1728812219,6780,,Aggregated,484.800000,403.600000,7900,8300,12000,20000,28000,54000,67000,75000,107000,141000,159000,147815,83133,7900.0,12814.483338992412,9.008125052787364,159225.48304195516,6.40725230862903
1728812220,6790,,Aggregated,434.700000,353.300000,7900,8300,12000,20000,28000,54000,67000,75000,107000,141000,159000,147902,83143,7900.0,12811.10139907614,9.008125052787364,159225.48304195516,6.410690862868656
1728812221,6800,,Aggregated,362.100000,280.900000,7900,8300,12000,20000,28000,54000,67000,75000,107000,141000,159000,147991,83155,7900.0,12809.612112659723,9.008125052787364,159225.48304195516,6.414052205877384
1728812222,6810,,Aggregated,285.000000,204.600000,7900,8300,12000,20000,28000,54000,67000,75000,107000,141000,159000,148077,83171,7900.0,12808.270964350213,9.008125052787364,159225.48304195516,6.416918224977546
1728812223,6820,,Aggregated,232.700000,151.500000,7900,8300,12000,20000,28000,54000,67000,75000,107000,141000,159000,148152,83181,7900.0,12807.520055710527,9.008125052787364,159225.48304195516,6.4197783357632705
1728812224,6830,,Aggregated,160.000000,81.200000,7900,8300,12000,20000,28000,54000,67000,75000,107000,141000,159000,148239,83191,7900.0,12804.945280958753,9.008125052787364,159225.48304195516,6.4232421967228595
1728812225,6840,,Aggregated,160.000000,81.200000,7900,8300,12000,20000,28000,54000,67000,75000,107000,141000,159000,148320,83201,7900.0,12802.335451622936,9.008125052787364,159225.48304195516,6.426409115426106
1728812226,6850,,Aggregated,115.600000,36.400000,7900,8200,12000,20000,28000,54000,67000,75000,107000,141000,159000,148409,83211,7900.0,12799.722946703325,9.008125052787364,159225.48304195516,6.429967185278521
1728812227,6860,,Aggregated,98.000000,20.500000,7900,8200,12000,20000,28000,54000,67000,75000,107000,141000,159000,148506,83231,7900.0,12800.57566303274,9.008125052787364,159225.48304195516,6.433012807563331
1728812228,6870,,Aggregated,86.800000,11.200000,7900,8300,12000,20000,28000,54000,67000,75000,107000,141000,159000,148616,83266,7900.0,12804.704275052296,9.008125052787364,159225.48304195516,6.435255961673037
1728812229,6880,,Aggregated,87.200000,12.000000,7900,8300,12000,20000,28000,54000,67000,75000,109000,141000,159000,148741,83311,7900.0,12811.801878245027,9.008125052787364,159225.48304195516,6.446400118326487
1728812230,6890,,Aggregated,89.300000,14.200000,7900,8300,12000,20000,28000,54000,67000,75000,109000,141000,159000,148869,83347,7900.0,12813.790654229932,9.008125052787364,159225.48304195516,6.44947571354681
1728812231,6900,,Aggregated,91.200000,16.700000,7900,8300,12000,20000,28000,54000,67000,75000,109000,141000,159000,148996,83387,7900.0,12819.203691306717,9.008125052787364,159225.48304195516,6.453173239550055
1728812232,6910,,Aggregated,95.900000,20.200000,7900,8300,12000,20000,28000,54000,67000,75000,109000,141000,159000,149131,83429,7900.0,12823.950060975843,9.008125052787364,159225.48304195516,6.458167651259631
1728812233,6920,,Aggregated,99.600000,22.600000,7900,8300,12000,20000,28000,54000,67000,75000,109000,141000,159000,149262,83474,7900.0,12826.625387740854,9.008125052787364,159225.48304195516,6.4605056879848854
1728812234,6930,,Aggregated,104.900000,25.600000,7900,8400,12000,22000,28000,54000,67000,75000,109000,141000,159000,150074,84202,7900.0,12873.886190316494,9.008125052787364,159225.48304195516,6.43333955248744
1728812235,6940,,Aggregated,110.900000,29.200000,7900,8600,12000,22000,28000,54000,67000,75000,109000,141000,159000,150859,84897,7900.0,12916.152473358363,9.008125052787364,159225.48304195516,6.408142702788696
1728812236,6950,,Aggregated,176.100000,93.600000,7900,8900,12000,22000,28000,54000,66000,75000,109000,141000,159000,151458,85409,7900.0,12946.169995860031,9.008125052787364,159225.48304195516,6.393990413183853
1728812237,6960,,Aggregated,247.600000,164.000000,7900,9000,12000,22000,28000,54000,66000,75000,109000,141000,159000,151952,85789,7900.0,12968.283470053366,9.008125052787364,159225.48304195516,6.38363430557018
1728812238,6970,,Aggregated,299.900000,215.000000,7900,9000,12000,22000,28000,54000,66000,75000,109000,141000,159000,152239,85980,7900.0,12979.101786436731,9.008125052787364,159225.48304195516,6.380342750543553
1728812239,6980,,Aggregated,333.400000,246.700000,7900,9000,13000,22000,28000,54000,66000,75000,109000,141000,159000,152512,86162,7900.0,12991.183494071827,9.008125052787364,159225.48304195516,6.377222775912715
1728812240,6990,,Aggregated,347.700000,260.000000,7900,9000,14000,22000,28000,54000,66000,75000,109000,141000,159000,152755,86311,7900.0,13008.072431479362,9.008125052787364,159225.48304195516,6.3756341854603775
1728812241,7000,,Aggregated,368.900000,280.000000,7900,9100,14000,22000,28000,54000,66000,75000,109000,141000,159000,152960,86416,7900.0,13017.485754873282,9.008125052787364,159225.48304195516,6.378125
1728812242,7010,,Aggregated,381.000000,292.000000,7900,9100,14000,22000,28000,54000,66000,75000,109000,141000,159000,153126,86485,7900.0,13021.924759483509,9.008125052787364,159225.48304195516,6.38003996708593
1728812243,7020,,Aggregated,390.200000,299.900000,7900,9100,14000,22000,28000,54000,66000,75000,109000,141000,159000,153316,86587,7900.0,13031.212114362916,9.008125052787364,159225.48304195516,6.380090792872238
1728812244,7030,,Aggregated,394.300000,303.600000,7900,9100,15000,22000,28000,54000,66000,75000,109000,141000,159000,153541,86715,7900.0,13044.481762610005,9.008125052787364,159225.48304195516,6.3795338053028185
1728812245,7040,,Aggregated,399.200000,308.000000,7900,9100,15000,22000,28000,54000,66000,75000,109000,141000,159000,153853,86926,7900.0,13071.084271956432,9.008125052787364,159225.48304195516,6.375709280936999
1728812246,7050,,Aggregated,345.900000,253.800000,7900,9200,16000,22000,28000,54000,66000,75000,109000,141000,159000,154224,87211,7900.0,13109.267223526798,9.008125052787364,159225.48304195516,6.368120396306671
1728812247,7060,,Aggregated,285.200000,194.400000,7900,9400,16000,25000,28000,54000,66000,75000,109000,141000,159000,154723,87621,7900.0,13171.972558115418,9.008125052787364,159225.48304195516,6.355596776174195
1728812248,7070,,Aggregated,265.900000,172.000000,7900,9500,18000,25000,28000,54000,66000,75000,107000,141000,159000,155441,88254,7900.0,13266.445792172834,9.008125052787364,159225.48304195516,6.333837275879594
1728812249,7080,,Aggregated,265.800000,172.800000,7900,10000,18000,25000,28000,54000,66000,75000,107000,141000,159000,156315,89031,7900.0,13384.624368994626,9.008125052787364,159225.48304195516,6.307053065924576
1728812250,7090,,Aggregated,303.400000,210.800000,7900,10000,18000,25000,28000,54000,66000,75000,107000,141000,159000,156551,89173,7900.0,13389.56981530227,9.008125052787364,159225.48304195516,6.305919476720047
1728812251,7100,,Aggregated,338.400000,245.700000,7900,10000,18000,25000,28000,54000,66000,75000,107000,141000,159000,157088,89623,7900.0,13387.985221555798,9.008125052787364,159225.48304195516,6.293014106742717
1728812252,7110,,Aggregated,377.500000,284.200000,7900,10000,18000,25000,28000,54000,66000,75000,107000,141000,159000,157188,89658,7900.0,13386.854320950646,9.008125052787364,159225.48304195516,6.2947553248339565
1728812253,7120,,Aggregated,414.700000,322.600000,7900,11000,18000,25000,28000,54000,66000,75000,107000,141000,159000,158020,90374,7900.0,13392.186030936746,9.008125052787364,159225.48304195516,6.271807366156183
1728812254,7130,,Aggregated,410.300000,319.100000,7900,11000,18000,25000,28000,54000,66000,75000,107000,141000,159000,158502,90763,7900.0,13395.455144594293,9.008125052787364,159225.48304195516,6.262791636698591
1728812255,7140,,Aggregated,447.300000,356.300000,7900,11000,18000,25000,28000,54000,66000,75000,107000,141000,159000,158900,91069,7900.0,13396.213711278717,9.008125052787364,159225.48304195516,6.255160478288231
1728812256,7150,,Aggregated,485.400000,394.600000,7900,11000,18000,25000,28000,54000,65000,75000,107000,141000,159000,159296,91376,7900.0,13400.872683333613,9.008125052787364,159225.48304195516,6.247375954198473
1728812257,7160,,Aggregated,509.000000,417.100000,7900,11000,18000,25000,28000,54000,65000,75000,105000,140000,159000,160007,92005,7900.0,13423.18346083234,9.008125052787364,159225.48304195516,6.226715081215197
1728812258,7170,,Aggregated,501.800000,412.100000,7900,11000,18000,25000,28000,54000,65000,75000,105000,140000,159000,160471,92382,7900.0,13432.327522405312,9.008125052787364,159225.48304195516,6.2162509113796265
1728812259,7180,,Aggregated,513.500000,423.700000,7900,11000,18000,25000,28000,54000,65000,75000,105000,140000,159000,160642,92471,7900.0,13428.26113222095,9.008125052787364,159225.48304195516,6.216761494503306
1728812260,7190,,Aggregated,521.200000,431.500000,7900,11000,18000,25000,28000,54000,65000,75000,105000,140000,159000,160873,92573,7900.0,13422.965910290928,9.008125052787364,159225.48304195516,6.219005053675881
1728812261,7200,,Aggregated,477.400000,388.000000,7900,11000,18000,25000,28000,54000,65000,75000,105000,140000,159000,161123,92732,7900.0,13421.192104639415,9.008125052787364,159225.48304195516,6.217219143139093
1728812262,7210,,Aggregated,431.900000,342.200000,7900,11000,18000,25000,28000,54000,65000,75000,105000,140000,159000,161414,92932,7900.0,13419.99805155753,9.008125052787364,159225.48304195516,6.213890988390102
1728812263,7220,,Aggregated,392.700000,303.400000,7900,11000,18000,25000,28000,54000,65000,75000,105000,140000,159000,161792,93224,7900.0,13419.02611514955,9.008125052787364,159225.48304195516,6.206796380537975
1728812264,7230,,Aggregated,402.100000,312.700000,7900,11000,18000,25000,28000,54000,65000,75000,105000,140000,159000,162325,93663,7900.0,13419.305265422403,9.008125052787364,159225.48304195516,6.194480209456338
1728812265,7240,,Aggregated,377.900000,288.100000,7900,11000,18000,25000,28000,54000,65000,75000,105000,140000,159000,162946,94193,7900.0,13423.061558265854,9.008125052787364,159225.48304195516,6.1786235930921904
1728812266,7250,,Aggregated,360.400000,271.400000,7900,11000,18000,22000,28000,54000,65000,75000,105000,140000,159000,163676,94842,7900.0,13429.947012505794,9.008125052787364,159225.48304195516,6.157952295999413
1728812267,7260,,Aggregated,375.100000,285.100000,7900,11000,17000,22000,28000,54000,65000,75000,100000,140000,159000,164233,95315,7900.0,13431.368894285506,9.008125052787364,159225.48304195516,6.144203661870635
1728812268,7270,,Aggregated,409.000000,319.500000,7900,11000,17000,22000,28000,54000,65000,75000,100000,140000,159000,164659,95654,7900.0,13431.584319113663,9.008125052787364,159225.48304195516,6.135656113543748
1728812269,7280,,Aggregated,418.900000,329.900000,7900,11000,16000,22000,28000,54000,65000,75000,100000,140000,159000,165183,96090,7900.0,13430.61564185535,9.008125052787364,159225.48304195516,6.123632577202255
1728812270,7290,,Aggregated,392.100000,303.000000,7900,11000,16000,22000,28000,54000,65000,75000,100000,140000,159000,166014,96835,7900.0,13431.135550780615,9.008125052787364,159225.48304195516,6.100160227450697
1728812271,7300,,Aggregated,417.700000,328.700000,7900,11000,16000,22000,28000,54000,65000,75000,100000,140000,159000,166918,97652,7900.0,13430.987908339801,9.008125052787364,159225.48304195516,6.074389820151212
1728812272,7310,,Aggregated,457.600000,370.100000,7900,11000,16000,22000,28000,54000,65000,75000,100000,140000,159000,167428,98072,7900.0,13425.228804024759,9.008125052787364,159225.48304195516,6.063328714432473
1728812273,7320,,Aggregated,526.000000,438.000000,7900,11000,16000,22000,28000,54000,65000,75000,100000,140000,159000,167876,98435,7900.0,13423.420832398873,9.008125052787364,159225.48304195516,6.054188806023493
1728812274,7330,,Aggregated,587.900000,500.000000,7900,11000,16000,22000,28000,54000,65000,75000,100000,140000,159000,167968,98435,7900.0,13418.008818967257,9.008125052787364,159225.48304195516,6.058499237950086
1728812275,7340,,Aggregated,606.500000,518.700000,7900,11000,16000,22000,28000,54000,65000,75000,100000,140000,159000,168060,98435,7900.0,13413.35329661526,9.008125052787364,159225.48304195516,6.062810900868738
1728812276,7350,,Aggregated,598.300000,511.000000,7900,11000,16000,22000,28000,54000,65000,75000,100000,140000,159000,168148,98435,7900.0,13407.661549152584,9.008125052787364,159225.48304195516,6.066917239574661
1728812277,7360,,Aggregated,549.900000,462.800000,7900,11000,16000,22000,28000,54000,65000,75000,100000,140000,159000,168240,98435,7900.0,13404.16401488641,9.008125052787364,159225.48304195516,6.07120185449358
1728812278,7370,,Aggregated,491.200000,403.800000,7900,11000,16000,22000,28000,54000,65000,75000,100000,140000,159000,168316,98435,7900.0,13400.527218840742,9.008125052787364,159225.48304195516,6.074764134128663
1728812279,7380,,Aggregated,435.700000,347.500000,7900,11000,16000,22000,28000,54000,65000,75000,100000,140000,159000,168392,98436,7900.0,13397.30269863686,9.008125052787364,159225.48304195516,6.079148653142667
1728812280,7390,,Aggregated,400.000000,311.700000,7900,11000,16000,22000,28000,54000,65000,75000,100000,140000,159000,168475,98436,7900.0,13394.270226345761,9.008125052787364,159225.48304195516,6.0829974773705295
1728812281,7400,,Aggregated,358.600000,271.100000,7900,11000,16000,22000,28000,54000,65000,75000,100000,140000,159000,168539,98436,7900.0,13391.68689564664,9.008125052787364,159225.48304195516,6.085991966251135
1728812282,7410,,Aggregated,307.300000,220.600000,7900,11000,16000,22000,28000,54000,65000,75000,100000,140000,159000,168586,98436,7900.0,13390.28088736247,9.008125052787364,159225.48304195516,6.088162718137924
1728812283,7420,,Aggregated,227.400000,141.600000,7900,11000,16000,22000,28000,54000,65000,75000,100000,140000,159000,168666,98436,7900.0,13386.957720911525,9.008125052787364,159225.48304195516,6.091885738678809
1728812284,7430,,Aggregated,148.000000,65.500000,7900,11000,16000,22000,28000,54000,65000,75000,100000,140000,159000,168756,98436,7900.0,13382.291208505252,9.008125052787364,159225.48304195516,6.096073621086065
1728812285,7440,,Aggregated,104.000000,25.200000,7900,11000,16000,22000,28000,54000,65000,75000,100000,140000,159000,168833,98436,7900.0,13379.283302507556,9.008125052787364,159225.48304195516,6.099630996309963
1728812286,7450,,Aggregated,79.100000,0.100000,7900,11000,16000,22000,28000,54000,65000,75000,100000,140000,159000,168919,98445,7900.0,13379.510207240892,9.008125052787364,159225.48304195516,6.110857866788224
1728812287,7460,,Aggregated,78.700000,0.100000,7900,11000,16000,22000,28000,54000,65000,75000,100000,140000,159000,168995,98446,7900.0,13376.28384828845,9.008125052787364,159225.48304195516,6.114287404952809
1728812288,7470,,Aggregated,77.100000,0.100000,7900,11000,16000,22000,28000,54000,65000,75000,100000,140000,159000,169074,98446,7900.0,13371.603676086155,9.008125052787364,159225.48304195516,6.1179365248352795
1728812289,7480,,Aggregated,76.700000,1.100000,7900,11000,16000,22000,28000,54000,65000,75000,100000,140000,159000,169158,98453,7900.0,13371.696033446831,9.008125052787364,159225.48304195516,6.127448893933482
1728812290,7490,,Aggregated,75.700000,1.100000,7900,11000,16000,22000,28000,54000,65000,75000,100000,140000,159000,169250,98453,7900.0,13367.421520599997,9.008125052787364,159225.48304195516,6.131657311669128
1728812291,7500,,Aggregated,75.400000,1.100000,7900,11000,16000,22000,28000,54000,65000,75000,100000,140000,159000,169353,98453,7900.0,13362.915779742172,9.008125052787364,159225.48304195516,6.1363837664523215
1728812292,7510,,Aggregated,76.300000,1.700000,7900,11000,16000,22000,28000,54000,65000,75000,100000,140000,159000,169440,98453,7900.0,13358.154289544997,9.008125052787364,159225.48304195516,6.14038597733711
1728812293,7520,,Aggregated,76.900000,1.700000,7900,11000,16000,22000,28000,54000,65000,75000,100000,140000,159000,169524,98453,7900.0,13353.41774754462,9.008125052787364,159225.48304195516,6.144221467166891
1728812294,7530,,Aggregated,81.400000,1.700000,7900,11000,16000,22000,28000,54000,65000,75000,100000,140000,159000,169677,98513,7900.0,13358.785405872155,9.008125052787364,159225.48304195516,6.146307395816757
1728812295,7540,,Aggregated,85.000000,1.700000,7900,11000,16000,22000,28000,54000,65000,75000,100000,140000,159000,169929,98657,7900.0,13372.250034835928,9.008125052787364,159225.48304195516,6.146043347515727
1728812297,7550,,Aggregated,85.100000,1.700000,7900,11000,16000,22000,28000,54000,65000,75000,100000,139000,159000,170076,98751,7900.0,13381.773621076336,9.008125052787364,159225.48304195516,6.1450763188221735
1728812298,7560,,Aggregated,110.300000,23.500000,7900,11000,16000,22000,28000,54000,64000,75000,100000,139000,159000,170425,98902,7900.0,13389.80158447395,9.008125052787364,159225.48304195516,6.1486518996626085
1728812299,7570,,Aggregated,114.200000,30.500000,7900,11000,16000,22000,28000,54000,64000,75000,100000,139000,159000,170713,99093,7900.0,13408.261795976321,9.008125052787364,159225.48304195516,6.146192732832297
1728812300,7580,,Aggregated,129.400000,38.800000,7900,11000,16000,22000,28000,54000,64000,75000,100000,139000,159000,170996,99280,7900.0,13429.484334085353,9.008125052787364,159225.48304195516,6.143810381529392
1728812301,7590,,Aggregated,147.500000,54.300000,7900,11000,16000,22000,28000,54000,64000,75000,100000,139000,159000,171566,99763,7900.0,13483.418580564603,9.008125052787364,159225.48304195516,6.130445426249956
1728812302,7600,,Aggregated,169.500000,75.100000,7900,12000,17000,25000,28000,54000,64000,75000,99000,139000,159000,172153,100261,7900.0,13538.106076442496,9.008125052787364,159225.48304195516,6.116733370896818
1728812303,7610,,Aggregated,202.700000,107.300000,7900,12000,18000,25000,29000,54000,64000,75000,99000,139000,159000,172648,100660,7900.0,13581.298751288583,9.008125052787364,159225.48304195516,6.106963301051851
1728812304,7620,,Aggregated,246.000000,151.900000,7900,12000,18000,25000,34000,54000,64000,75000,99000,139000,159000,173513,101435,7900.0,13673.759639431264,9.008125052787364,159225.48304195516,6.083757412989229
1728812305,7630,,Aggregated,304.500000,210.600000,7900,12000,18000,25000,34000,54000,64000,75000,99000,139000,159000,173987,101810,7900.0,13712.297024969865,9.008125052787364,159225.48304195516,6.075057331869623
1728812306,7640,,Aggregated,367.100000,272.100000,7900,12000,18000,25000,34000,54000,64000,75000,99000,139000,159000,174361,102107,7900.0,13742.860515066344,9.008125052787364,159225.48304195516,6.06819759005741
1728812307,7650,,Aggregated,367.100000,272.100000,7900,12000,19000,25000,34000,54000,64000,75000,99000,139000,159000,174761,102467,7900.0,13784.27505086678,9.008125052787364,159225.48304195516,6.0575071097098325
1728812308,7660,,Aggregated,427.100000,332.500000,7900,12000,20000,25000,34000,54000,64000,75000,99000,139000,159000,175773,103325,7900.0,13879.565959048805,9.008125052787364,159225.48304195516,6.035744966519317
1728812309,7670,,Aggregated,468.500000,371.600000,7900,12000,20000,25000,34000,54000,64000,75000,99000,139000,159000,176535,103969,7900.0,13952.806142226904,9.008125052787364,159225.48304195516,6.018987736142974
1728812310,7680,,Aggregated,467.800000,385.600000,7900,12000,20000,25000,34000,54000,64000,75000,99000,139000,159000,177187,104522,7900.0,14015.268143503017,9.008125052787364,159225.48304195516,6.0046109477557605
1728812311,7690,,Aggregated,535.800000,446.200000,7900,12000,20000,27000,34000,54000,64000,75000,99000,139000,159000,177498,104745,7900.0,14035.606153393242,9.008125052787364,159225.48304195516,6.001002828200881
1728812312,7700,,Aggregated,582.700000,490.500000,7900,12000,20000,28000,34000,54000,64000,75000,99000,139000,159000,177624,104781,7900.0,14035.616960570715,9.008125052787364,159225.48304195516,6.003794532270414
1728812313,7710,,Aggregated,597.500000,505.400000,7900,12000,20000,27000,34000,54000,64000,75000,99000,139000,159000,177723,104791,7900.0,14031.27929561569,9.008125052787364,159225.48304195516,6.007399154864593
1728812314,7720,,Aggregated,570.400000,478.900000,7900,12000,20000,27000,34000,54000,64000,75000,99000,139000,159000,177809,104801,7900.0,14029.474936394761,9.008125052787364,159225.48304195516,6.010443790809239
1728812315,7730,,Aggregated,514.500000,422.200000,7900,12000,20000,27000,34000,54000,64000,75000,99000,139000,159000,177819,104811,7900.0,14030.127330118208,9.008125052787364,159225.48304195516,6.0101057817218635
1728812316,7740,,Aggregated,453.600000,361.700000,7900,12000,20000,27000,34000,54000,64000,75000,99000,139000,159000,178027,104832,7900.0,14029.269486781492,9.008125052787364,159225.48304195516,6.0186207710066455
1728812317,7750,,Aggregated,406.700000,318.100000,7900,12000,20000,27000,34000,54000,64000,75000,99000,139000,159000,178137,104855,7900.0,14026.588657965278,9.008125052787364,159225.48304195516,6.021724852220482
1728812318,7760,,Aggregated,363.200000,281.500000,7900,12000,20000,26000,34000,54000,64000,75000,99000,139000,159000,178239,104874,7900.0,14025.166586808553,9.008125052787364,159225.48304195516,6.024770112040574
1728812319,7770,,Aggregated,328.500000,236.500000,7900,12000,20000,26000,34000,54000,64000,75000,99000,139000,159000,178340,104898,7900.0,14023.611378071855,9.008125052787364,159225.48304195516,6.030952113939666
1728812320,7780,,Aggregated,316.700000,216.500000,7900,12000,20000,26000,34000,54000,64000,75000,99000,139000,159000,178434,104918,7900.0,14020.492023373708,9.008125052787364,159225.48304195516,6.0335362094668055
1728812321,7790,,Aggregated,233.200000,142.300000,7900,12000,20000,26000,34000,54000,64000,75000,99000,139000,159000,178543,104939,7900.0,14018.290061785543,9.008125052787364,159225.48304195516,6.036719445735761
1728812323,7800,,Aggregated,165.600000,78.900000,7900,12000,20000,26000,34000,54000,64000,75000,99000,139000,159000,178620,104959,7900.0,14018.242209605847,9.008125052787364,159225.48304195516,6.038539917142537
1728812324,7810,,Aggregated,102.800000,17.800000,7900,12000,20000,25000,34000,54000,63000,75000,99000,139000,159000,179754,105923,7900.0,14014.708508720743,9.008125052787364,159225.48304195516,6.013585233151974
1728812325,7820,,Aggregated,97.900000,17.800000,7900,12000,20000,25000,34000,54000,63000,75000,99000,139000,159000,181018,107086,7900.0,14020.288080102773,9.008125052787364,159225.48304195516,5.979339071252583
1728812326,7830,,Aggregated,118.100000,41.200000,8000,12000,20000,25000,34000,54000,63000,75000,99000,139000,159000,182290,108268,8000.0,14043.273049469064,9.008125052787364,159225.48304195516,5.944495035383181
1728812327,7840,,Aggregated,238.700000,152.300000,8000,12000,20000,25000,34000,54000,63000,75000,99000,139000,159000,183195,109096,8000.0,14061.323808877041,9.008125052787364,159225.48304195516,5.921007669423292
1728812328,7850,,Aggregated,357.900000,265.700000,8000,12000,20000,25000,34000,54000,63000,75000,99000,139000,159000,184013,109865,8000.0,14085.07247097018,9.008125052787364,159225.48304195516,5.898387613918582
1728812329,7860,,Aggregated,446.700000,364.100000,8000,12000,20000,25000,34000,54000,63000,75000,99000,139000,159000,185019,110813,8000.0,14118.544735079095,9.008125052787364,159225.48304195516,5.870667336868105
1728812330,7870,,Aggregated,531.100000,449.000000,8000,12000,20000,25000,34000,54000,63000,75000,99000,139000,159000,185584,111293,8000.0,14129.130069393545,9.008125052787364,159225.48304195516,5.859168893870161
1728812331,7880,,Aggregated,610.700000,531.700000,8000,12000,20000,25000,34000,51000,63000,75000,99000,139000,159000,185967,111568,8000.0,14130.195885705267,9.008125052787364,159225.48304195516,5.855178606957148
1728812332,7890,,Aggregated,691.200000,613.000000,8000,12000,20000,25000,34000,50000,62000,75000,99000,139000,159000,186080,111600,8000.0,14125.81803431878,9.008125052787364,159225.48304195516,5.857679492691315
1728812333,7900,,Aggregated,725.800000,649.600000,8000,12000,20000,25000,34000,51000,63000,75000,99000,139000,159000,186236,111633,8000.0,14125.662307358469,9.008125052787364,159225.48304195516,5.861986941300286
1728812334,7910,,Aggregated,745.100000,664.000000,8000,12000,20000,25000,34000,50000,63000,75000,99000,139000,159000,186388,111664,8000.0,14117.79890028644,9.008125052787364,159225.48304195516,5.866236023778355
1728812335,7920,,Aggregated,749.700000,664.500000,8000,12000,20000,25000,34000,50000,63000,75000,99000,139000,159000,186529,111708,8000.0,14111.453865542439,9.008125052787364,159225.48304195516,5.8690444917412306
1728812336,7930,,Aggregated,735.200000,643.600000,8000,12000,20000,25000,34000,49000,62000,75000,99000,139000,159000,186716,111797,8000.0,14104.16174676102,9.008125052787364,159225.48304195516,5.870471732470704
1728812337,7940,,Aggregated,622.500000,533.500000,8000,12000,20000,25000,34000,48000,62000,75000,99000,139000,159000,187330,112327,8000.0,14092.57030377761,9.008125052787364,159225.48304195516,5.8574494208082
1728812338,7950,,Aggregated,513.300000,424.800000,8000,12000,20000,25000,34000,46000,62000,75000,99000,139000,159000,188103,113017,8000.0,14080.585721286494,8.407874964177608,159225.48304195516,5.839513458052237
1728812339,7960,,Aggregated,433.300000,342.800000,8000,12000,20000,25000,34000,40000,62000,75000,99000,139000,159000,189729,114547,8000.0,14054.150290751553,8.407874964177608,159225.48304195516,5.796499217304682
1728812340,7970,,Aggregated,418.600000,327.500000,8000,12000,20000,25000,34000,39000,62000,75000,99000,136000,159000,190805,115543,8000.0,14036.698428954867,8.407874964177608,159225.48304195516,5.7696653651633865
1728812341,7980,,Aggregated,432.000000,337.400000,8000,12000,20000,25000,34000,38000,61000,75000,99000,136000,159000,191560,116259,8000.0,14024.818015918361,8.407874964177608,159225.48304195516,5.7497650866569225
1728812342,7990,,Aggregated,481.900000,384.600000,8000,12000,20000,25000,34000,38000,61000,75000,98000,136000,159000,192180,116844,8000.0,14015.050834017165,8.407874964177608,159225.48304195516,5.733760016651057
1728812343,8000,,Aggregated,534.100000,435.600000,8000,12000,20000,25000,34000,38000,60000,75000,98000,136000,159000,193687,118291,8000.0,13993.351932790412,8.407874964177608,159225.48304195516,5.693438382545034
1728812344,8010,,Aggregated,558.500000,469.200000,8000,12000,20000,25000,34000,38000,60000,75000,98000,136000,159000,193898,118436,8000.0,13989.162671179387,8.407874964177608,159225.48304195516,5.691982382489763
1728812345,8020,,Aggregated,612.300000,528.000000,8000,12000,20000,25000,34000,38000,60000,75000,98000,136000,159000,193957,118437,8000.0,13986.876638439862,8.407874964177608,159225.48304195516,5.6944116479425855
1728812346,8030,,Aggregated,744.100000,667.600000,8000,12000,20000,25000,34000,38000,60000,75000,98000,136000,159000,194035,118437,8000.0,13983.321641902485,8.407874964177608,159225.48304195516,5.6977297910170845
1728812347,8040,,Aggregated,747.000000,676.800000,8000,12000,20000,25000,34000,38000,60000,75000,98000,136000,159000,194156,118439,8000.0,13979.304756250172,8.407874964177608,159225.48304195516,5.702656626630133
1728812348,8050,,Aggregated,739.200000,672.100000,8000,12000,20000,25000,34000,38000,60000,75000,98000,136000,159000,194236,118440,8000.0,13976.656542925704,8.407874964177608,159225.48304195516,5.705971086719249
1728812349,8060,,Aggregated,718.900000,653.600000,8000,12000,20000,25000,34000,38000,60000,75000,98000,136000,159000,194326,118440,8000.0,13971.437172422504,8.407874964177608,159225.48304195516,5.709755771229789
1728812350,8070,,Aggregated,650.800000,581.900000,8000,12000,20000,25000,34000,38000,60000,75000,98000,136000,159000,194419,118440,8000.0,13966.36059458442,8.407874964177608,159225.48304195516,5.713690534361354
1728812352,8080,,Aggregated,555.700000,487.500000,8000,12000,20000,25000,34000,38000,60000,75000,98000,136000,159000,194495,118440,8000.0,13961.879000721125,8.407874964177608,159225.48304195516,5.716897606622278
1728812353,8090,,Aggregated,337.300000,267.000000,8000,12000,20000,25000,34000,38000,60000,75000,98000,136000,159000,194690,118445,8000.0,13955.814302813451,8.407874964177608,159225.48304195516,5.7247675792285175
1728812354,8100,,Aggregated,290.600000,216.900000,8000,12000,20000,25000,34000,38000,59000,75000,98000,136000,159000,194823,118481,8000.0,13956.910318465552,8.407874964177608,159225.48304195516,5.727788813435786
1728812355,8110,,Aggregated,225.500000,155.600000,8000,12000,20000,25000,34000,38000,59000,75000,98000,136000,159000,194963,118524,8000.0,13962.488789970826,8.407874964177608,159225.48304195516,5.730584777624473
1728812356,8120,,Aggregated,100.200000,13.400000,8000,12000,20000,25000,34000,38000,59000,75000,98000,136000,159000,195100,118578,8000.0,13958.812534171999,8.407874964177608,159225.48304195516,5.73247565351102
1728812357,8130,,Aggregated,94.500000,4.900000,8000,12000,20000,25000,34000,38000,59000,75000,98000,136000,159000,195216,118611,8000.0,13954.432476433141,8.407874964177608,159225.48304195516,5.734944881567085
1728812358,8140,,Aggregated,102.700000,9.300000,8000,12000,20000,25000,34000,38000,59000,75000,98000,136000,159000,195305,118611,8000.0,13949.918784782938,8.407874964177608,159225.48304195516,5.738685645528788
1728812359,8150,,Aggregated,109.100000,15.000000,8000,12000,20000,25000,34000,38000,59000,75000,98000,136000,159000,195406,118612,8000.0,13944.180484419798,8.407874964177608,159225.48304195516,5.742837988598098
1728812360,8160,,Aggregated,107.600000,17.200000,8000,12000,20000,25000,34000,38000,59000,75000,98000,136000,159000,195512,118612,8000.0,13938.032712273802,8.407874964177608,159225.48304195516,5.7472584802978846
1728812361,8170,,Aggregated,109.000000,17.100000,8000,12000,20000,25000,34000,38000,59000,75000,98000,136000,159000,195621,118612,8000.0,13931.75919372748,8.407874964177608,159225.48304195516,5.751805787722177
1728812362,8180,,Aggregated,109.800000,17.200000,8000,12000,20000,25000,34000,38000,58000,75000,98000,136000,159000,195714,118612,8000.0,13926.59087861941,8.407874964177608,159225.48304195516,5.755674095874593
1728812364,8190,,Aggregated,110.800000,17.200000,8000,12000,20000,25000,34000,38000,58000,75000,98000,136000,159000,195743,118612,8000.0,13924.759485235927,8.407874964177608,159225.48304195516,5.75687508620998
1728812365,8200,,Aggregated,122.900000,17.200000,8000,12000,20000,25000,34000,38000,58000,75000,98000,136000,159000,195931,118612,8000.0,13915.031439351254,8.407874964177608,159225.48304195516,5.764748814633723
1728812366,8210,,Aggregated,102.500000,16.300000,8000,12000,20000,25000,34000,38000,58000,75000,98000,136000,159000,196045,118612,8000.0,13910.396184802366,8.407874964177608,159225.48304195516,5.769476395725471
1728812367,8220,,Aggregated,103.800000,12.700000,8000,12000,20000,25000,34000,38000,58000,75000,98000,136000,159000,196131,118612,8000.0,13906.802304559815,8.407874964177608,159225.48304195516,5.773059842656184
1728812368,8230,,Aggregated,102.800000,8.200000,8000,12000,20000,25000,34000,38000,58000,75000,98000,136000,159000,196227,118612,8000.0,13900.991991819794,8.407874964177608,159225.48304195516,5.777038837672696
1728812369,8240,,Aggregated,97.800000,2.500000,8000,12000,20000,25000,34000,38000,58000,75000,98000,136000,159000,196327,118612,8000.0,13894.97916347342,8.407874964177608,159225.48304195516,5.781211957601349
1728812370,8250,,Aggregated,96.800000,0.100000,8000,12000,20000,25000,34000,38000,58000,75000,98000,136000,159000,196409,118612,8000.0,13890.103140784866,8.407874964177608,159225.48304195516,5.7846076299965885
1728812371,8260,,Aggregated,96.600000,0.100000,8000,12000,20000,25000,34000,38000,58000,75000,98000,136000,159000,196495,118612,8000.0,13885.618660715903,8.407874964177608,159225.48304195516,5.78816254866536
1728812372,8270,,Aggregated,96.200000,0.000000,8000,12000,20000,25000,34000,38000,58000,75000,98000,136000,159000,196595,118612,8000.0,13879.849899042027,8.407874964177608,159225.48304195516,5.792268368981917
1728812373,8280,,Aggregated,94.300000,0.000000,8000,12000,20000,25000,34000,38000,58000,75000,98000,136000,159000,196691,118612,8000.0,13876.258894203984,8.407874964177608,159225.48304195516,5.796203181640237
1728812374,8290,,Aggregated,93.200000,0.000000,8000,12000,20000,25000,34000,38000,58000,75000,98000,136000,159000,196781,118612,8000.0,13871.47184268446,8.407874964177608,159225.48304195516,5.799929871278223
1728812375,8300,,Aggregated,93.200000,0.000000,8000,12000,20000,25000,34000,38000,58000,75000,98000,136000,159000,196820,118612,8000.0,13869.389952071897,8.407874964177608,159225.48304195516,5.801539477695356
1728812376,8310,,Aggregated,100.600000,0.000000,8000,12000,20000,25000,34000,38000,58000,75000,98000,136000,159000,197011,118613,8000.0,13861.220819274722,8.407874964177608,159225.48304195516,5.809345671053901
1728812377,8320,,Aggregated,93.700000,0.000000,8000,12000,20000,25000,34000,38000,58000,75000,98000,136000,159000,197093,118613,8000.0,13857.13870648525,8.407874964177608,159225.48304195516,5.812707706514184
1728812378,8330,,Aggregated,80.400000,0.000000,8000,12000,20000,25000,34000,38000,58000,75000,98000,136000,159000,197178,118613,8000.0,13853.518221331358,8.407874964177608,159225.48304195516,5.816196533081784
1728812379,8340,,Aggregated,91.500000,0.100000,8000,12000,20000,25000,34000,38000,58000,75000,98000,136000,159000,197275,118613,8000.0,13849.17693080835,8.407874964177608,159225.48304195516,5.820169813711823
1728812380,8350,,Aggregated,90.000000,0.100000,8000,12000,20000,25000,34000,38000,58000,75000,98000,136000,159000,197363,118613,8000.0,13844.367208832475,8.407874964177608,159225.48304195516,5.8237916934785146
1728812381,8360,,Aggregated,89.900000,0.100000,8000,12000,20000,25000,34000,38000,58000,75000,98000,136000,159000,197455,118613,8000.0,13841.211458571423,8.407874964177608,159225.48304195516,5.827550581145071
1728812382,8370,,Aggregated,89.800000,0.100000,8000,12000,20000,25000,34000,38000,58000,75000,98000,136000,159000,197553,118613,8000.0,13835.563016701672,8.407874964177608,159225.48304195516,5.831554063972706
1728812383,8380,,Aggregated,90.100000,0.100000,8000,12000,20000,25000,34000,38000,58000,75000,98000,136000,159000,197649,118613,8000.0,13829.913653282321,8.407874964177608,159225.48304195516,5.835481080096534
1728812384,8390,,Aggregated,90.000000,0.100000,8000,12000,20000,25000,34000,38000,58000,75000,98000,136000,159000,197751,118613,8000.0,13825.557370885213,8.407874964177608,159225.48304195516,5.839616487400822
1728812385,8400,,Aggregated,90.000000,0.100000,8000,12000,20000,25000,34000,38000,58000,75000,98000,136000,159000,197844,118613,8000.0,13821.681390788759,8.407874964177608,159225.48304195516,5.8434271446189925
1728812387,8410,,Aggregated,90.900000,0.100000,8000,12000,20000,25000,34000,38000,58000,75000,98000,136000,159000,197863,118613,8000.0,13820.695113867745,8.407874964177608,159225.48304195516,5.844215441997746
1728812388,8420,,Aggregated,103.500000,0.100000,8000,12000,20000,25000,34000,38000,58000,75000,98000,136000,159000,198037,118613,8000.0,13812.54682068021,8.407874964177608,159225.48304195516,5.851335861480431
1728812389,8430,,Aggregated,84.400000,0.000000,8000,12000,20000,25000,34000,38000,58000,75000,98000,136000,159000,198131,118613,8000.0,13813.195985947881,8.407874964177608,159225.48304195516,5.8551513897370935
1728812390,8440,,Aggregated,92.400000,0.000000,8000,12000,20000,25000,34000,38000,58000,75000,98000,136000,159000,198218,118613,8000.0,13808.413933932618,8.407874964177608,159225.48304195516,5.858690936241915
1728812391,8450,,Aggregated,93.400000,0.000000,8000,12000,20000,25000,34000,38000,58000,75000,98000,136000,159000,198316,118613,8000.0,13803.96681789905,8.407874964177608,159225.48304195516,5.862633373000666
1728812392,8460,,Aggregated,92.400000,0.000000,8000,12000,20000,25000,34000,38000,58000,75000,98000,136000,159000,198413,118613,8000.0,13801.67974114249,8.407874964177608,159225.48304195516,5.866586362788729
1728812393,8470,,Aggregated,93.500000,0.000000,8000,12000,20000,25000,34000,38000,58000,75000,98000,136000,159000,198515,118613,8000.0,13796.996180293761,8.407874964177608,159225.48304195516,5.870725134120847
1728812394,8480,,Aggregated,93.900000,0.000000,8000,12000,20000,25000,34000,38000,58000,75000,98000,136000,159000,198604,118613,8000.0,13793.18629778613,8.407874964177608,159225.48304195516,5.874342913536485
1728812395,8490,,Aggregated,93.900000,0.000000,8000,12000,20000,25000,34000,38000,58000,75000,98000,136000,159000,198703,118613,8000.0,13787.57175800367,8.407874964177608,159225.48304195516,5.878336009018485
1728812396,8500,,Aggregated,93.200000,0.000000,8000,12000,20000,25000,34000,38000,58000,75000,98000,136000,159000,198798,118613,8000.0,13782.316174974176,8.407874964177608,159225.48304195516,5.882151731908771
1728812397,8510,,Aggregated,93.100000,0.000000,8000,12000,20000,25000,34000,38000,58000,75000,98000,136000,159000,198880,118613,8000.0,13778.37630816138,8.407874964177608,159225.48304195516,5.885473652453741
1728812398,8520,,Aggregated,93.100000,0.000000,8000,12000,20000,25000,34000,38000,58000,75000,98000,136000,159000,198908,118613,8000.0,13777.398636021071,8.407874964177608,159225.48304195516,5.8866159229392485
1728812399,8530,,Aggregated,100.100000,0.000000,8000,12000,20000,25000,34000,38000,58000,75000,98000,136000,159000,199067,118613,8000.0,13770.331096211588,8.407874964177608,159225.48304195516,5.893036013000648
1728812400,8540,,Aggregated,88.400000,0.000000,8000,12000,20000,25000,34000,38000,58000,75000,98000,136000,159000,199153,118613,8000.0,13768.074764154779,8.407874964177608,159225.48304195516,5.896471557044082
1728812401,8550,,Aggregated,92.200000,0.000000,8000,12000,20000,25000,34000,38000,58000,75000,98000,136000,159000,199224,118613,8000.0,13764.395044869356,8.407874964177608,159225.48304195516,5.899324378588925
1728812402,8560,,Aggregated,93.200000,0.000000,8000,12000,20000,25000,34000,38000,58000,75000,98000,136000,159000,199269,118613,8000.0,13763.056743309793,8.407874964177608,159225.48304195516,5.901123606782791
1728812403,8570,,Aggregated,90.500000,0.000000,8000,12000,20000,25000,34000,38000,58000,75000,98000,136000,159000,199306,118613,8000.0,13762.935038758558,8.407874964177608,159225.48304195516,5.902627116092842
1728812404,8580,,Aggregated,86.200000,0.000000,8000,12000,20000,25000,34000,38000,58000,75000,98000,136000,159000,199363,118616,8000.0,13761.29955311344,8.407874964177608,159225.48304195516,5.9046914422435455
1728812405,8590,,Aggregated,80.000000,0.000000,8000,12000,20000,25000,34000,54000,62000,75000,98000,135000,159000,200174,119356,8000.0,13937.749649435067,8.407874964177608,159225.48304195516,5.88570943279347
1728812406,8600,,Aggregated,76.000000,0.000000,8000,12000,20000,25000,34000,54000,62000,75000,98000,135000,159000,201240,120354,8000.0,14173.81828188016,8.407874964177608,159225.48304195516,5.8592228185251445
1728812407,8610,,Aggregated,126.200000,53.600000,8000,12000,20000,25000,34000,54000,62000,75000,98000,135000,159000,202442,121504,8000.0,14443.445233244614,8.407874964177608,159225.48304195516,5.828005058238903
1728812408,8620,,Aggregated,221.300000,151.300000,8000,12000,20000,25000,34000,54000,62000,75000,98000,135000,159000,203138,122136,8000.0,14590.26840052697,8.407874964177608,159225.48304195516,5.812403390798374
1728812409,8630,,Aggregated,221.300000,151.300000,8000,12000,20000,26000,34000,54000,62000,75000,98000,135000,159000,203663,122654,8000.0,14711.133189748953,8.407874964177608,159225.48304195516,5.7979014352140545
1728812410,8640,,Aggregated,404.800000,335.500000,8000,12000,20000,28000,35000,54000,62000,75000,97000,135000,159000,205241,124023,8000.0,15018.693617752915,8.407874964177608,159225.48304195516,5.767526956115006
1728812411,8650,,Aggregated,461.600000,404.100000,8000,12000,20000,28000,36000,57000,62000,75000,97000,135000,159000,206172,124870,8000.0,15210.696381080399,8.407874964177608,159225.48304195516,5.747148012339212
1728812412,8660,,Aggregated,452.300000,404.100000,8000,12000,20000,28000,36000,62000,62000,75000,97000,135000,159000,206471,125095,8000.0,15263.255681920937,8.407874964177608,159225.48304195516,5.743809057930654
1728812413,8670,,Aggregated,604.300000,542.300000,8000,12000,20000,28000,36000,62000,62000,75000,97000,135000,159000,206557,125110,8000.0,15262.959757612442,8.407874964177608,159225.48304195516,5.746210489114385
1728812414,8680,,Aggregated,690.800000,625.800000,8000,12000,20000,28000,36000,62000,62000,75000,97000,135000,159000,206647,125111,8000.0,15260.458905680696,8.407874964177608,159225.48304195516,5.749708439996709
1728812415,8690,,Aggregated,717.200000,648.200000,8000,12000,20000,28000,36000,62000,62000,75000,97000,135000,159000,206740,125111,8000.0,15257.170233769617,8.407874964177608,159225.48304195516,5.753390732320789
1728812417,8700,,Aggregated,720.700000,649.700000,8000,12000,20000,28000,36000,62000,62000,75000,97000,135000,159000,206855,125146,8000.0,15262.294615296309,8.407874964177608,159225.48304195516,5.755567909888569
1728812418,8710,,Aggregated,669.500000,596.200000,8000,12000,20000,28000,36000,62000,63000,75000,97000,135000,159000,207196,125414,8000.0,15335.411461708753,8.407874964177608,159225.48304195516,5.750984574991795
1728812419,8720,,Aggregated,574.500000,498.500000,8000,12000,20000,28000,36000,62000,63000,75000,97000,135000,159000,207283,125414,8000.0,15330.31212922853,8.407874964177608,159225.48304195516,5.754398575860056
1728812420,8730,,Aggregated,464.900000,386.800000,8000,12000,20000,28000,36000,62000,63000,75000,97000,135000,159000,207361,125414,8000.0,15325.696996751467,8.407874964177608,159225.48304195516,5.757471269910928
1728812421,8740,,Aggregated,424.000000,344.600000,8000,12000,20000,28000,36000,62000,63000,75000,97000,135000,159000,207473,125414,8000.0,15319.78582328687,8.407874964177608,159225.48304195516,5.761872629209584
1728812422,8750,,Aggregated,362.000000,276.000000,8000,12000,20000,28000,36000,62000,63000,75000,97000,135000,159000,207565,125414,8000.0,15315.329346053466,8.407874964177608,159225.48304195516,5.76549996386674
1728812423,8760,,Aggregated,369.800000,276.000000,8000,12000,20000,28000,36000,62000,63000,75000,97000,135000,159000,207661,125414,8000.0,15311.362339341762,8.407874964177608,159225.48304195516,5.769268182277847
1728812424,8770,,Aggregated,139.200000,54.300000,8000,12000,20000,28000,36000,62000,63000,75000,97000,135000,159000,207764,125414,8000.0,15307.28331326694,8.407874964177608,159225.48304195516,5.773281222926013
1728812425,8780,,Aggregated,119.000000,31.900000,8000,12000,20000,28000,36000,62000,63000,75000,97000,135000,159000,207866,125414,8000.0,15300.803872577182,8.407874964177608,159225.48304195516,5.777269972001193
1728812426,8790,,Aggregated,120.600000,30.400000,8000,12000,20000,28000,36000,62000,63000,75000,97000,135000,159000,207959,125414,8000.0,15295.1117595524,8.407874964177608,159225.48304195516,5.780884693617492
1728812427,8800,,Aggregated,121.500000,30.300000,8000,12000,20000,28000,36000,62000,63000,75000,97000,135000,159000,208045,125414,8000.0,15291.584546133889,8.407874964177608,159225.48304195516,5.784253406714893
1728812428,8810,,Aggregated,121.600000,30.300000,8000,12000,20000,28000,36000,62000,63000,75000,97000,135000,159000,208141,125424,8000.0,15289.518605170706,8.407874964177608,159225.48304195516,5.787360491205481
1728812429,8820,,Aggregated,118.400000,26.800000,8000,12000,20000,28000,36000,62000,63000,75000,97000,135000,159000,208244,125435,8000.0,15287.021536886032,8.407874964177608,159225.48304195516,5.790639826357542
1728812430,8830,,Aggregated,93.800000,1.000000,8000,12000,20000,28000,36000,62000,63000,75000,97000,135000,159000,208361,125447,8000.0,15284.408126774577,8.407874964177608,159225.48304195516,5.794400103666233
1728812431,8840,,Aggregated,93.800000,1.000000,8000,12000,20000,28000,36000,62000,63000,75000,97000,135000,159000,208422,125447,8000.0,15281.527082919509,8.407874964177608,159225.48304195516,5.796768095498556
1728812432,8850,,Aggregated,99.000000,3.300000,8000,12000,20000,28000,36000,62000,63000,75000,98000,135000,159000,208667,125491,8000.0,15292.427770781922,8.407874964177608,159225.48304195516,5.820628082063767
