Timestamp,User Count,Type,Name,Requests/s,Failures/s,50%,66%,75%,80%,90%,95%,98%,99%,99.9%,99.99%,100%,Total Request Count,Total Failure Count,Total Median Response Time,Total Average Response Time,Total Min Response Time,Total Max Response Time,Total Average Content Size
1728816231,0,,Aggregated,0.000000,0.000000,N/A,N/A,N/A,N/A,N/A,N/A,N/A,N/A,N/A,N/A,N/A,0,0,0,0.0,0,0,0
1728816232,10,,Aggregated,0.000000,0.000000,110,110,110,120,180,180,180,180,180,180,180,10,0,110.0,115.47349161701277,97.8942500660196,179.35870797373354,13.8
1728816233,20,,Aggregated,0.000000,0.000000,110,110,110,120,120,160,180,180,180,180,180,24,0,110.0,105.31392358825542,49.76037493906915,179.35870797373354,13.916666666666666
1728816234,30,,Aggregated,10.000000,0.000000,110,110,110,110,120,120,180,180,180,180,180,45,0,110.0,93.13954529611186,47.38574998918921,179.35870797373354,13.911111111111111
1728816235,40,,Aggregated,11.000000,0.000000,100,110,110,110,120,160,190,200,200,200,200,66,0,100.0,91.5568061243517,47.090666950680315,198.78075004089624,13.878787878787879
1728816236,50,,Aggregated,13.333333,0.000000,100,110,110,110,120,180,200,200,200,200,200,92,0,100.0,88.05918703285937,47.090666950680315,204.58633406087756,13.902173913043478
1728816237,60,,Aggregated,15.500000,0.000000,56,110,110,120,120,160,200,200,200,200,200,127,0,56,85.93166894444418,47.090666950680315,204.58633406087756,13.921259842519685
1728816238,70,,Aggregated,17.800000,0.000000,55,100,110,110,120,160,200,200,200,200,200,167,0,55,82.79476971518874,46.663583954796195,204.58633406087756,13.946107784431138
1728816239,80,,Aggregated,20.166667,0.000000,53,100,110,110,130,160,190,200,200,200,200,206,0,53,80.89871257057558,46.663583954796195,204.58633406087756,13.927184466019417
1728816240,90,,Aggregated,22.571429,0.000000,53,100,110,110,120,150,180,200,200,200,200,254,0,53,79.21920716304214,46.663583954796195,204.58633406087756,13.9251968503937
1728816241,100,,Aggregated,24.875000,0.000000,55,100,110,110,140,170,190,200,200,200,200,305,0,55,81.35943482515448,46.663583954796195,204.58633406087756,13.918032786885245
1728816242,110,,Aggregated,26.444444,0.000000,55,100,110,110,140,180,200,200,240,240,240,362,0,55,81.8669568221162,46.663583954796195,244.32295793667436,13.917127071823204
1728816243,120,,Aggregated,29.600000,0.000000,55,100,110,120,150,190,200,220,240,240,240,422,0,55,84.09730724629536,46.663583954796195,244.32295793667436,13.919431279620854
1728816244,130,,Aggregated,33.600000,0.000000,55,100,110,120,150,180,200,220,240,240,240,484,0,55,82.28807039833089,46.663583954796195,244.32295793667436,13.917355371900827
1728816245,140,,Aggregated,38.400000,0.000000,55,100,110,120,170,190,200,220,250,250,250,554,0,55,86.41199260384403,46.5217080200091,245.0387499993667,13.92418772563177
1728816246,150,,Aggregated,42.800000,0.000000,56,110,120,140,180,200,210,230,250,250,250,634,0,56,91.37112452363601,46.5217080200091,245.0387499993667,13.919558359621451
1728816247,160,,Aggregated,47.700000,0.000000,56,100,120,140,180,190,210,220,250,250,250,715,0,56,88.77758734869295,46.5217080200091,245.0387499993667,13.923076923076923
1728816248,170,,Aggregated,52.300000,0.000000,64,110,130,140,180,190,210,220,250,250,250,799,0,64,93.66640476661458,46.5217080200091,245.0387499993667,13.921151439299123
1728816249,180,,Aggregated,56.600000,0.000000,81,120,140,150,180,190,210,230,250,250,250,884,0,80,98.40782498163846,46.5217080200091,245.0387499993667,13.921945701357465
1728816250,190,,Aggregated,61.100000,0.000000,100,130,150,170,200,250,330,350,380,380,380,965,0,100.0,112.44080628936753,46.5217080200091,380.45933307148516,13.919170984455958
1728816251,200,,Aggregated,65.900000,0.000000,110,150,170,190,310,390,470,490,530,530,530,1051,0,110.0,137.10093207590435,46.5217080200091,531.3452499685809,13.9162702188392
1728816252,210,,Aggregated,70.000000,0.000000,110,160,190,250,420,470,500,520,580,630,630,1143,0,110.0,162.74676285857254,46.5217080200091,629.5520829735324,13.914260717410324
1728816253,220,,Aggregated,72.700000,0.000000,120,180,290,360,440,470,500,520,580,630,630,1235,0,120.0,181.48172300116644,46.5217080200091,629.5520829735324,13.91417004048583
1728816254,230,,Aggregated,76.600000,0.000000,140,200,350,390,450,480,520,540,580,630,630,1324,0,140.0,198.7428318179287,46.5217080200091,629.5520829735324,13.908610271903322
1728816255,240,,Aggregated,79.800000,0.000000,150,300,400,430,480,530,580,600,670,670,670,1417,0,150.0,221.18462655948306,46.5217080200091,673.8182499539107,13.911079745942132
1728816256,250,,Aggregated,82.900000,0.000000,160,350,430,460,530,590,650,670,740,740,740,1509,0,160.0,245.03829506726726,46.5217080200091,735.4454169981182,13.913850231941684
1728816257,260,,Aggregated,84.700000,0.000000,180,390,450,480,590,670,720,810,860,860,860,1598,0,180.0,271.00872538750116,46.5217080200091,862.3748329700902,13.912390488110137
1728816258,270,,Aggregated,86.600000,0.000000,190,430,480,530,670,830,880,900,920,930,930,1698,0,190.0,305.67835644758236,46.5217080200091,927.6196249993518,13.913427561837455
1728816259,280,,Aggregated,88.200000,0.000000,230,440,530,590,810,870,910,920,990,1000,1000,1795,0,230.0,336.1027366978513,46.5217080200091,1003.8970831083134,13.911420612813371
1728816260,290,,Aggregated,89.800000,0.000000,320,480,580,670,870,920,950,970,1000,1000,1000,1905,0,320.0,370.1457777339232,46.5217080200091,1027.185874991119,13.90761154855643
1728816261,300,,Aggregated,90.600000,0.000000,360,510,660,800,880,920,950,970,1000,1000,1000,2007,0,360.0,394.95997085331373,46.5217080200091,1027.185874991119,13.904833084205281
1728816262,310,,Aggregated,92.900000,0.000000,390,560,740,830,900,930,970,1000,1000,1000,1000,2100,0,390.0,419.0408454013301,46.5217080200091,1030.8152079815045,13.905714285714286
1728816263,320,,Aggregated,94.500000,0.000000,420,610,820,870,920,960,1000,1000,1100,1100,1100,2203,0,420.0,445.268783860128,46.5217080200091,1128.8327079964802,13.90422151611439
1728816264,330,,Aggregated,95.300000,0.000000,430,660,850,890,950,1000,1200,1300,1400,1400,1400,2293,0,430.0,475.2362695904091,46.5217080200091,1382.004417013377,13.90580026166594
1728816265,340,,Aggregated,96.500000,0.000000,450,760,880,910,1000,1200,1400,1400,1400,1400,1400,2396,0,450.0,511.6527993380689,46.5217080200091,1434.1718750074506,13.904006677796326
1728816266,350,,Aggregated,96.400000,0.000000,470,820,890,930,1200,1300,1400,1400,2400,2500,2500,2492,0,470.0,546.5878603387965,46.5217080200091,2474.46083300747,13.902487961476725
1728816267,360,,Aggregated,97.300000,0.000000,490,850,920,960,1300,1300,1400,1400,2600,2700,2700,2593,0,490.0,580.6586959945129,46.5217080200091,2694.689958007075,13.903972232934825
1728816268,370,,Aggregated,97.900000,0.000000,520,870,930,1000,1300,1400,1400,2400,3500,3500,3500,2688,0,520.0,618.5047273534759,46.5217080200091,3474.8464999720454,13.903645833333334
1728816269,380,,Aggregated,98.400000,0.000000,560,890,960,1100,1300,1400,2300,2500,3500,3700,3700,2783,0,560.0,654.0931071966878,46.5217080200091,3692.8386660292745,13.90298239310097
1728816270,390,,Aggregated,98.600000,0.000000,590,900,1000,1200,1400,1400,2400,2500,3600,5000,5000,2873,0,590.0,687.7337022125494,46.5217080200091,4968.704291968606,13.90219282979464
1728816271,400,,Aggregated,97.800000,0.000000,650,920,1200,1300,1400,1500,2500,2800,4400,5000,5000,2985,0,650.0,740.0347553047709,46.5217080200091,4968.704291968606,13.90318257956449
1728816272,410,,Aggregated,97.400000,0.000000,700,950,1200,1300,1400,2300,2500,3300,4400,5000,5000,3096,0,700.0,775.1495571178625,46.5217080200091,4968.704291968606,13.902777777777779
1728816273,420,,Aggregated,96.700000,0.000000,800,980,1200,1300,1400,2400,2700,3400,5000,5800,5800,3206,0,790.0,814.2691982373495,46.5217080200091,5813.839874928817,13.903930131004367
1728816274,430,,Aggregated,98.300000,0.000000,830,1000,1200,1300,1400,2500,3100,3500,5800,6100,6100,3323,0,830.0,851.7927567235547,46.5217080200091,6127.565584029071,13.903400541679206
1728816275,440,,Aggregated,98.600000,0.000000,850,1100,1200,1300,1500,2500,3200,3500,5800,6100,6100,3434,0,850.0,877.4280514351532,46.5217080200091,6127.565584029071,13.903319743739079
1728816276,450,,Aggregated,100.700000,0.000000,870,1200,1300,1300,1500,2500,3300,3700,5800,6100,6100,3544,0,870.0,910.7539404164771,46.5217080200091,6127.565584029071,13.903781038374717
1728816277,460,,Aggregated,102.200000,0.000000,880,1200,1300,1300,2200,2500,3400,3700,5800,6300,6300,3638,0,880.0,939.1656400270849,46.5217080200091,6256.622083950788,13.904343045629467
1728816278,470,,Aggregated,103.500000,0.000000,890,1200,1300,1400,2200,2600,3400,3900,5800,6300,6300,3732,0,890.0,968.0224966396248,46.5217080200091,6256.622083950788,13.904072883172562
1728816279,480,,Aggregated,104.200000,0.000000,910,1200,1300,1400,2300,2700,3500,4300,5800,6300,6300,3845,0,910.0,1005.9593137196218,46.5217080200091,6256.622083950788,13.905331599479844
1728816280,490,,Aggregated,103.200000,0.000000,920,1200,1300,1400,2400,2800,3500,4400,6200,7300,7300,3949,0,920.0,1041.3307089987784,46.5217080200091,7278.877167031169,13.90554570777412
1728816281,500,,Aggregated,104.900000,0.000000,940,1200,1300,1400,2400,3200,3700,4600,6200,7300,7300,4049,0,940.0,1075.4397788865535,46.5217080200091,7278.877167031169,13.905408742899482
1728816282,510,,Aggregated,106.000000,0.000000,960,1200,1300,1400,2500,3300,4200,5200,7700,7800,7800,4154,0,960.0,1119.8502931826029,46.5217080200091,7781.273124972358,13.905633124699085
1728816283,520,,Aggregated,106.900000,0.000000,990,1300,1400,1400,2500,3400,4300,5300,7700,7800,7800,4262,0,990.0,1155.874370141994,46.5217080200091,7781.273124972358,13.904739558892539
1728816284,530,,Aggregated,105.300000,0.000000,1000,1300,1400,1400,2500,3400,4400,5300,7700,7800,7800,4365,0,1000.0,1189.1272305655225,46.5217080200091,7781.273124972358,13.90446735395189
1728816285,540,,Aggregated,104.700000,0.000000,1100,1300,1400,1500,2600,3400,4500,5400,7700,7800,7800,4483,0,1100.0,1225.2775736856552,46.5217080200091,7781.273124972358,13.906089672094579
1728816286,550,,Aggregated,104.900000,0.000000,1100,1300,1400,2200,2700,3500,4600,5400,7700,8000,8000,4599,0,1100.0,1257.1889390894,46.5217080200091,7975.972624961287,13.90584909762992
1728816287,560,,Aggregated,104.200000,0.000000,1200,1300,1400,2200,2700,3500,4700,5500,8000,8900,8900,4689,0,1200.0,1277.9366627838947,46.5217080200091,8888.118874980137,13.90509703561527
1728816288,570,,Aggregated,104.700000,0.000000,1200,1300,1400,2200,2900,3600,4700,5500,8300,9100,9100,4789,0,1200.0,1307.6124934148604,46.5217080200091,9079.292083973996,13.90457297974525
1728816289,580,,Aggregated,105.100000,0.000000,1200,1300,1400,2300,3100,3700,4800,5800,10000,12000,12000,4892,0,1200.0,1343.1907202754574,46.5217080200091,11970.107208006084,13.90494685200327
1728816290,590,,Aggregated,105.200000,0.000000,1200,1300,1400,2300,3200,3800,5000,5800,10000,12000,12000,5007,0,1200.0,1370.9873748752882,46.5217080200091,11970.107208006084,13.905132814060316
1728816291,600,,Aggregated,104.900000,0.000000,1200,1300,1500,2300,3300,3900,5200,5900,10000,12000,12000,5123,0,1200.0,1401.555085423442,46.5217080200091,11970.107208006084,13.904548116338082
1728816292,610,,Aggregated,104.700000,0.000000,1200,1300,1500,2300,3300,4000,5300,6100,10000,12000,12000,5230,0,1200.0,1427.434496548967,46.5217080200091,11970.107208006084,13.904206500956024
1728816293,620,,Aggregated,105.900000,0.000000,1200,1300,2200,2400,3300,4200,5400,6100,11000,12000,12000,5335,0,1200.0,1458.9666808562592,46.5217080200091,11970.107208006084,13.903842549203373
1728816294,630,,Aggregated,107.500000,0.000000,1200,1300,2200,2400,3300,4200,5400,6300,12000,12000,12000,5431,0,1200.0,1479.9195578542126,46.5217080200091,12062.996957916766,13.9040692321856
1728816295,640,,Aggregated,108.300000,0.000000,1200,1400,2200,2400,3300,4200,5400,6400,12000,16000,16000,5527,0,1200.0,1504.2563346894506,46.5217080200091,16187.764500034973,13.904288040528316
1728816296,650,,Aggregated,106.700000,0.000000,1200,1400,2300,2400,3400,4200,5500,6400,12000,16000,16000,5622,0,1200.0,1523.1936740544568,46.5217080200091,16187.764500034973,13.904482390608324
1728816297,660,,Aggregated,105.800000,0.000000,1200,1400,2300,2500,3400,4300,5700,7500,12000,16000,16000,5717,0,1200.0,1560.8244717937437,46.5217080200091,16187.764500034973,13.904495364701766
1728816298,670,,Aggregated,103.500000,0.000000,1200,1400,2300,2500,3400,4300,5700,7500,12000,16000,16000,5815,0,1200.0,1583.765279914387,46.5217080200091,16187.764500034973,13.903869303525365
1728816299,680,,Aggregated,102.500000,0.000000,1200,1400,2300,2500,3500,4400,5900,8400,16000,18000,18000,5917,0,1200.0,1635.3037229794484,46.5217080200091,17868.855249951594,13.903329389893527
1728816300,690,,Aggregated,103.000000,0.000000,1200,1400,2300,2500,3500,4500,6400,8800,17000,18000,18000,5998,0,1200.0,1666.7443679749683,46.5217080200091,17868.855249951594,13.903467822607535
1728816301,700,,Aggregated,102.700000,0.000000,1200,1400,2300,2500,3600,4600,6700,9000,16000,18000,18000,6069,0,1200.0,1700.6799166027447,46.5217080200091,17868.855249951594,13.903773274015489
1728816302,710,,Aggregated,101.600000,0.000000,1200,1400,2400,2600,3600,4700,7200,9400,16000,18000,18000,6128,0,1200.0,1733.6320456963138,46.5217080200091,17868.855249951594,13.903720626631854
1728816303,720,,Aggregated,97.200000,0.000000,1200,1400,2400,2600,3700,4800,7200,9400,16000,18000,18000,6177,0,1200.0,1748.6675892461972,46.5217080200091,17868.855249951594,13.903513032216287
1728816304,730,,Aggregated,92.400000,0.000000,1300,1400,2400,2600,3700,4800,7300,9700,16000,18000,18000,6238,0,1300.0,1771.323926174923,46.5217080200091,17868.855249951594,13.903655017633858
1728816305,740,,Aggregated,86.900000,0.000000,1300,1500,2400,2600,3800,5200,7500,10000,17000,20000,20000,6305,0,1300.0,1809.2760487814676,46.5217080200091,19970.58116691187,13.904044409199049
1728816306,750,,Aggregated,81.800000,0.000000,1300,1500,2400,2700,3900,5300,7900,10000,17000,20000,20000,6379,3,1300.0,1850.4411526010697,46.5217080200091,19970.58116691187,13.972409468568742
1728816307,760,,Aggregated,78.600000,0.000000,1300,1800,2500,2800,4100,5500,8600,11000,17000,20000,20000,6468,10,1300.0,1905.7677438448868,46.5217080200091,19970.58116691187,14.129715522572665
1728816308,770,,Aggregated,76.200000,0.300000,1300,2000,2500,3000,4200,5800,8800,11000,17000,20000,20000,6555,10,1300.0,1950.3138602189638,46.5217080200091,19970.58116691187,14.126773455377574
1728816309,780,,Aggregated,74.700000,1.000000,1300,2200,2500,3100,4300,5900,8900,11000,17000,20000,20000,6640,10,1300.0,1984.5653207992962,46.5217080200091,19970.58116691187,14.12394578313253
1728816310,790,,Aggregated,73.400000,1.000000,1300,2200,2500,3200,4400,6100,9200,12000,18000,23000,23000,6731,10,1300.0,2032.530231136339,46.5217080200091,22949.851750046946,14.120784430248106
1728816311,800,,Aggregated,72.100000,1.000000,1300,2200,2500,3300,4400,6200,10000,12000,18000,23000,23000,6834,10,1300.0,2074.502361231074,46.5217080200091,22949.851750046946,14.11779338601112
1728816312,810,,Aggregated,71.000000,1.000000,1300,2200,2600,3300,4400,6400,10000,14000,19000,30000,30000,6940,17,1300.0,2130.13945932239,46.5217080200091,30064.863916952163,14.262391930835735
1728816313,820,,Aggregated,73.500000,1.000000,1300,2300,2600,3300,4500,6400,10000,14000,19000,30000,30000,7021,17,1300.0,2150.46235558544,46.5217080200091,30064.863916952163,14.257798034468024
1728816314,830,,Aggregated,77.900000,1.700000,1300,2300,2600,3300,4500,6500,11000,15000,19000,30000,30000,7120,17,1300.0,2192.990664001377,46.5217080200091,30064.863916952163,14.252949438202247
1728816315,840,,Aggregated,82.500000,1.700000,1300,2300,2700,3300,4600,6800,11000,15000,29000,32000,32000,7219,17,1300.0,2254.6565468070844,46.5217080200091,31956.54074999038,14.247264164011636
1728816316,850,,Aggregated,86.100000,1.700000,1300,2300,2700,3400,4700,7100,12000,15000,29000,32000,32000,7313,17,1300.0,2286.5680707965316,46.5217080200091,31956.54074999038,14.242444961028307
1728816317,860,,Aggregated,89.500000,1.700000,1300,2300,2700,3400,4700,7200,12000,15000,29000,32000,32000,7396,17,1300.0,2305.5473616066847,46.5217080200091,31956.54074999038,14.238912925905895
1728816318,870,,Aggregated,92.300000,1.400000,1300,2300,2800,3400,4800,7300,12000,15000,29000,32000,32000,7487,17,1300.0,2334.1297340536944,46.5217080200091,31956.54074999038,14.234806998797916
1728816319,880,,Aggregated,92.800000,0.700000,1400,2300,2900,3400,4900,7700,12000,16000,33000,34000,34000,7578,17,1400.0,2403.1690292268504,46.5217080200091,34319.950375007465,14.230799683293744
1728816320,890,,Aggregated,93.100000,0.700000,1400,2400,2900,3400,5000,7800,12000,16000,33000,34000,34000,7666,17,1400.0,2425.2716632025463,46.5217080200091,34319.950375007465,14.227758935559613
1728816321,900,,Aggregated,93.500000,0.700000,1400,2400,3100,3500,5000,8000,14000,16000,34000,38000,38000,7762,17,1400.0,2472.6103975760648,46.5217080200091,38065.758332959376,14.224169028600876
1728816322,910,,Aggregated,93.900000,0.700000,1400,2400,3100,3500,5200,8300,14000,17000,34000,38000,38000,7864,17,1400.0,2497.7993096210957,46.5217080200091,38065.758332959376,14.220752797558495
1728816323,920,,Aggregated,93.300000,0.700000,1400,2400,3200,3500,5300,8600,14000,17000,35000,44000,44000,7968,17,1400.0,2559.388724719782,46.5217080200091,44390.59583295602,14.216616465863455
1728816324,930,,Aggregated,92.500000,0.000000,1400,2400,3200,3500,5400,8800,14000,17000,34000,44000,44000,8068,17,1400.0,2579.62326289904,46.5217080200091,44390.59583295602,14.212940009915716
1728816325,940,,Aggregated,92.500000,0.000000,1400,2400,3200,3600,5400,8800,14000,17000,34000,44000,44000,8171,17,1400.0,2599.991417786245,46.5217080200091,44390.59583295602,14.20878717415249
1728816326,950,,Aggregated,94.500000,0.000000,1400,2400,3300,3600,5500,9000,14000,17000,34000,44000,44000,8276,17,1400.0,2623.1845608865156,46.5217080200091,44390.59583295602,14.20505074915418
1728816327,960,,Aggregated,94.500000,0.000000,1400,2500,3300,3600,5500,9000,15000,17000,38000,45000,45000,8372,17,1400.0,2671.538526922474,46.5217080200091,45471.15016693715,14.201624462494028
1728816328,970,,Aggregated,94.600000,0.000000,1400,2500,3300,3600,5500,9000,15000,17000,38000,45000,45000,8464,17,1400.0,2679.912600624196,46.5217080200091,45471.15016693715,14.198487712665406
1728816329,980,,Aggregated,96.000000,0.000000,1400,2500,3300,3600,5600,9100,15000,17000,38000,45000,45000,8559,17,1400.0,2707.087852433327,46.5217080200091,45471.15016693715,14.195233087977568
1728816330,990,,Aggregated,97.000000,0.000000,1400,2500,3300,3700,5600,9100,15000,17000,38000,45000,45000,8648,17,1400.0,2723.709315792504,46.5217080200091,45471.15016693715,14.191836262719704
1728816331,1000,,Aggregated,97.100000,0.000000,1400,2500,3300,3700,5800,9200,15000,17000,38000,45000,45000,8765,17,1400.0,2772.548858500928,46.5217080200091,45471.15016693715,14.187906446092413
1728816332,1010,,Aggregated,97.400000,0.000000,1400,2500,3400,3800,5800,9900,15000,18000,38000,45000,45000,8876,17,1400.0,2829.749653635905,46.5217080200091,45471.15016693715,14.184542586750789
1728816333,1020,,Aggregated,98.200000,0.000000,1400,2500,3400,3800,5900,9800,15000,18000,38000,45000,45000,8983,17,1400.0,2835.5752025321185,46.5217080200091,45471.15016693715,14.181565178670823
1728816334,1030,,Aggregated,99.900000,0.000000,1400,2500,3400,3800,5900,9900,15000,18000,38000,45000,45000,9098,17,1400.0,2849.9409804835987,46.5217080200091,45471.15016693715,14.177731369531765
1728816335,1040,,Aggregated,100.600000,0.000000,1400,2500,3400,3800,5900,9900,15000,18000,39000,45000,45000,9201,21,1400.0,2873.050165704218,46.5217080200091,45471.15016693715,14.238452342136725
1728816336,1050,,Aggregated,101.000000,0.000000,1400,2500,3400,3900,6000,9900,15000,19000,39000,45000,45000,9295,21,1400.0,2887.733591789694,46.5217080200091,45471.15016693715,14.235072619688005
1728816337,1060,,Aggregated,102.100000,0.000000,1400,2500,3400,3900,6000,9900,15000,19000,39000,45000,45000,9387,21,1400.0,2912.91241070243,46.5217080200091,45471.15016693715,14.232342601470119
1728816338,1070,,Aggregated,102.500000,0.400000,1400,2500,3400,3900,6000,10000,15000,19000,39000,45000,45000,9478,21,1400.0,2932.3998976771104,46.5217080200091,45471.15016693715,14.229584300485335
1728816339,1080,,Aggregated,102.000000,0.400000,1400,2600,3400,3900,6100,10000,15000,19000,40000,56000,56000,9579,21,1400.0,2968.096396934717,46.5217080200091,56394.85304208938,14.226015241674496
1728816340,1090,,Aggregated,101.100000,0.400000,1400,2600,3400,4000,6200,10000,16000,20000,40000,56000,56000,9673,21,1400.0,3002.88202657181,46.5217080200091,56394.85304208938,14.223612116199732
1728816341,1100,,Aggregated,101.400000,0.400000,1400,2600,3500,4000,6200,10000,16000,20000,44000,58000,58000,9766,21,1400.0,3025.367848576334,46.5217080200091,58052.89462499786,14.220049150112636
1728816342,1110,,Aggregated,102.000000,0.400000,1400,2600,3500,4000,6200,10000,16000,20000,44000,58000,58000,9848,21,1400.0,3033.6234418776257,46.5217080200091,58052.89462499786,14.217506092607636
1728816343,1120,,Aggregated,101.300000,0.400000,1400,2600,3500,4100,6300,10000,16000,20000,44000,59000,59000,9939,21,1400.0,3049.5612747240557,46.5217080200091,59273.0972499121,14.214508501861355
1728816344,1130,,Aggregated,99.000000,0.400000,1400,2600,3500,4100,6300,10000,16000,21000,45000,63000,63000,10042,21,1400.0,3074.444176370004,46.5217080200091,62972.451833076775,14.210914160525792
1728816345,1140,,Aggregated,95.900000,0.400000,1400,2600,3500,4100,6300,10000,16000,21000,45000,63000,63000,10149,21,1400.0,3093.268178004772,46.5217080200091,62972.451833076775,14.208000788255001
1728816346,1150,,Aggregated,95.200000,0.400000,1400,2700,3500,4200,6400,10000,16000,21000,45000,63000,63000,10252,21,1400.0,3108.0940722980686,46.5217080200091,62972.451833076775,14.204935622317597
1728816347,1160,,Aggregated,94.300000,0.400000,1500,2700,3600,4200,6400,10000,16000,20000,45000,63000,63000,10346,21,1500.0,3114.21441642455,46.5217080200091,62972.451833076775,14.202010438816934
1728816348,1170,,Aggregated,94.800000,0.000000,1500,2700,3600,4200,6400,10000,16000,22000,45000,63000,63000,10453,21,1500.0,3144.6253235310987,46.5217080200091,62972.451833076775,14.199272935999234
1728816349,1180,,Aggregated,94.700000,0.000000,1500,2700,3600,4200,6400,10000,16000,23000,45000,63000,63000,10555,21,1500.0,3168.01879938778,46.5217080200091,62972.451833076775,14.196778777830412
1728816350,1190,,Aggregated,96.300000,0.000000,1500,2700,3600,4200,6400,10000,16000,23000,45000,63000,63000,10654,21,1500.0,3168.8744461655815,46.5217080200091,62972.451833076775,14.193917777360616
1728816351,1200,,Aggregated,96.600000,0.000000,1500,2700,3600,4200,6500,11000,16000,24000,45000,63000,63000,10762,21,1500.0,3193.607365730327,46.5217080200091,62972.451833076775,14.191600074335625
1728816352,1210,,Aggregated,96.500000,0.000000,1500,2800,3600,4200,6500,11000,16000,23000,45000,63000,63000,10869,21,1500.0,3201.875072000956,46.5217080200091,62972.451833076775,14.188977826846996
1728816353,1220,,Aggregated,97.800000,0.000000,1500,2800,3600,4300,6600,11000,16000,24000,45000,63000,63000,10959,21,1500.0,3222.9179529681182,46.5217080200091,62972.451833076775,14.186878364814309
1728816354,1230,,Aggregated,99.400000,0.000000,1500,2800,3600,4300,6700,11000,16000,29000,44000,63000,63000,11058,21,1500.0,3253.490206716626,46.5217080200091,62972.451833076775,14.184662687646952
1728816355,1240,,Aggregated,102.000000,0.000000,1500,2800,3600,4300,6700,11000,16000,29000,44000,63000,63000,11161,21,1500.0,3253.431445043017,46.5217080200091,62972.451833076775,14.182420930024191
1728816356,1250,,Aggregated,100.600000,0.000000,1500,2800,3600,4300,6700,11000,16000,28000,44000,63000,63000,11261,21,1500.0,3256.1836938255283,46.5217080200091,62972.451833076775,14.180090578101412
1728816357,1260,,Aggregated,100.800000,0.000000,1500,2900,3600,4300,6900,11000,16000,29000,56000,63000,63000,11351,21,1500.0,3304.461212433202,46.5217080200091,62972.451833076775,14.177781693242887
1728816358,1270,,Aggregated,100.800000,0.000000,1500,2900,3700,4300,6800,11000,16000,29000,56000,63000,63000,11452,21,1500.0,3309.683062620162,46.5217080200091,62972.451833076775,14.175515193852602
1728816359,1280,,Aggregated,100.600000,0.000000,1500,2900,3700,4300,6900,11000,16000,29000,56000,63000,63000,11545,21,1500.0,3313.8376443518587,46.5217080200091,62972.451833076775,14.173408401905586
1728816360,1290,,Aggregated,99.700000,0.000000,1500,2900,3700,4300,6900,11000,16000,29000,56000,63000,63000,11619,21,1500.0,3315.5816801971273,46.5217080200091,62972.451833076775,14.1711851278079
1728816361,1300,,Aggregated,99.800000,0.000000,1600,3000,3700,4300,7200,11000,17000,30000,58000,67000,67000,11686,21,1600.0,3367.2321609976734,46.5217080200091,67232.39995795302,14.169775800102688
1728816362,1310,,Aggregated,99.300000,0.000000,1600,3100,3700,4300,7200,11000,17000,30000,59000,67000,67000,11750,22,1600.0,3384.8276491914044,46.5217080200091,67232.39995795302,14.18
1728816363,1320,,Aggregated,95.700000,0.000000,1600,3100,3700,4400,7300,11000,17000,30000,63000,67000,68000,11830,22,1600.0,3418.9948134438487,46.5217080200091,68025.28220799286,14.178444632290786
1728816364,1330,,Aggregated,91.000000,0.000000,1700,3100,3700,4400,7400,11000,17000,31000,66000,68000,71000,11918,22,1700.0,3460.613103061721,46.5217080200091,70915.27374996804,14.176707501258601
1728816365,1340,,Aggregated,88.000000,0.100000,1800,3200,3800,4400,7600,11000,17000,31000,65000,68000,71000,12016,22,1800.0,3487.1056426257323,46.5217080200091,70915.27374996804,14.17435086551265
1728816366,1350,,Aggregated,87.500000,0.100000,1800,3200,3800,4400,7700,11000,17000,32000,66000,71000,71000,12129,26,1800.0,3565.5929736031453,46.5217080200091,71154.0494589135,14.220298458240581
1728816367,1360,,Aggregated,86.200000,0.100000,1900,3200,3800,4400,7800,11000,18000,33000,68000,71000,71000,12229,26,1900.0,3663.3674745278513,46.5217080200091,71154.0494589135,14.217842832611007
1728816368,1370,,Aggregated,85.000000,0.100000,1900,3200,3800,4400,7900,11000,18000,33000,69000,71000,75000,12325,26,1900.0,3682.359836115413,46.5217080200091,74789.56199996173,14.215496957403651
1728816369,1380,,Aggregated,86.600000,0.500000,2000,3200,3900,4400,7900,11000,18000,33000,70000,71000,75000,12437,26,2000.0,3709.950335627555,46.5217080200091,74789.56199996173,14.212591460963255
1728816370,1390,,Aggregated,87.400000,0.500000,2000,3200,3900,4500,8300,12000,19000,34000,70000,71000,75000,12538,26,2000.0,3770.357008519966,46.5217080200091,74789.56199996173,14.21032062529909
1728816371,1400,,Aggregated,87.100000,0.500000,2000,3300,3900,4500,8300,12000,19000,34000,70000,71000,75000,12645,26,2000.0,3775.523091151989,46.5217080200091,74789.56199996173,14.207987346777383
1728816372,1410,,Aggregated,88.200000,0.500000,2100,3300,3900,4500,8300,12000,19000,34000,70000,71000,75000,12742,26,2100.0,3807.241670390613,46.5217080200091,74789.56199996173,14.205933134515774
1728816373,1420,,Aggregated,92.200000,0.500000,2200,3300,3900,4500,8400,12000,19000,37000,70000,78000,79000,12839,26,2200.0,3859.0345892845953,46.5217080200091,78900.33750003204,14.203676298777163
1728816374,1430,,Aggregated,95.900000,0.500000,2200,3300,3900,4500,8400,12000,19000,38000,70000,78000,79000,12932,26,2200.0,3890.4422850354163,46.5217080200091,78900.33750003204,14.201592947726569
1728816375,1440,,Aggregated,98.500000,0.400000,2200,3300,3900,4500,8500,12000,20000,38000,70000,78000,79000,13036,26,2200.0,3914.4999121238716,46.5217080200091,78900.33750003204,14.199524393985886
1728816376,1450,,Aggregated,99.900000,0.400000,2200,3300,3900,4500,8500,12000,20000,38000,70000,78000,79000,13107,26,2200.0,3933.329220269886,46.5217080200091,78900.33750003204,14.197985809109635
1728816377,1460,,Aggregated,100.300000,0.400000,2200,3300,4000,4500,8600,12000,22000,38000,71000,94000,94000,13190,26,2200.0,3970.267597623913,46.5217080200091,94258.32324998919,14.196057619408643
1728816378,1470,,Aggregated,100.500000,0.400000,2200,3300,4000,4500,8600,12000,23000,39000,71000,94000,94000,13283,26,2200.0,3992.6518960538738,46.5217080200091,94258.32324998919,14.194157946247083
1728816379,1480,,Aggregated,97.400000,0.000000,2200,3300,4000,4500,8700,12000,24000,44000,71000,94000,94000,13381,26,2200.0,4024.5338536067593,46.5217080200091,94258.32324998919,14.191839174949555
1728816380,1490,,Aggregated,95.300000,0.000000,2200,3300,4000,4600,8800,12000,28000,56000,75000,94000,94000,13481,26,2200.0,4075.821634592717,46.5217080200091,94258.32324998919,14.190119427342186
1728816381,1500,,Aggregated,95.200000,0.000000,2200,3300,4000,4600,8800,12000,26000,56000,75000,94000,94000,13591,26,2200.0,4079.7581847172382,46.5217080200091,94258.32324998919,14.188286365977484
1728816382,1510,,Aggregated,94.200000,0.000000,2200,3300,4100,4600,8800,12000,26000,55000,75000,94000,94000,13696,26,2200.0,4084.4340724535778,46.5217080200091,94258.32324998919,14.186331775700934
1728816383,1520,,Aggregated,93.500000,0.000000,2200,3300,4100,4600,8800,12000,28000,56000,75000,94000,94000,13804,26,2200.0,4100.573447919016,46.5217080200091,94258.32324998919,14.183714865256448
1728816384,1530,,Aggregated,94.500000,0.000000,2200,3300,4100,4600,8800,12000,26000,56000,75000,94000,94000,13918,27,2200.0,4101.9779657361605,46.5217080200091,94258.32324998919,14.191981606552666
1728816385,1540,,Aggregated,95.100000,0.000000,2300,3300,4100,4600,8900,12000,29000,56000,72000,94000,94000,14021,27,2300.0,4140.831143796239,46.5217080200091,94258.32324998919,14.189644105270665
1728816386,1550,,Aggregated,96.400000,0.000000,2300,3300,4100,4600,8900,12000,29000,56000,72000,94000,94000,14123,27,2300.0,4148.76931228018,46.5217080200091,94258.32324998919,14.18777880053813
1728816387,1560,,Aggregated,98.600000,0.100000,2300,3300,4100,4700,8900,12000,30000,57000,75000,94000,94000,14221,27,2300.0,4204.438333177932,46.5217080200091,94258.32324998919,14.185570634976443
1728816388,1570,,Aggregated,99.000000,0.100000,2300,3300,4100,4700,8900,12000,30000,58000,77000,94000,94000,14306,27,2300.0,4237.109236153507,46.5217080200091,94258.32324998919,14.183978750174752
1728816389,1580,,Aggregated,101.300000,0.100000,2300,3400,4100,4700,8900,12000,30000,58000,77000,94000,94000,14395,27,2300.0,4233.422060703416,46.5217080200091,94258.32324998919,14.182216047238624
1728816390,1590,,Aggregated,102.700000,0.100000,2300,3400,4100,4700,8900,12000,30000,58000,77000,94000,94000,14490,27,2300.0,4244.216492770059,46.5217080200091,94258.32324998919,14.180538302277432
1728816391,1600,,Aggregated,101.600000,0.100000,2300,3400,4200,4700,8900,14000,31000,58000,77000,94000,94000,14594,28,2300.0,4278.487237996634,46.5217080200091,94258.32324998919,14.187953953679594
1728816392,1610,,Aggregated,101.300000,0.100000,2300,3400,4200,4700,9000,14000,31000,58000,77000,94000,94000,14697,28,2300.0,4283.373098780649,46.5217080200091,94258.32324998919,14.18595631761584
1728816393,1620,,Aggregated,100.300000,0.100000,2300,3400,4200,4700,9000,14000,31000,59000,79000,94000,94000,14795,28,2300.0,4324.814173833134,46.5217080200091,94258.32324998919,14.184251436296046
1728816394,1630,,Aggregated,99.300000,0.200000,2300,3400,4200,4700,9000,14000,32000,62000,79000,94000,94000,14898,28,2300.0,4393.278338198416,46.5217080200091,94258.32324998919,14.182574842260706
1728816395,1640,,Aggregated,99.200000,0.200000,2300,3400,4200,4700,9000,14000,32000,62000,79000,94000,94000,14996,28,2300.0,4401.558162447649,46.5217080200091,94258.32324998919,14.180914910642839
1728816396,1650,,Aggregated,98.100000,0.200000,2300,3400,4200,4800,9000,14000,32000,62000,79000,94000,94000,15089,28,2300.0,4399.746527336223,46.5217080200091,94258.32324998919,14.179137119756113
1728816397,1660,,Aggregated,96.800000,0.100000,2300,3400,4200,4800,9000,14000,32000,63000,92000,99000,99000,15204,49,2300.0,4511.263682551988,46.5217080200091,99326.27237495035,14.273546435148646
1728816398,1670,,Aggregated,96.500000,0.100000,2300,3400,4200,4800,9000,14000,33000,64000,92000,99000,105000,15310,62,2300.0,4587.4452604654225,46.5217080200091,104927.52437503077,14.288700195950359
1728816399,1680,,Aggregated,95.700000,0.100000,2300,3400,4200,4800,9000,14000,34000,65000,92000,99000,105000,15414,72,2300.0,4633.471454058007,46.5217080200091,104927.52437503077,14.277215518359933
1728816400,1690,,Aggregated,97.700000,2.200000,2300,3400,4300,4800,9000,15000,35000,66000,92000,99000,105000,15518,80,2300.0,4693.409918147099,46.5217080200091,104927.52437503077,14.26743137002191
1728816401,1700,,Aggregated,99.900000,3.500000,2300,3400,4300,4900,9000,15000,36000,67000,92000,99000,105000,15617,88,2300.0,4729.067022689906,46.5217080200091,104927.52437503077,14.258180188256388
1728816402,1710,,Aggregated,101.200000,4.500000,2300,3400,4300,4900,9100,15000,38000,68000,94000,119000,119000,15722,101,2300.0,4808.522644720876,46.5217080200091,118616.9277500594,14.273629309248188
1728816403,1720,,Aggregated,102.500000,5.300000,2300,3400,4300,4900,9100,15000,40000,69000,94000,119000,119000,15822,111,2300.0,4867.630047423714,46.5217080200091,118616.9277500594,14.262229806598407
1728816404,1730,,Aggregated,102.300000,6.000000,2400,3400,4300,5000,9200,15000,55000,70000,94000,119000,119000,15931,121,2400.0,4960.603499668418,46.5217080200091,118616.9277500594,14.251145565250141
1728816405,1740,,Aggregated,102.500000,7.300000,2400,3400,4300,5000,9200,15000,56000,70000,94000,119000,119000,16043,131,2400.0,5004.963402136032,46.5217080200091,118616.9277500594,14.240229383531759
1728816407,1750,,Aggregated,102.700000,8.300000,2400,3400,4300,5000,9200,15000,57000,72000,94000,119000,119000,16149,141,2400.0,5072.1609098890685,46.5217080200091,118616.9277500594,14.22954981732615
1728816408,1760,,Aggregated,103.300000,9.300000,2400,3400,4300,5000,9200,15000,58000,75000,94000,119000,119000,16248,151,2400.0,5110.680422737108,46.5217080200091,118616.9277500594,14.219103889709503
1728816409,1770,,Aggregated,106.000000,11.300000,2400,3400,4300,5100,9200,16000,59000,75000,94000,119000,119000,16353,161,2400.0,5159.235302511106,46.5217080200091,118616.9277500594,14.208769033204916
1728816410,1780,,Aggregated,104.400000,10.200000,2400,3400,4400,5200,9300,16000,62000,75000,94000,119000,119000,16459,171,2400.0,5234.321572751503,46.5217080200091,118616.9277500594,14.198493225590862
1728816411,1790,,Aggregated,103.900000,9.900000,2400,3400,4400,5200,9300,16000,63000,75000,94000,119000,119000,16564,181,2400.0,5268.724577558097,46.5217080200091,118616.9277500594,14.188601787007968
1728816412,1800,,Aggregated,103.900000,9.900000,2400,3500,4400,5200,9300,16000,63000,75000,94000,119000,119000,16665,191,2400.0,5301.730781698761,46.5217080200091,118616.9277500594,14.178397839783978
1728816413,1810,,Aggregated,103.900000,10.100000,2400,3500,4400,5200,9400,16000,64000,75000,96000,119000,119000,16777,201,2400.0,5368.706799967643,46.5217080200091,118616.9277500594,14.168027656911248
1728816414,1820,,Aggregated,103.900000,10.300000,2400,3500,4400,5200,9900,16000,65000,75000,96000,119000,119000,16888,212,2400.0,5435.649847197659,46.5217080200091,118616.9277500594,14.167041686404547
1728816415,1830,,Aggregated,104.600000,10.000000,2400,3500,4400,5300,9900,16000,65000,75000,96000,119000,119000,16997,222,2400.0,5468.700886433815,46.5217080200091,118616.9277500594,14.157145378596223
1728816416,1840,,Aggregated,105.600000,10.100000,2400,3500,4400,5300,9900,16000,66000,75000,94000,119000,119000,17099,231,2400.0,5495.93911225779,46.5217080200091,118616.9277500594,14.148488215685127
1728816417,1850,,Aggregated,105.700000,10.100000,2400,3500,4400,5300,9900,16000,67000,75000,94000,119000,119000,17196,241,2400.0,5559.135641195495,46.5217080200091,118616.9277500594,14.139160269830192
1728816418,1860,,Aggregated,104.600000,10.000000,2400,3500,4400,5300,10000,16000,67000,75000,94000,119000,119000,17291,251,2400.0,5598.3656772071845,46.5217080200091,118616.9277500594,14.130009831704355
1728816419,1870,,Aggregated,103.800000,10.000000,2400,3500,4400,5300,10000,16000,68000,75000,94000,119000,119000,17385,261,2400.0,5629.395246848691,46.5217080200091,118616.9277500594,14.120448662640207
1728816420,1880,,Aggregated,103.400000,10.000000,2400,3500,4400,5300,10000,17000,68000,75000,94000,119000,119000,17490,282,2400.0,5677.441757304658,46.5217080200091,118616.9277500594,14.203030303030303
1728816421,1890,,Aggregated,102.800000,10.000000,2400,3500,4400,5300,10000,17000,69000,75000,94000,119000,119000,17568,292,2400.0,5718.80911686514,46.5217080200091,118616.9277500594,14.193818306010929
1728816422,1900,,Aggregated,103.000000,11.100000,2400,3500,4400,5300,10000,17000,70000,75000,94000,119000,119000,17637,302,2400.0,5764.2626506022025,46.5217080200091,118616.9277500594,14.184725293417248
1728816423,1910,,Aggregated,100.300000,11.100000,2400,3500,4500,5400,10000,17000,70000,75000,94000,119000,119000,17702,312,2400.0,5803.209710859145,46.5217080200091,118616.9277500594,14.175912326290815
1728816424,1920,,Aggregated,97.400000,11.100000,2400,3500,4500,5400,10000,17000,71000,75000,94000,119000,119000,17790,324,2400.0,5848.500915006114,46.5217080200091,118616.9277500594,14.1831928049466
1728816425,1930,,Aggregated,92.700000,11.100000,2400,3600,4500,5400,10000,17000,71000,75000,94000,119000,119000,17892,336,2400.0,5911.919290106643,46.5217080200091,118616.9277500594,14.190252626872345
1728816426,1940,,Aggregated,90.500000,11.200000,2400,3600,4500,5400,10000,18000,73000,75000,94000,119000,119000,17972,347,2400.0,5977.448330280275,46.5217080200091,118616.9277500594,14.1892388159359
1728816427,1950,,Aggregated,89.400000,11.400000,2400,3600,4500,5400,10000,18000,75000,75000,94000,119000,119000,18070,357,2400.0,6033.174063367087,46.5217080200091,118616.9277500594,14.180132816823464
1728816428,1960,,Aggregated,87.500000,11.600000,2400,3600,4500,5500,10000,19000,75000,75000,94000,119000,119000,18166,367,2400.0,6082.931064910957,46.5217080200091,118616.9277500594,14.171253990972145
1728816429,1970,,Aggregated,87.400000,11.600000,2400,3600,4500,5500,10000,19000,75000,75000,94000,119000,119000,18274,377,2400.0,6133.088638272689,46.5217080200091,118616.9277500594,14.162307102987851
1728816430,1980,,Aggregated,87.500000,11.600000,2500,3600,4500,5500,10000,19000,75000,75000,94000,119000,119000,18387,387,2500.0,6177.770932550485,46.5217080200091,118616.9277500594,14.152988524501007
1728816431,1990,,Aggregated,88.600000,11.600000,2500,3600,4600,5500,10000,19000,75000,75000,94000,119000,119000,18494,397,2500.0,6207.793098915618,46.5217080200091,118616.9277500594,14.143776359900508
1728816432,2000,,Aggregated,89.200000,10.500000,2500,3600,4600,5500,11000,20000,75000,75000,94000,119000,119000,18595,407,2500.0,6259.409814027692,46.5217080200091,118616.9277500594,14.135090077977951
1728816433,2010,,Aggregated,91.900000,10.500000,2500,3600,4600,5500,11000,20000,75000,75000,94000,119000,119000,18702,418,2500.0,6283.089280632294,46.5217080200091,118616.9277500594,14.134584536413218
1728816434,2020,,Aggregated,95.000000,10.500000,2500,3600,4600,5500,11000,22000,75000,75000,94000,119000,119000,18804,429,2500.0,6332.300529650891,46.5217080200091,118616.9277500594,14.133801318868326
1728816435,2030,,Aggregated,98.800000,10.600000,2500,3600,4600,5500,11000,24000,75000,75000,94000,119000,119000,18914,442,2500.0,6403.283161745955,46.5217080200091,118616.9277500594,14.148302844453843
1728816436,2040,,Aggregated,100.500000,10.500000,2500,3600,4600,5600,11000,25000,75000,75000,96000,129000,129000,19022,456,2500.0,6493.125164538119,46.5217080200091,129271.45887503866,14.170329092629586
1728816437,2050,,Aggregated,101.400000,10.600000,2500,3600,4600,5600,11000,26000,75000,75000,96000,129000,129000,19118,466,2500.0,6515.348403268137,46.5217080200091,129271.45887503866,14.16178470551313
1728816438,2060,,Aggregated,103.600000,10.900000,2500,3600,4600,5600,11000,27000,75000,75000,97000,129000,129000,19220,476,2500.0,6563.4661698759055,46.5217080200091,129271.45887503866,14.153017689906347
1728816439,2070,,Aggregated,104.200000,10.900000,2500,3700,4600,5600,11000,30000,75000,75000,97000,129000,129000,19330,491,2500.0,6669.320472957303,46.5217080200091,129271.45887503866,14.181686497672013
1728816440,2080,,Aggregated,104.500000,10.900000,2500,3700,4600,5600,11000,30000,75000,75000,97000,129000,129000,19435,501,2500.0,6694.802978255005,46.5217080200091,129271.45887503866,14.173089786467713
1728816441,2090,,Aggregated,104.700000,11.400000,2500,3700,4700,5600,11000,31000,75000,75000,99000,129000,129000,19547,516,2500.0,6800.106194028858,46.5217080200091,129271.45887503866,14.19987721901059
1728816442,2100,,Aggregated,104.400000,11.400000,2500,3700,4700,5700,11000,32000,75000,75000,99000,129000,129000,19652,530,2500.0,6841.634799571506,46.5217080200091,129271.45887503866,14.220842662324445
1728816443,2110,,Aggregated,105.200000,11.900000,2500,3700,4700,5700,11000,32000,75000,75000,99000,129000,129000,19752,542,2500.0,6893.43450042681,10.651333024725318,129271.45887503866,14.219117051437829
1728816444,2120,,Aggregated,105.100000,12.300000,2500,3700,4700,5700,11000,32000,75000,75000,99000,129000,129000,19858,555,2500.0,6925.05119506894,10.651333024725318,129271.45887503866,14.232500755363079
1728816445,2130,,Aggregated,105.200000,12.400000,2500,3700,4700,5700,11000,33000,75000,75000,99000,129000,129000,19969,565,2500.0,6947.775899438744,10.651333024725318,129271.45887503866,14.22359657469077
1728816446,2140,,Aggregated,105.200000,12.600000,2500,3700,4700,5700,11000,33000,75000,75000,99000,129000,129000,20085,578,2500.0,6972.803437427359,10.651333024725318,129271.45887503866,14.236893203883495
1728816447,2150,,Aggregated,105.300000,12.300000,2500,3700,4700,5800,11000,33000,75000,75000,99000,129000,129000,20189,591,2500.0,7013.808489362091,10.651333024725318,129271.45887503866,14.250334340482441
1728816448,2160,,Aggregated,106.500000,12.200000,2500,3700,4700,5800,11000,34000,75000,75000,99000,129000,129000,20293,601,2500.0,7056.066198238478,10.651333024725318,129271.45887503866,14.241807519834426
1728816449,2170,,Aggregated,106.500000,12.200000,2500,3700,4700,5800,11000,34000,75000,75000,99000,129000,129000,20386,611,2500.0,7082.645267337274,10.651333024725318,129271.45887503866,14.233395467477681
1728816450,2180,,Aggregated,107.500000,12.500000,2500,3700,4700,5800,11000,36000,75000,75000,99000,129000,129000,20482,621,2500.0,7132.412770157068,10.651333024725318,129271.45887503866,14.225222146274778
1728816451,2190,,Aggregated,106.000000,12.000000,2500,3700,4700,5800,11000,37000,75000,75000,99000,129000,129000,20571,631,2500.0,7165.708452438229,10.651333024725318,129271.45887503866,14.217344805794566
1728816452,2200,,Aggregated,104.900000,12.000000,2500,3700,4800,5900,12000,38000,75000,75000,99000,129000,129000,20676,641,2500.0,7219.299181906999,10.651333024725318,129271.45887503866,14.208841168504547
1728816453,2210,,Aggregated,102.000000,11.500000,2500,3700,4800,5900,12000,38000,75000,75000,99000,129000,129000,20770,652,2500.0,7240.222388231711,10.651333024725318,129271.45887503866,14.207703418391912
1728816454,2220,,Aggregated,101.700000,11.100000,2500,3700,4800,5900,12000,39000,75000,75000,99000,129000,129000,20877,665,2500.0,7285.6348553687785,10.651333024725318,129271.45887503866,14.21904488192748
1728816455,2230,,Aggregated,101.600000,11.000000,2500,3800,4800,5900,12000,39000,75000,75000,99000,129000,129000,20982,675,2500.0,7313.636435182109,10.651333024725318,129271.45887503866,14.210799733104565
1728816456,2240,,Aggregated,101.100000,11.000000,2500,3800,4800,6000,12000,40000,75000,75000,99000,129000,129000,21086,685,2500.0,7347.316267927962,10.651333024725318,129271.45887503866,14.2027411552689
1728816457,2250,,Aggregated,100.000000,11.000000,2500,3800,4800,6000,12000,44000,75000,75000,99000,129000,129000,21186,696,2500.0,7374.012723913005,10.651333024725318,129271.45887503866,14.201028981402812
1728816458,2260,,Aggregated,99.500000,10.700000,2500,3800,4900,6000,12000,55000,75000,75000,99000,129000,129000,21282,706,2500.0,7414.264953048521,10.651333024725318,129271.45887503866,14.193308899539517
1728816459,2270,,Aggregated,99.200000,10.800000,2500,3800,4900,6000,12000,55000,75000,75000,99000,129000,129000,21385,716,2500.0,7439.475612607886,10.651333024725318,129271.45887503866,14.185316810848725
1728816460,2280,,Aggregated,97.800000,10.500000,2500,3800,4900,6100,12000,56000,75000,75000,99000,129000,129000,21485,726,2500.0,7472.845622707608,10.651333024725318,129271.45887503866,14.177565743542006
1728816461,2290,,Aggregated,98.800000,10.500000,2500,3800,4900,6100,12000,57000,75000,75000,99000,129000,129000,21591,736,2500.0,7528.103582715641,10.651333024725318,129271.45887503866,14.16979296929276
1728816462,2300,,Aggregated,98.900000,10.500000,2600,3800,4900,6100,12000,57000,75000,75000,99000,129000,129000,21686,746,2600.0,7545.270954823111,10.651333024725318,129271.45887503866,14.162132251221987
1728816463,2310,,Aggregated,100.800000,10.500000,2600,3800,4900,6100,12000,58000,75000,75000,99000,129000,129000,21780,756,2600.0,7579.258153623354,10.651333024725318,129271.45887503866,14.154086317722681
1728816464,2320,,Aggregated,100.900000,10.500000,2600,3800,4900,6100,12000,58000,75000,75000,99000,129000,129000,21879,766,2600.0,7614.578399031574,10.651333024725318,129271.45887503866,14.146533205356734
1728816465,2330,,Aggregated,100.500000,10.400000,2600,3800,5000,6200,12000,60000,75000,75000,99000,129000,129000,21975,776,2600.0,7662.385330589512,10.651333024725318,129271.45887503866,14.139067121729237
1728816466,2340,,Aggregated,100.400000,10.100000,2600,3800,5000,6200,12000,60000,75000,75000,99000,129000,129000,22072,786,2600.0,7681.899222321333,10.651333024725318,129271.45887503866,14.13166002174701
1728816467,2350,,Aggregated,99.700000,10.100000,2600,3900,5000,6200,13000,61000,75000,75000,99000,129000,129000,22160,796,2600.0,7711.791092606787,10.651333024725318,129271.45887503866,14.124503610108304
1728816468,2360,,Aggregated,99.000000,10.100000,2600,3900,5000,6200,13000,62000,75000,75000,99000,129000,129000,22249,806,2600.0,7732.789365407852,10.651333024725318,129271.45887503866,14.117533372286395
1728816469,2370,,Aggregated,97.600000,10.000000,2600,3900,5100,6300,14000,63000,75000,75000,99000,129000,129000,22355,819,2600.0,7778.0841715779325,10.651333024725318,129271.45887503866,14.129635428315813
1728816470,2380,,Aggregated,96.700000,10.000000,2600,3900,5100,6300,14000,63000,75000,75000,99000,129000,129000,22452,829,2600.0,7828.474217113022,10.651333024725318,129271.45887503866,14.122483520399074
1728816471,2390,,Aggregated,96.800000,10.300000,2600,3900,5200,6300,14000,63000,75000,75000,99000,129000,129000,22547,839,2600.0,7863.896015397175,10.651333024725318,129271.45887503866,14.115669490397835
1728816472,2400,,Aggregated,97.200000,10.300000,2600,3900,5200,6300,14000,64000,75000,75000,99000,129000,129000,22640,849,2600.0,7896.438903472708,10.651333024725318,129271.45887503866,14.108966431095407
1728816473,2410,,Aggregated,96.200000,10.300000,2600,3900,5200,6300,14000,64000,75000,75000,99000,129000,129000,22734,861,2600.0,7947.040501333813,10.651333024725318,129271.45887503866,14.114850004398699
1728816474,2420,,Aggregated,95.900000,10.300000,2600,3900,5200,6400,14000,64000,75000,75000,99000,129000,129000,22831,873,2600.0,7973.155969879736,10.651333024725318,129271.45887503866,14.106390434058955
1728816475,2430,,Aggregated,94.900000,10.300000,2600,3900,5200,6400,14000,65000,75000,75000,99000,129000,129000,22938,892,2600.0,8016.811930582376,10.651333024725318,129271.45887503866,14.093992501525852
1728816476,2440,,Aggregated,95.100000,10.700000,2600,3900,5200,6400,14000,65000,75000,75000,99000,129000,129000,23039,914,2600.0,8070.648482017467,10.651333024725318,129271.45887503866,14.079907982117279
1728816477,2450,,Aggregated,96.200000,11.200000,2600,4000,5200,6400,15000,66000,75000,75000,99000,129000,129000,23139,932,2600.0,8123.3218000595025,10.651333024725318,129271.45887503866,14.068369419594625
1728816478,2460,,Aggregated,96.100000,12.500000,2600,4000,5300,6400,15000,66000,75000,75000,99000,129000,129000,23239,948,2600.0,8168.310542351468,10.651333024725318,129271.45887503866,14.058350187185335
1728816479,2470,,Aggregated,96.500000,12.200000,2600,4000,5300,6400,15000,66000,75000,75000,99000,129000,129000,23344,967,2600.0,8207.411349493754,10.651333024725318,129271.45887503866,14.046136052090473
1728816480,2480,,Aggregated,97.200000,13.000000,2600,4000,5300,6500,15000,67000,75000,75000,99000,129000,129000,23445,988,2600.0,8265.75023922333,10.651333024725318,129271.45887503866,14.033269353806782
1728816481,2490,,Aggregated,97.200000,13.500000,2600,4000,5300,6500,15000,67000,75000,75000,99000,129000,129000,23530,1009,2600.0,8323.607973942933,10.651333024725318,129271.45887503866,14.020484487887803
1728816482,2500,,Aggregated,97.800000,14.500000,2600,4000,5300,6500,15000,68000,75000,75000,99000,129000,129000,23604,1027,2600.0,8365.575767151302,10.651333024725318,129271.45887503866,14.00940518556177
1728816483,2510,,Aggregated,97.600000,15.700000,2600,4000,5300,6500,15000,68000,75000,75000,99000,129000,129000,23684,1047,2600.0,8417.619671985403,10.651333024725318,129271.45887503866,14.004095591960818
1728816484,2520,,Aggregated,95.900000,16.400000,2600,4000,5400,6600,15000,69000,75000,75000,99000,129000,129000,23778,1069,2600.0,8467.116881885544,10.651333024725318,129271.45887503866,13.99078980570275
1728816485,2530,,Aggregated,93.800000,17.500000,2700,4000,5400,6600,15000,69000,75000,75000,99000,129000,129000,23864,1086,2700.0,8503.42765161522,10.651333024725318,129271.45887503866,13.980346966141468
1728816486,2540,,Aggregated,92.800000,18.000000,2700,4100,5400,6700,15000,70000,75000,75000,99000,129000,129000,23956,1107,2700.0,8552.009951340555,10.651333024725318,129271.45887503866,13.968024711971948
1728816487,2550,,Aggregated,91.900000,18.500000,2700,4100,5400,6700,15000,71000,75000,75000,99000,129000,129000,24055,1129,2700.0,8599.655320824682,10.651333024725318,129271.45887503866,13.968322594055289
1728816488,2560,,Aggregated,89.900000,17.900000,2700,4100,5400,6700,16000,71000,75000,75000,99000,129000,129000,24155,1151,2700.0,8670.589132410974,10.651333024725318,129271.45887503866,13.955578555164562
1728816489,2570,,Aggregated,90.900000,19.600000,2700,4100,5400,6800,16000,72000,75000,75000,99000,129000,129000,24264,1174,2700.0,8732.718941745725,10.651333024725318,129271.45887503866,13.942342565117047
1728816490,2580,,Aggregated,91.600000,20.000000,2700,4100,5400,6800,16000,74000,75000,75000,99000,129000,129000,24367,1192,2700.0,8772.91860855105,10.651333024725318,129271.45887503866,13.944309927360775
1728816491,2590,,Aggregated,92.000000,20.400000,2700,4100,5500,6900,16000,75000,75000,75000,99000,129000,129000,24468,1212,2700.0,8844.223253581911,10.651333024725318,129271.45887503866,13.932851070786333
1728816492,2600,,Aggregated,91.400000,20.500000,2700,4100,5500,7000,16000,75000,75000,75000,99000,129000,129000,24574,1233,2700.0,8884.310148246821,10.651333024725318,129271.45887503866,13.921054773337675
1728816493,2610,,Aggregated,92.600000,20.400000,2700,4100,5500,7000,16000,75000,75000,75000,99000,129000,129000,24674,1248,2700.0,8918.855914772428,10.651333024725318,129271.45887503866,13.91270162924536
1728816494,2620,,Aggregated,95.100000,20.400000,2700,4200,5500,7100,16000,75000,75000,75000,99000,129000,129000,24778,1269,2700.0,8974.724239664,10.651333024725318,129271.45887503866,13.900920171119541
1728816495,2630,,Aggregated,98.800000,20.100000,2700,4200,5500,7200,16000,75000,75000,75000,101000,129000,129000,24892,1292,2700.0,9026.279501919365,10.651333024725318,129271.45887503866,13.887996143339226
1728816496,2640,,Aggregated,99.800000,20.200000,2700,4200,5500,7200,16000,75000,75000,75000,101000,129000,129000,24990,1309,2700.0,9053.455242289801,10.651333024725318,129271.45887503866,13.878711484593838
1728816497,2650,,Aggregated,101.200000,20.300000,2700,4200,5500,7300,17000,75000,75000,75000,99000,129000,129000,25090,1330,2700.0,9116.126458321172,10.651333024725318,129271.45887503866,13.867317656436827
1728816498,2660,,Aggregated,103.800000,20.500000,2700,4200,5500,7400,17000,75000,75000,75000,99000,129000,129000,25208,1364,2700.0,9210.337850159516,10.651333024725318,129271.45887503866,13.918517930815614
1728816499,2670,,Aggregated,103.300000,20.200000,2700,4200,5500,7400,17000,75000,75000,75000,99000,129000,129000,25320,1384,2700.0,9250.470948618748,10.651333024725318,129271.45887503866,13.90742496050553
1728816500,2680,,Aggregated,103.000000,20.000000,2700,4200,5500,7500,17000,75000,75000,75000,99000,129000,129000,25428,1404,2700.0,9307.509624845432,10.651333024725318,129271.45887503866,13.896610036180588
1728816501,2690,,Aggregated,104.900000,21.300000,2700,4200,5500,7500,17000,75000,75000,75000,99000,129000,129000,25537,1420,2700.0,9327.772215138186,10.651333024725318,129271.45887503866,13.88784900340682
1728816502,2700,,Aggregated,105.000000,21.100000,2700,4200,5600,7500,17000,75000,75000,75000,99000,129000,129000,25648,1442,2700.0,9383.184390609827,10.651333024725318,129271.45887503866,13.875857766687462
1728816503,2710,,Aggregated,105.500000,20.900000,2800,4200,5600,7600,18000,75000,75000,75000,99000,129000,129000,25754,1463,2800.0,9443.3399218154,10.651333024725318,129271.45887503866,13.883396753902307
1728816504,2720,,Aggregated,106.100000,20.800000,2800,4200,5600,7600,18000,75000,75000,75000,99000,129000,129000,25863,1483,2800.0,9492.427713150968,10.651333024725318,129271.45887503866,13.872791246181803
1728816505,2730,,Aggregated,106.500000,21.500000,2800,4200,5600,7700,18000,75000,75000,75000,99000,129000,129000,25977,1504,2800.0,9535.292342271217,10.651333024725318,129271.45887503866,13.861646841436656
1728816506,2740,,Aggregated,107.200000,21.400000,2800,4300,5600,7700,18000,75000,75000,75000,99000,129000,129000,26086,1524,2800.0,9596.758229224622,10.651333024725318,129271.45887503866,13.851107873955378
1728816507,2750,,Aggregated,107.300000,21.200000,2800,4300,5600,7800,19000,75000,75000,75000,99000,129000,129000,26188,1546,2800.0,9660.891946112748,10.651333024725318,129271.45887503866,13.83958301512143
1728816508,2760,,Aggregated,108.400000,21.800000,2800,4300,5600,7800,19000,75000,75000,75000,99000,129000,129000,26295,1564,2800.0,9686.8542971227,10.651333024725318,129271.45887503866,13.83042403498764
1728816509,2770,,Aggregated,109.200000,21.600000,2800,4300,5600,7900,19000,75000,75000,75000,99000,129000,129000,26402,1587,2800.0,9744.851528367733,10.651333024725318,129271.45887503866,13.81868797818347
1728816510,2780,,Aggregated,108.400000,21.200000,2800,4300,5600,7900,19000,75000,75000,75000,99000,129000,129000,26508,1605,2800.0,9769.844268326384,10.651333024725318,129271.45887503866,13.815338765655651
1728816511,2790,,Aggregated,108.100000,20.000000,2800,4300,5700,8000,20000,75000,75000,75000,99000,129000,129000,26622,1626,2800.0,9820.195081794967,10.651333024725318,129271.45887503866,13.804860641574637
1728816512,2800,,Aggregated,108.100000,20.000000,2800,4300,5700,8100,21000,75000,75000,75000,99000,129000,129000,26738,1645,2800.0,9851.725463427896,10.651333024725318,129271.45887503866,13.795422245493306
1728816513,2810,,Aggregated,108.200000,20.100000,2800,4300,5700,8300,21000,75000,75000,75000,99000,129000,129000,26846,1664,2800.0,9906.394729905707,10.651333024725318,129271.45887503866,13.785964389480743
1728816514,2820,,Aggregated,109.000000,20.600000,2800,4300,5700,8300,22000,75000,75000,75000,101000,129000,129000,26970,1687,2800.0,9965.0984708752,10.651333024725318,129271.45887503866,13.77471264367816
1728816515,2830,,Aggregated,109.100000,20.100000,2800,4300,5700,8400,23000,75000,75000,75000,99000,129000,129000,27083,1706,2800.0,9996.131695014765,10.651333024725318,129271.45887503866,13.765387881697006
1728816516,2840,,Aggregated,109.900000,20.300000,2800,4300,5700,8400,23000,75000,75000,75000,99000,129000,129000,27209,1726,2800.0,10034.346581428576,10.651333024725318,129271.45887503866,13.766952111433717
1728816517,2850,,Aggregated,110.800000,20.300000,2800,4300,5700,8500,24000,75000,75000,75000,99000,129000,129000,27315,1746,2800.0,10076.037227727631,10.651333024725318,129271.45887503866,13.757422661541277
1728816518,2860,,Aggregated,110.900000,19.500000,2800,4300,5800,8500,24000,75000,75000,75000,99000,129000,129000,27430,1768,2800.0,10108.80663188284,10.651333024725318,129271.45887503866,13.746810061975939
1728816519,2870,,Aggregated,112.200000,19.800000,2800,4300,5800,8500,25000,75000,75000,75000,99000,129000,129000,27539,1786,2800.0,10139.942706859802,10.651333024725318,129271.45887503866,13.744144667562367
1728816520,2880,,Aggregated,114.000000,20.200000,2800,4300,5800,8600,25000,75000,75000,75000,99000,129000,129000,27657,1810,2800.0,10180.862738808084,10.651333024725318,129271.45887503866,13.732978992660087
1728816521,2890,,Aggregated,113.100000,20.000000,2800,4400,5800,8600,26000,75000,75000,75000,99000,129000,129000,27775,1828,2800.0,10217.118321267651,10.651333024725318,129271.45887503866,13.724716471647165
1728816522,2900,,Aggregated,114.500000,20.500000,2800,4400,5800,8600,26000,75000,75000,75000,99000,129000,129000,27882,1847,2800.0,10247.629067388076,10.651333024725318,129271.45887503866,13.715909906032566
1728816523,2910,,Aggregated,115.300000,20.500000,2900,4400,5800,8700,28000,75000,75000,75000,99000,129000,129000,28012,1870,2900.0,10295.834814429216,10.651333024725318,129271.45887503866,13.705090675424819
1728816524,2920,,Aggregated,114.600000,20.000000,2900,4400,5800,8700,29000,75000,75000,75000,99000,129000,129000,28142,1893,2900.0,10333.011878563695,10.651333024725318,129271.45887503866,13.706097647644091
1728816525,2930,,Aggregated,115.200000,20.300000,2900,4400,5800,8700,29000,75000,75000,75000,99000,129000,129000,28266,1909,2900.0,10360.850921604588,10.651333024725318,129271.45887503866,13.699214604118021
1728816526,2940,,Aggregated,117.000000,20.700000,2900,4400,5900,8800,30000,75000,75000,75000,99000,129000,129000,28388,1932,2900.0,10409.56026107569,10.651333024725318,129271.45887503866,13.6887769480062
1728816527,2950,,Aggregated,117.000000,20.500000,2900,4400,5900,8800,30000,75000,75000,75000,99000,129000,129000,28500,1952,2900.0,10437.77134123227,10.651333024725318,129271.45887503866,13.680035087719299
1728816528,2960,,Aggregated,117.600000,20.800000,2900,4400,5900,8800,30000,75000,75000,75000,99000,129000,129000,28617,1967,2900.0,10462.295118845264,10.651333024725318,129271.45887503866,13.673550686654785
1728816529,2970,,Aggregated,117.300000,20.600000,2900,4400,5900,8800,31000,75000,75000,75000,99000,129000,129000,28741,1988,2900.0,10490.41577796818,10.651333024725318,129271.45887503866,13.664416686962875
1728816530,2980,,Aggregated,118.000000,20.500000,2900,4400,5900,8900,31000,75000,75000,75000,99000,129000,129000,28853,2011,2900.0,10524.629833783738,10.651333024725318,129271.45887503866,13.654282050393373
1728816531,2990,,Aggregated,118.600000,20.100000,2900,4400,5900,8900,31000,75000,75000,75000,99000,129000,129000,28965,2028,2900.0,10556.455908692726,10.651333024725318,129271.45887503866,13.64698774382876
1728816532,3000,,Aggregated,118.700000,19.900000,2900,4400,5900,8900,32000,75000,75000,75000,99000,129000,129000,29081,2050,2900.0,10587.193682372812,10.651333024725318,129271.45887503866,13.63752965853994
1728816533,3010,,Aggregated,118.200000,20.100000,2900,4400,6000,8900,32000,75000,75000,75000,99000,129000,129000,29192,2071,2900.0,10636.50776130453,10.651333024725318,129271.45887503866,13.628562619895861
1728816534,3020,,Aggregated,118.600000,20.400000,2900,4400,6000,9000,33000,75000,75000,75000,99000,129000,129000,29304,2092,2900.0,10681.273591613011,10.651333024725318,129271.45887503866,13.61957411957412
1728816535,3030,,Aggregated,118.600000,20.300000,2900,4400,6000,9000,33000,75000,75000,75000,99000,129000,129000,29416,2110,2900.0,10712.38140537907,10.651333024725318,129271.45887503866,13.612115855316834
1728816536,3040,,Aggregated,116.000000,19.600000,2900,4400,6000,9000,33000,75000,75000,75000,101000,130000,130000,29531,2137,2900.0,10761.325963703444,10.651333024725318,130228.90370804816,13.627747113203075
1728816537,3050,,Aggregated,115.200000,19.900000,2900,4400,6000,9000,34000,75000,75000,75000,101000,130000,130000,29632,2156,2900.0,10790.487632673345,10.651333024725318,130228.90370804816,13.619735421166308
1728816538,3060,,Aggregated,114.000000,19.800000,2900,4400,6100,9000,34000,75000,75000,75000,101000,130000,130000,29736,2176,2900.0,10837.746479969564,10.651333024725318,130228.90370804816,13.626748722087704
1728816539,3070,,Aggregated,113.600000,20.400000,2900,4400,6100,9000,35000,75000,75000,75000,101000,130000,130000,29850,2198,2900.0,10867.210996651156,10.651333024725318,130228.90370804816,13.617152428810721
1728816540,3080,,Aggregated,112.700000,20.600000,2900,4400,6100,9000,36000,75000,75000,75000,101000,130000,132000,29957,2219,2900.0,10904.280123394781,10.651333024725318,132129.2284579249,13.608505524585238
1728816541,3090,,Aggregated,111.400000,21.200000,3000,4400,6100,9000,37000,75000,75000,75000,101000,130000,132000,30044,2236,2900.0,10937.914564577337,10.651333024725318,132129.2284579249,13.601650911995739
1728816542,3100,,Aggregated,110.700000,20.600000,3000,4400,6200,9000,37000,75000,75000,75000,101000,130000,132000,30120,2258,3000.0,10980.725712699124,10.651333024725318,132129.2284579249,13.592330677290837
1728816543,3110,,Aggregated,110.000000,20.700000,3000,4500,6200,9000,38000,75000,75000,75000,101000,130000,132000,30221,2277,3000.0,11023.280676299784,10.651333024725318,132129.2284579249,13.584527315442903
1728816544,3120,,Aggregated,106.700000,20.800000,3000,4500,6200,9000,39000,75000,75000,75000,103000,132000,147000,30332,2302,3000.0,11078.273280730564,10.651333024725318,147382.27841700427,13.590069893182118
1728816545,3130,,Aggregated,102.800000,20.400000,3000,4500,6200,9100,40000,75000,75000,75000,103000,132000,147000,30437,2321,3000.0,11128.35780872766,10.651333024725318,147382.27841700427,13.582646121496863
1728816546,3140,,Aggregated,102.900000,20.800000,3000,4500,6300,9100,43000,75000,75000,75000,103000,132000,147000,30560,2341,3000.0,11151.996325438862,10.651333024725318,147382.27841700427,13.574803664921467
1728816547,3150,,Aggregated,102.800000,21.200000,3000,4500,6300,9100,45000,75000,75000,75000,103000,132000,147000,30685,2365,3000.0,11178.443006286858,10.651333024725318,147382.27841700427,13.565162131334528
1728816548,3160,,Aggregated,102.500000,21.200000,3000,4500,6300,9100,54000,75000,75000,75000,103000,132000,147000,30809,2384,3000.0,11205.268712164845,10.651333024725318,147382.27841700427,13.557856470511863
1728816549,3170,,Aggregated,103.500000,20.400000,3000,4500,6300,9100,55000,75000,75000,75000,103000,132000,147000,30927,2402,3000.0,11225.116992772151,10.651333024725318,147382.27841700427,13.551104213147088
1728816550,3180,,Aggregated,105.700000,20.500000,3000,4500,6300,9100,55000,75000,75000,75000,103000,132000,147000,31035,2421,3000.0,11264.967661624214,10.651333024725318,147382.27841700427,13.54390204607701
1728816551,3190,,Aggregated,106.900000,20.100000,3100,4500,6300,9100,56000,75000,75000,75000,103000,132000,147000,31157,2448,3100.0,11298.412194686241,10.651333024725318,147382.27841700427,13.533202811567223
1728816552,3200,,Aggregated,107.400000,20.400000,3100,4500,6400,9100,57000,75000,75000,75000,108000,132000,147000,31281,2473,3100.0,11346.09887343077,10.651333024725318,147382.27841700427,13.523576612000895
1728816553,3210,,Aggregated,108.000000,20.600000,3100,4500,6400,9100,58000,75000,75000,75000,108000,132000,147000,31415,2505,3100.0,11417.056298281079,10.651333024725318,147382.27841700427,13.51122075441668
1728816554,3220,,Aggregated,111.500000,20.900000,3100,4500,6400,9200,58000,75000,75000,75000,108000,132000,147000,31540,2534,3100.0,11458.42782587076,10.651333024725318,147382.27841700427,13.50003170577045
1728816555,3230,,Aggregated,117.500000,22.400000,3100,4500,6400,9200,60000,75000,75000,75000,108000,132000,147000,31665,2563,3100.0,11492.42802865332,10.651333024725318,147382.27841700427,13.488994157587241
1728816556,3240,,Aggregated,118.400000,22.700000,3100,4500,6400,9200,61000,75000,75000,75000,108000,132000,147000,31789,2591,3100.0,11525.120395685235,10.651333024725318,147382.27841700427,13.478467394381704
1728816557,3250,,Aggregated,120.700000,23.300000,3100,4500,6400,9200,62000,75000,75000,75000,108000,132000,147000,31898,2623,3100.0,11573.456478158825,10.651333024725318,147382.27841700427,13.465985328233746
1728816558,3260,,Aggregated,121.900000,24.200000,3100,4500,6400,9200,63000,75000,75000,75000,106000,132000,147000,32006,2650,3100.0,11619.73093587581,10.651333024725318,147382.27841700427,13.455633318752733
1728816559,3270,,Aggregated,121.600000,25.300000,3100,4500,6500,9200,63000,75000,75000,75000,106000,132000,147000,32126,2680,3100.0,11658.910934150503,10.651333024725318,147382.27841700427,13.464203448919879
1728816560,3280,,Aggregated,118.700000,25.900000,3100,4500,6500,9200,63000,75000,75000,75000,106000,132000,147000,32251,2714,3100.0,11701.682337693122,10.651333024725318,147382.27841700427,13.451241821959009
1728816561,3290,,Aggregated,119.000000,27.100000,3200,4500,6500,9200,64000,75000,75000,75000,106000,132000,147000,32381,2747,3200.0,11751.483013973695,10.651333024725318,147382.27841700427,13.453475803712053
1728816562,3300,,Aggregated,120.300000,28.900000,3200,4600,6500,9200,64000,75000,75000,75000,106000,132000,147000,32501,2775,3200.0,11789.267239610104,10.651333024725318,147382.27841700427,13.443032522076244
1728816563,3310,,Aggregated,121.200000,29.000000,3200,4600,6500,9300,65000,75000,75000,75000,106000,132000,147000,32608,2799,3200.0,11828.188021098758,10.651333024725318,147382.27841700427,13.43437193326791
1728816564,3320,,Aggregated,122.500000,30.100000,3200,4600,6600,9300,65000,75000,75000,75000,106000,132000,147000,32716,2836,3200.0,11890.328342067167,10.651333024725318,147382.27841700427,13.420314219342218
1728816565,3330,,Aggregated,120.300000,29.500000,3200,4600,6600,9400,65000,75000,75000,75000,106000,132000,147000,32822,2867,3200.0,11950.560066020991,10.651333024725318,147382.27841700427,13.408658826396929
1728816566,3340,,Aggregated,119.900000,30.400000,3200,4600,6600,9400,66000,75000,75000,75000,106000,132000,147000,32935,2897,3200.0,11994.894551913565,10.651333024725318,147382.27841700427,13.397692424472446
1728816567,3350,,Aggregated,116.500000,30.000000,3200,4600,6700,9400,66000,75000,75000,75000,105000,132000,147000,33041,2930,3200.0,12042.002845032737,10.651333024725318,147382.27841700427,13.385521019339608
1728816568,3360,,Aggregated,116.100000,31.300000,3200,4600,6700,9500,66000,75000,75000,75000,105000,132000,147000,33150,2963,3200.0,12093.368419764403,10.651333024725318,147382.27841700427,13.382533936651583
1728816569,3370,,Aggregated,115.200000,31.100000,3200,4600,6700,9500,66000,75000,75000,75000,106000,132000,147000,33256,2985,3200.0,12122.307786227158,10.651333024725318,147382.27841700427,13.375060139523695
1728816570,3380,,Aggregated,115.700000,31.300000,3200,4600,6700,9500,67000,75000,75000,75000,106000,132000,147000,33360,3017,3200.0,12167.858120571611,10.651333024725318,147382.27841700427,13.367925659472423
1728816571,3390,,Aggregated,113.900000,31.000000,3200,4600,6700,9600,67000,75000,75000,75000,106000,132000,147000,33472,3044,3200.0,12213.643267365816,10.651333024725318,147382.27841700427,13.35862810707457
1728816572,3400,,Aggregated,112.000000,30.200000,3200,4600,6800,9700,68000,75000,75000,75000,106000,132000,147000,33600,3078,3200.0,12257.849649814461,10.651333024725318,147382.27841700427,13.346636904761905
1728816573,3410,,Aggregated,110.200000,30.100000,3200,4600,6800,9800,68000,75000,75000,75000,106000,132000,147000,33719,3110,3200.0,12304.799401136894,10.651333024725318,147382.27841700427,13.33530057237759
1728816574,3420,,Aggregated,109.600000,29.900000,3200,4600,6900,9900,68000,75000,75000,75000,106000,132000,147000,33836,3142,3200.0,12345.085528450289,10.651333024725318,147382.27841700427,13.324122236671002
1728816575,3430,,Aggregated,110.700000,30.600000,3200,4600,6900,9900,69000,75000,75000,75000,108000,132000,147000,33959,3177,3200.0,12399.40265809306,10.651333024725318,147382.27841700427,13.338673105804057
1728816576,3440,,Aggregated,110.700000,30.100000,3300,4600,7000,10000,69000,75000,75000,75000,106000,132000,147000,34082,3210,3300.0,12441.890414983687,10.651333024725318,147382.27841700427,13.327181503432897
1728816577,3450,,Aggregated,112.700000,30.800000,3300,4600,7000,10000,70000,75000,75000,75000,106000,132000,147000,34198,3235,3300.0,12472.870081564704,10.651333024725318,147382.27841700427,13.31896602140476
1728816578,3460,,Aggregated,112.900000,30.200000,3300,4600,7000,10000,70000,75000,75000,75000,108000,132000,147000,34318,3268,3300.0,12512.40581858591,10.651333024725318,147382.27841700427,13.31211026283583
1728816579,3470,,Aggregated,114.200000,30.800000,3300,4600,7100,10000,71000,75000,75000,75000,108000,132000,147000,34435,3297,3300.0,12545.272278888311,10.651333024725318,147382.27841700427,13.316451285029766
1728816580,3480,,Aggregated,115.300000,30.300000,3300,4700,7100,10000,71000,75000,75000,75000,108000,132000,147000,34547,3327,3300.0,12585.09484588821,10.651333024725318,147382.27841700427,13.311112397603265
1728816581,3490,,Aggregated,116.200000,30.800000,3300,4700,7200,10000,72000,75000,75000,75000,108000,132000,147000,34660,3358,3300.0,12623.768521946035,10.651333024725318,147382.27841700427,13.30069244085401
1728816582,3500,,Aggregated,116.900000,30.400000,3300,4700,7200,10000,72000,75000,75000,75000,108000,132000,147000,34781,3384,3300.0,12648.761332015149,10.651333024725318,147382.27841700427,13.29237227221759
1728816583,3510,,Aggregated,118.200000,31.400000,3300,4700,7300,10000,73000,75000,75000,75000,108000,132000,147000,34905,3416,3300.0,12692.816102041932,10.651333024725318,147382.27841700427,13.290388196533447
1728816584,3520,,Aggregated,117.400000,31.200000,3300,4700,7300,10000,74000,75000,75000,75000,108000,132000,147000,35025,3447,3300.0,12728.065460593307,10.651333024725318,147382.27841700427,13.280142755174875
1728816585,3530,,Aggregated,117.000000,30.300000,3300,4700,7300,10000,75000,75000,75000,75000,108000,132000,147000,35149,3484,3300.0,12771.139893031119,10.651333024725318,147382.27841700427,13.267688981194343
1728816586,3540,,Aggregated,117.800000,30.800000,3300,4700,7400,10000,75000,75000,75000,75000,108000,132000,147000,35256,3509,3300.0,12803.823107296688,10.651333024725318,147382.27841700427,13.259728840481053
1728816587,3550,,Aggregated,118.400000,30.800000,3300,4700,7400,10000,75000,75000,75000,75000,108000,132000,147000,35364,3539,3300.0,12849.697387657292,10.651333024725318,147382.27841700427,13.249858613279041
1728816588,3560,,Aggregated,117.900000,30.300000,3300,4700,7500,10000,75000,75000,75000,75000,108000,132000,147000,35484,3574,3300.0,12901.708904335608,10.651333024725318,147382.27841700427,13.256397249464547
1728816589,3570,,Aggregated,116.700000,29.900000,3300,4700,7500,10000,75000,75000,75000,75000,108000,132000,147000,35599,3604,3300.0,12940.993577507657,10.651333024725318,147382.27841700427,13.246832776201579
1728816590,3580,,Aggregated,116.300000,30.300000,3300,4700,7500,10000,75000,75000,75000,75000,108000,132000,147000,35730,3645,3300.0,12995.296187024034,10.651333024725318,147382.27841700427,13.258550237895326
1728816591,3590,,Aggregated,116.500000,30.400000,3300,4700,7500,10000,75000,75000,75000,75000,108000,132000,147000,35841,3670,3300.0,13023.263261507718,10.651333024725318,147382.27841700427,13.250746351943306
1728816592,3600,,Aggregated,116.700000,31.100000,3300,4700,7600,10000,75000,75000,75000,75000,108000,132000,147000,35965,3701,3300.0,13066.702357251019,10.651333024725318,147382.27841700427,13.24101209509245
1728816593,3610,,Aggregated,118.000000,31.400000,3300,4700,7600,10000,75000,75000,75000,75000,108000,132000,147000,36086,3734,3300.0,13110.511765414256,10.651333024725318,147382.27841700427,13.261625006927895
1728816594,3620,,Aggregated,118.300000,31.100000,3300,4700,7700,10000,75000,75000,75000,75000,108000,132000,147000,36203,3767,3300.0,13156.67025200931,10.651333024725318,147382.27841700427,13.251001298234954
1728816595,3630,,Aggregated,118.100000,31.600000,3300,4700,7700,10000,75000,75000,75000,75000,108000,132000,147000,36321,3792,3300.0,13185.266121006485,10.651333024725318,147382.27841700427,13.24371575672476
1728816596,3640,,Aggregated,118.100000,31.900000,3300,4800,7700,10000,75000,75000,75000,75000,113000,132000,147000,36446,3827,3300.0,13246.259765487308,10.651333024725318,147382.27841700427,13.232590682105032
1728816597,3650,,Aggregated,116.800000,31.200000,3300,4800,7700,10000,75000,75000,75000,75000,113000,132000,147000,36566,3861,3300.0,13299.215451222708,10.651333024725318,147382.27841700427,13.221982169228244
1728816598,3660,,Aggregated,117.500000,31.000000,3300,4800,7800,10000,75000,75000,75000,75000,113000,132000,147000,36675,3888,3300.0,13331.553099197672,10.651333024725318,147382.27841700427,13.213905930470348
1728816599,3670,,Aggregated,118.900000,31.700000,3300,4800,7800,10000,75000,75000,75000,75000,125000,133000,147000,36782,3919,3300.0,13388.718255040676,10.651333024725318,147382.27841700427,13.204284704475015
1728816600,3680,,Aggregated,120.300000,32.000000,3300,4800,7800,10000,75000,75000,75000,75000,128000,133000,147000,36887,3955,3300.0,13452.526904955083,10.651333024725318,147382.27841700427,13.223059614498332
1728816601,3690,,Aggregated,119.300000,31.600000,3300,4800,7900,10000,75000,75000,75000,75000,128000,133000,147000,36972,3988,3300.0,13494.683591537618,10.651333024725318,147382.27841700427,13.212322838905118
1728816602,3700,,Aggregated,118.600000,31.800000,3300,4800,8000,11000,75000,75000,75000,75000,126000,133000,147000,37043,4012,3300.0,13530.990291613682,10.651333024725318,147382.27841700427,13.204681046351537
1728816603,3710,,Aggregated,115.800000,31.200000,3400,4800,8000,11000,75000,75000,75000,75000,126000,133000,147000,37120,4045,3400.0,13577.41772880736,10.651333024725318,147382.27841700427,13.202262931034483
1728816604,3720,,Aggregated,111.900000,31.700000,3400,4800,8100,11000,75000,75000,75000,75000,126000,133000,147000,37202,4074,3400.0,13615.846643091354,10.651333024725318,147382.27841700427,13.193000376323853
1728816605,3730,,Aggregated,106.000000,30.800000,3400,4900,8200,11000,75000,75000,75000,75000,128000,133000,147000,37276,4110,3400.0,13669.97735553666,10.651333024725318,147382.27841700427,13.202087133812642
1728816606,3740,,Aggregated,101.800000,30.700000,3400,4900,8300,11000,75000,75000,75000,75000,128000,133000,147000,37357,4139,3400.0,13721.78594878314,10.651333024725318,147382.27841700427,13.192842037636856
1728816607,3750,,Aggregated,99.000000,30.900000,3400,4900,8400,11000,75000,75000,75000,75000,128000,133000,147000,37455,4178,3400.0,13779.760897555438,10.651333024725318,147382.27841700427,13.180189560806301
1728816608,3760,,Aggregated,94.100000,31.700000,3400,4900,8400,11000,75000,75000,75000,75000,128000,133000,147000,37539,4201,3400.0,13808.426630029811,10.651333024725318,147382.27841700427,13.17339300460854
1728816609,3770,,Aggregated,90.700000,31.500000,3400,4900,8500,11000,75000,75000,75000,75000,128000,133000,147000,37649,4239,3400.0,13853.550033210908,10.651333024725318,147382.27841700427,13.18544981274403
1728816610,3780,,Aggregated,87.200000,31.500000,3400,5000,8500,11000,75000,75000,75000,75000,128000,133000,147000,37757,4269,3400.0,13888.881930541043,10.651333024725318,147382.27841700427,13.176391132770082
1728816611,3790,,Aggregated,85.800000,31.600000,3400,5000,8600,11000,75000,75000,75000,75000,128000,133000,147000,37865,4299,3400.0,13929.989570499936,10.651333024725318,147382.27841700427,13.179453321008847
1728816612,3800,,Aggregated,84.900000,31.300000,3400,5000,8600,11000,75000,75000,75000,75000,128000,133000,147000,37982,4331,3400.0,13976.784500519298,10.651333024725318,147382.27841700427,13.1700279079564
1728816613,3810,,Aggregated,86.200000,31.500000,3400,5000,8700,11000,75000,75000,75000,75000,128000,133000,147000,38098,4358,3400.0,14006.534911017052,10.651333024725318,147382.27841700427,13.162501968607277
1728816614,3820,,Aggregated,88.900000,31.000000,3400,5100,8800,11000,75000,75000,75000,75000,128000,133000,147000,38214,4385,3400.0,14035.803547504604,10.651333024725318,147382.27841700427,13.154890877688805
1728816615,3830,,Aggregated,94.700000,32.400000,3400,5100,8800,11000,75000,75000,75000,75000,128000,133000,147000,38330,4417,3400.0,14067.607903612463,10.651333024725318,147382.27841700427,13.145551787111923
1728816616,3840,,Aggregated,97.700000,30.900000,3400,5100,8800,11000,75000,75000,75000,75000,128000,133000,147000,38455,4458,3400.0,14115.149989975516,10.651333024725318,147382.27841700427,13.158158887010792
1728816617,3850,,Aggregated,101.700000,31.600000,3400,5100,8800,11000,75000,75000,75000,75000,128000,133000,147000,38559,4490,3400.0,14165.715047295958,10.651333024725318,147382.27841700427,13.160299800306024
1728816618,3860,,Aggregated,105.800000,31.000000,3400,5100,8900,11000,75000,75000,75000,75000,128000,133000,147000,38662,4520,3400.0,14205.534810054065,10.651333024725318,147382.27841700427,13.163752521856086
1728816619,3870,,Aggregated,109.100000,31.500000,3400,5100,8900,11000,75000,75000,75000,75000,128000,133000,147000,38774,4550,3400.0,14237.801046926188,10.651333024725318,147382.27841700427,13.155181307061433
1728816620,3880,,Aggregated,110.900000,31.700000,3400,5100,8900,11000,75000,75000,75000,75000,128000,133000,147000,38896,4585,3400.0,14273.07144546937,10.651333024725318,147382.27841700427,13.145002056766762
1728816621,3890,,Aggregated,112.300000,31.700000,3400,5100,8900,11000,75000,75000,75000,75000,126000,133000,147000,39013,4610,3400.0,14304.013546554506,10.651333024725318,147382.27841700427,13.138415399994873
1728816622,3900,,Aggregated,112.700000,31.200000,3400,5200,8900,11000,75000,75000,75000,75000,126000,133000,147000,39142,4643,3400.0,14345.896153631591,10.651333024725318,147382.27841700427,13.133309488528946
1728816623,3910,,Aggregated,113.800000,31.300000,3400,5200,9000,12000,75000,75000,75000,75000,126000,133000,147000,39260,4675,3400.0,14384.971443607425,10.651333024725318,147382.27841700427,13.12427407030056
1728816624,3920,,Aggregated,114.700000,31.100000,3400,5200,9000,12000,75000,75000,75000,75000,126000,133000,147000,39381,4706,3400.0,14427.651910231183,10.651333024725318,147382.27841700427,13.115690307508697
1728816625,3930,,Aggregated,115.700000,30.800000,3400,5200,9000,12000,75000,75000,75000,75000,126000,133000,147000,39509,4733,3400.0,14474.560473596097,10.651333024725318,147382.27841700427,13.108734718671695
1728816626,3940,,Aggregated,116.900000,32.100000,3400,5200,9000,12000,75000,75000,75000,75000,126000,133000,147000,39629,4761,3400.0,14496.373255088278,10.651333024725318,147382.27841700427,13.101264225693306
1728816627,3950,,Aggregated,116.300000,31.600000,3400,5200,9000,12000,75000,75000,75000,75000,126000,133000,147000,39743,4794,3400.0,14533.80243962002,10.651333024725318,147382.27841700427,13.091940719120348
1728816628,3960,,Aggregated,117.600000,31.100000,3400,5300,9000,12000,75000,75000,75000,75000,126000,133000,147000,39863,4829,3400.0,14573.564080329776,10.651333024725318,147382.27841700427,13.082131299701478
1728816629,3970,,Aggregated,117.600000,30.300000,3400,5300,9000,12000,75000,75000,75000,75000,126000,133000,147000,39988,4868,3400.0,14610.089159623383,10.651333024725318,147382.27841700427,13.071146343903171
1728816630,3980,,Aggregated,118.300000,30.100000,3400,5300,9000,12000,75000,75000,75000,75000,128000,145000,156000,40119,4917,3400.0,14673.767666781492,10.651333024725318,155991.02079099976,13.056880779680451
1728816631,3990,,Aggregated,119.800000,30.500000,3400,5300,9000,12000,75000,75000,75000,75000,128000,145000,156000,40245,4952,3400.0,14707.614388578793,10.651333024725318,155991.02079099976,13.047558702944466
1728816632,4000,,Aggregated,121.500000,31.900000,3400,5300,9000,12000,75000,75000,75000,75000,128000,145000,156000,40356,4983,3400.0,14742.00052737062,10.651333024725318,155991.02079099976,13.039101992268808
1728816633,4010,,Aggregated,121.800000,33.100000,3400,5300,9100,12000,75000,75000,75000,75000,128000,145000,156000,40473,5022,3400.0,14785.097562192415,10.651333024725318,155991.02079099976,13.028265757418525
1728816634,4020,,Aggregated,122.500000,34.100000,3500,5300,9100,12000,75000,75000,75000,75000,128000,145000,156000,40596,5066,3500.0,14831.797195937477,10.651333024725318,155991.02079099976,13.015937530791211
1728816635,4030,,Aggregated,120.900000,33.800000,3500,5400,9100,12000,75000,75000,75000,75000,128000,145000,156000,40716,5105,3500.0,14868.5685347874,10.651333024725318,155991.02079099976,13.005231358679634
1728816636,4040,,Aggregated,120.500000,34.400000,3500,5400,9100,12000,75000,75000,75000,75000,128000,145000,156000,40835,5148,3500.0,14911.24936315729,10.651333024725318,155991.02079099976,13.004873270478756
1728816637,4050,,Aggregated,121.100000,35.800000,3500,5400,9100,12000,75000,75000,75000,75000,128000,145000,156000,40942,5183,3500.0,14943.037157129405,10.651333024725318,155991.02079099976,12.995310439157834
1728816638,4060,,Aggregated,120.200000,37.400000,3500,5400,9100,12000,75000,75000,75000,75000,126000,145000,156000,41051,5220,3500.0,14987.131347020179,10.651333024725318,155991.02079099976,12.985189154953595
1728816639,4070,,Aggregated,119.900000,38.600000,3500,5400,9100,13000,75000,75000,75000,75000,126000,145000,156000,41173,5271,3500.0,15053.58535945443,10.651333024725318,155991.02079099976,13.003497437641172
1728816640,4080,,Aggregated,118.900000,38.800000,3500,5400,9100,13000,75000,75000,75000,75000,126000,145000,156000,41284,5307,3500.0,15084.265906421157,10.651333024725318,155991.02079099976,13.00162290475729
1728816641,4090,,Aggregated,118.200000,39.400000,3500,5400,9200,14000,75000,75000,75000,75000,126000,145000,156000,41409,5360,3500.0,15147.580061502875,10.651333024725318,155991.02079099976,12.986548817889831
1728816642,4100,,Aggregated,117.400000,40.000000,3500,5400,9200,14000,75000,75000,75000,75000,126000,145000,156000,41513,5406,3500.0,15202.778728173073,10.651333024725318,155991.02079099976,12.996579384771035
1728816643,4110,,Aggregated,116.200000,39.200000,3500,5400,9200,14000,75000,75000,75000,75000,126000,145000,156000,41622,5451,3500.0,15258.937094919273,10.651333024725318,155991.02079099976,12.991687088558935
1728816644,4120,,Aggregated,116.400000,41.000000,3500,5400,9200,14000,75000,75000,75000,75000,126000,145000,156000,41736,5486,3500.0,15286.629073915561,10.651333024725318,155991.02079099976,12.98636668583477
1728816645,4130,,Aggregated,115.100000,42.300000,3500,5500,9200,14000,75000,75000,75000,75000,126000,145000,156000,41863,5524,3500.0,15323.544000504351,10.651333024725318,155991.02079099976,12.976542531591143
1728816646,4140,,Aggregated,114.300000,42.900000,3500,5500,9200,14000,75000,75000,75000,75000,126000,145000,156000,41970,5560,3500.0,15359.046224992759,10.651333024725318,155991.02079099976,12.967024064808196
1728816647,4150,,Aggregated,113.900000,42.200000,3500,5500,9200,14000,75000,75000,75000,75000,125000,145000,156000,42077,5599,3500.0,15402.297469864776,10.651333024725318,155991.02079099976,12.960263326758087
1728816648,4160,,Aggregated,114.400000,41.900000,3500,5500,9200,14000,75000,75000,75000,75000,125000,145000,156000,42186,5639,3500.0,15446.267153816845,10.651333024725318,155991.02079099976,12.94953302043332
1728816649,4170,,Aggregated,113.000000,40.900000,3500,5500,9200,14000,75000,75000,75000,75000,125000,145000,156000,42309,5689,3500.0,15501.070735205198,10.651333024725318,155991.02079099976,12.935900163085869
1728816650,4180,,Aggregated,113.500000,41.600000,3500,5500,9300,15000,75000,75000,75000,75000,125000,145000,156000,42424,5727,3500.0,15534.029562819334,10.651333024725318,155991.02079099976,12.929638883650764
1728816651,4190,,Aggregated,112.900000,41.400000,3500,5500,9300,15000,75000,75000,75000,75000,125000,145000,156000,42542,5769,3500.0,15576.261655689437,10.651333024725318,155991.02079099976,12.929928071082696
1728816652,4200,,Aggregated,113.500000,41.800000,3500,5500,9300,15000,75000,75000,75000,75000,125000,145000,156000,42662,5810,3500.0,15617.292759616377,10.651333024725318,155991.02079099976,12.919342740612255
1728816653,4210,,Aggregated,113.700000,41.800000,3500,5500,9300,15000,75000,75000,75000,75000,125000,145000,156000,42762,5847,3500.0,15665.856607721347,10.651333024725318,155991.02079099976,12.90956924372106
1728816654,4220,,Aggregated,113.100000,40.600000,3500,5500,9400,15000,75000,75000,75000,75000,125000,145000,156000,42886,5897,3500.0,15715.79826400143,10.651333024725318,155991.02079099976,12.899687543720562
1728816655,4230,,Aggregated,114.900000,40.400000,3500,5500,9400,15000,75000,75000,75000,75000,125000,145000,156000,42995,5929,3500.0,15741.095451487767,10.651333024725318,155991.02079099976,12.891894406326317
1728816656,4240,,Aggregated,114.000000,39.500000,3500,5600,9400,15000,75000,75000,75000,75000,125000,145000,156000,43105,5976,3500.0,15794.90355542976,10.651333024725318,155991.02079099976,12.882983412597147
1728816657,4250,,Aggregated,114.700000,40.800000,3500,5600,9500,15000,75000,75000,75000,75000,125000,145000,156000,43207,6011,3500.0,15834.641433002966,10.651333024725318,155991.02079099976,12.874233341819613
1728816658,4260,,Aggregated,113.100000,40.300000,3500,5600,9500,15000,75000,75000,75000,75000,125000,145000,156000,43311,6052,3500.0,15886.272880931125,10.651333024725318,155991.02079099976,12.863429613723996
1728816660,4270,,Aggregated,113.500000,41.600000,3500,5600,9600,15000,75000,75000,75000,75000,125000,145000,156000,43420,6089,3500.0,15923.653290377217,10.651333024725318,155991.02079099976,12.85421464762782
1728816661,4280,,Aggregated,112.400000,41.200000,3500,5600,9700,16000,75000,75000,75000,75000,125000,145000,156000,43514,6125,3500.0,15962.64440662616,10.651333024725318,155991.02079099976,12.844923472905272
1728816662,4290,,Aggregated,112.400000,41.200000,3500,5600,9900,16000,75000,75000,75000,75000,128000,147000,156000,43600,6169,3500.0,16027.492766047772,10.651333024725318,155991.02079099976,12.847683486238532
1728816663,4300,,Aggregated,108.700000,39.500000,3600,5600,9900,16000,75000,75000,75000,75000,128000,147000,156000,43704,6218,3600.0,16092.259310550806,10.651333024725318,155991.02079099976,12.838298553908109
1728816664,4310,,Aggregated,105.600000,39.900000,3600,5600,10000,16000,75000,75000,75000,75000,128000,147000,156000,43797,6250,3600.0,16121.568808219768,10.651333024725318,155991.02079099976,12.837728611548735
1728816665,4320,,Aggregated,104.000000,40.800000,3600,5700,10000,16000,75000,75000,75000,75000,128000,147000,156000,43920,6308,3600.0,16196.783164786844,10.651333024725318,155991.02079099976,12.844239526411657
1728816666,4330,,Aggregated,102.900000,40.200000,3600,5700,10000,16000,75000,75000,75000,75000,128000,147000,156000,44031,6344,3600.0,16238.143398498136,10.651333024725318,155991.02079099976,12.835683949944357
1728816667,4340,,Aggregated,102.700000,40.900000,3600,5700,10000,16000,75000,75000,75000,75000,128000,147000,156000,44135,6383,3600.0,16291.664063527123,10.651333024725318,155991.02079099976,12.829681658547639
1728816668,4350,,Aggregated,103.000000,41.400000,3600,5700,10000,16000,75000,75000,75000,75000,128000,147000,156000,44239,6423,3600.0,16342.854153607253,10.651333024725318,155991.02079099976,12.819683989240263
1728816669,4360,,Aggregated,102.500000,40.700000,3600,5700,10000,16000,75000,75000,75000,75000,128000,147000,156000,44352,6465,3600.0,16397.126851808902,10.651333024725318,155991.02079099976,12.827335858585858
1728816670,4370,,Aggregated,103.100000,41.200000,3600,5700,10000,16000,75000,75000,75000,75000,128000,147000,156000,44467,6512,3600.0,16450.13127163251,10.651333024725318,155991.02079099976,12.822295185193514
1728816671,4380,,Aggregated,103.800000,41.300000,3600,5700,10000,17000,75000,75000,75000,75000,128000,147000,156000,44584,6558,3600.0,16499.89104730134,10.651333024725318,155991.02079099976,12.810873856091872
1728816672,4390,,Aggregated,104.400000,42.300000,3600,5700,10000,17000,75000,75000,75000,75000,128000,147000,156000,44693,6590,3600.0,16535.569088529155,10.651333024725318,155991.02079099976,12.803593403888753
1728816673,4400,,Aggregated,106.800000,43.400000,3600,5700,10000,17000,75000,75000,75000,75000,128000,147000,156000,44793,6627,3600.0,16565.544561120303,10.651333024725318,155991.02079099976,12.79465541490858
1728816674,4410,,Aggregated,109.000000,42.000000,3600,5800,10000,17000,75000,75000,75000,75000,128000,147000,156000,44917,6679,3600.0,16602.636797926472,10.651333024725318,155991.02079099976,12.820825077364917
1728816675,4420,,Aggregated,108.700000,40.900000,3600,5800,10000,17000,75000,75000,75000,75000,128000,147000,156000,45036,6721,3600.0,16637.488543998174,10.651333024725318,155991.02079099976,12.810840216715517
1728816676,4430,,Aggregated,111.600000,42.700000,3600,5800,10000,17000,75000,75000,75000,75000,128000,147000,156000,45142,6759,3600.0,16669.272845964053,10.651333024725318,155991.02079099976,12.805148199016436
1728816677,4440,,Aggregated,111.300000,41.400000,3600,5800,10000,17000,75000,75000,75000,75000,128000,147000,156000,45232,6801,3600.0,16712.5715495715,10.651333024725318,155991.02079099976,12.794371241598869
1728816678,4450,,Aggregated,111.100000,41.300000,3600,5800,10000,17000,75000,75000,75000,75000,128000,147000,156000,45339,6839,3600.0,16744.480176560235,10.651333024725318,155991.02079099976,12.785284192417125
1728816679,4460,,Aggregated,109.300000,41.500000,3600,5800,10000,18000,75000,75000,75000,75000,128000,147000,156000,45460,6887,3600.0,16788.32156654073,10.651333024725318,155991.02079099976,12.786867575890893
1728816680,4470,,Aggregated,109.400000,41.500000,3600,5800,10000,18000,75000,75000,75000,75000,128000,147000,156000,45572,6927,3600.0,16819.550287832597,10.651333024725318,155991.02079099976,12.780961994206969
1728816681,4480,,Aggregated,110.300000,42.100000,3600,5800,10000,18000,75000,75000,75000,75000,128000,147000,156000,45686,6969,3600.0,16855.403062621914,10.651333024725318,155991.02079099976,12.784069518014272
1728816682,4490,,Aggregated,109.700000,41.200000,3600,5800,10000,18000,75000,75000,75000,75000,128000,147000,156000,45808,7016,3600.0,16894.87726437688,10.651333024725318,155991.02079099976,12.797284317149844
1728816683,4500,,Aggregated,109.900000,41.000000,3600,5900,10000,18000,75000,75000,75000,75000,128000,147000,156000,45926,7056,3600.0,16930.219627907532,10.651333024725318,155991.02079099976,12.788050341854287
1728816684,4510,,Aggregated,111.000000,42.400000,3600,5900,10000,18000,75000,75000,75000,75000,128000,147000,156000,46048,7097,3600.0,16969.13950314683,10.651333024725318,155991.02079099976,12.778687456567061
1728816685,4520,,Aggregated,112.600000,42.600000,3600,5900,10000,19000,75000,75000,75000,75000,128000,147000,156000,46174,7141,3600.0,17004.85232887006,10.651333024725318,155991.02079099976,12.768506085675922
1728816686,4530,,Aggregated,113.100000,41.900000,3600,5900,10000,19000,75000,75000,75000,75000,128000,147000,156000,46312,7195,3600.0,17059.26649356145,10.651333024725318,155991.02079099976,12.793746761098635
1728816687,4540,,Aggregated,113.700000,41.900000,3600,5900,11000,19000,75000,75000,75000,75000,128000,147000,156000,46433,7234,3600.0,17101.82695325226,10.651333024725318,155991.02079099976,12.798677664591994
1728816688,4550,,Aggregated,116.600000,43.500000,3600,5900,11000,20000,75000,75000,75000,75000,128000,147000,156000,46549,7276,3600.0,17149.357728017596,10.32850006595254,155991.02079099976,12.788996541279083
1728816689,4560,,Aggregated,120.200000,43.400000,3600,5900,11000,20000,75000,75000,75000,75000,128000,147000,156000,46666,7315,3600.0,17180.895673056864,10.32850006595254,155991.02079099976,12.783375476792525
1728816690,4570,,Aggregated,120.800000,43.600000,3600,5900,11000,21000,75000,75000,75000,75000,128000,147000,156000,46784,7352,3600.0,17204.272697513163,10.32850006595254,155991.02079099976,12.77530779753762
1728816691,4580,,Aggregated,120.000000,42.500000,3600,6000,11000,21000,75000,75000,75000,75000,129000,147000,156000,46902,7391,3600.0,17234.899048186424,10.32850006595254,155991.02079099976,12.766641081403778
1728816692,4590,,Aggregated,121.400000,42.600000,3600,6000,11000,22000,75000,75000,75000,75000,129000,147000,156000,47029,7437,3600.0,17285.275692260882,10.32850006595254,155991.02079099976,12.76980161177146
1728816693,4600,,Aggregated,121.100000,42.000000,3600,6000,11000,22000,75000,75000,75000,75000,129000,147000,156000,47144,7473,3600.0,17315.752004975155,10.32850006595254,155991.02079099976,12.761899711522146
1728816694,4610,,Aggregated,121.900000,42.100000,3600,6000,11000,23000,75000,75000,75000,75000,129000,147000,156000,47279,7531,3600.0,17361.023200995838,10.32850006595254,155991.02079099976,12.771737980921761
1728816695,4620,,Aggregated,121.700000,41.800000,3600,6000,11000,23000,75000,75000,75000,75000,129000,147000,156000,47394,7564,3600.0,17393.517396164927,10.32850006595254,155991.02079099976,12.764738152508757
1728816696,4630,,Aggregated,122.800000,43.100000,3600,6100,11000,24000,75000,75000,75000,75000,129000,147000,156000,47567,7651,3600.0,17429.306730211687,10.32850006595254,155991.02079099976,12.743540689974141
1728816697,4640,,Aggregated,122.000000,42.300000,3600,6100,11000,24000,75000,75000,75000,75000,129000,147000,156000,47732,7732,3600.0,17459.526697093996,10.32850006595254,155991.02079099976,12.723979720103914
1728816698,4650,,Aggregated,124.500000,45.100000,3700,6100,11000,25000,75000,75000,75000,75000,129000,147000,156000,47895,7822,3700.0,17486.813939047694,10.32850006595254,155991.02079099976,12.701973066082054
1728816699,4660,,Aggregated,129.200000,49.100000,3700,6200,11000,25000,75000,75000,75000,75000,129000,147000,156000,48067,7911,3700.0,17505.10995391611,10.32850006595254,155991.02079099976,12.687290656791562
1728816700,4670,,Aggregated,133.900000,54.200000,3700,6200,11000,25000,75000,75000,75000,75000,129000,147000,156000,48233,7999,3700.0,17525.84011661904,10.32850006595254,155991.02079099976,12.66620363651442
1728816701,4680,,Aggregated,139.900000,59.300000,3700,6300,11000,25000,75000,75000,75000,75000,129000,147000,156000,48422,8100,3700.0,17561.696491694038,10.32850006595254,155991.02079099976,12.64206352484408
1728816702,4690,,Aggregated,143.400000,63.000000,3700,6300,11000,25000,75000,75000,75000,75000,129000,147000,156000,48594,8185,3700.0,17570.341602670793,10.32850006595254,155991.02079099976,12.622237313248549
1728816703,4700,,Aggregated,150.100000,69.200000,3700,6300,11000,26000,75000,75000,75000,75000,129000,147000,156000,48773,8282,3700.0,17594.959790716202,10.32850006595254,155991.02079099976,12.599327496770755
1728816704,4710,,Aggregated,155.000000,73.400000,3700,6400,11000,26000,75000,75000,75000,75000,129000,147000,156000,48946,8370,3700.0,17604.00931327921,10.32850006595254,155991.02079099976,12.578862419809585
1728816705,4720,,Aggregated,161.000000,78.900000,3700,6400,11000,26000,75000,75000,75000,75000,129000,147000,156000,49132,8467,3700.0,17638.71740713899,10.32850006595254,155991.02079099976,12.556439794838395
1728816706,4730,,Aggregated,165.400000,82.900000,3700,6500,11000,26000,75000,75000,75000,75000,129000,147000,156000,49346,8599,3700.0,17653.063422695574,10.32850006595254,155991.02079099976,12.525169213310097
1728816707,4740,,Aggregated,171.100000,88.100000,3700,6500,11000,26000,75000,75000,75000,75000,129000,147000,156000,49576,8750,3700.0,17674.32465956824,10.32850006595254,155991.02079099976,12.489208487978054
1728816708,4750,,Aggregated,174.800000,92.000000,3700,6600,11000,27000,75000,75000,75000,75000,129000,147000,156000,49812,8902,3700.0,17697.770123376584,10.32850006595254,155991.02079099976,12.453485103991007
1728816709,4760,,Aggregated,182.500000,100.400000,3700,6600,11000,27000,75000,75000,75000,75000,129000,145000,156000,50045,9047,3700.0,17710.44102650228,10.32850006595254,155991.02079099976,12.419962034169247
1728816710,4770,,Aggregated,188.900000,105.900000,3800,6700,11000,27000,75000,75000,75000,75000,129000,145000,156000,50267,9193,3800.0,17732.532062450977,10.32850006595254,155991.02079099976,12.395647243718543
1728816711,4780,,Aggregated,194.700000,111.500000,3800,6800,11000,28000,75000,75000,75000,75000,129000,145000,156000,50499,9337,3800.0,17756.685417900455,10.32850006595254,155991.02079099976,12.36590823580665
1728816712,4790,,Aggregated,202.000000,118.400000,3800,6900,11000,28000,75000,75000,75000,75000,129000,145000,156000,50758,9501,3800.0,17761.477193823484,10.32850006595254,155991.02079099976,12.328972772764885
1728816713,4800,,Aggregated,206.100000,122.500000,3800,7000,11000,29000,75000,75000,75000,75000,129000,145000,156000,50986,9645,3800.0,17790.79942617334,10.32850006595254,155991.02079099976,12.306162475973796
1728816714,4810,,Aggregated,213.200000,129.600000,3800,7100,11000,29000,75000,75000,75000,75000,129000,145000,156000,51219,9787,3800.0,17816.335732124902,10.32850006595254,155991.02079099976,12.274819891056053
1728816715,4820,,Aggregated,219.000000,134.700000,3800,7300,11000,29000,75000,75000,75000,75000,129000,147000,156000,51462,9946,3800.0,17832.706212258367,10.32850006595254,155991.02079099976,12.242664490303525
1728816716,4830,,Aggregated,225.200000,140.900000,3800,7500,11000,29000,75000,75000,75000,75000,129000,147000,156000,51750,10152,3800.0,17853.149346783965,10.32850006595254,155991.02079099976,12.224405797101449
1728816717,4840,,Aggregated,232.300000,147.500000,3900,7700,11000,29000,75000,75000,75000,75000,129000,147000,156000,52055,10373,3900.0,17865.909820528996,10.32850006595254,155991.02079099976,12.175276150225724
1728816718,4850,,Aggregated,240.300000,155.300000,3900,7800,11000,29000,75000,75000,75000,75000,129000,147000,156000,52330,10565,3900.0,17847.09946782766,10.32850006595254,155991.02079099976,12.13332696350086
1728816719,4860,,Aggregated,245.100000,160.000000,3900,7900,11000,29000,75000,75000,75000,75000,129000,147000,156000,52650,10798,3900.0,17901.311489358377,10.32850006595254,155991.02079099976,12.10383665716999
1728816720,4870,,Aggregated,250.500000,164.800000,3900,7900,11000,29000,75000,75000,75000,75000,129000,147000,156000,52922,11004,3900.0,17901.97675379302,10.32850006595254,155991.02079099976,12.05899247949813
1728816721,4880,,Aggregated,257.800000,172.500000,4000,7900,11000,29000,75000,75000,75000,75000,129000,147000,156000,53224,11233,4000.0,17916.511066113275,10.32850006595254,155991.02079099976,12.02175710205922
1728816722,4890,,Aggregated,263.900000,179.800000,4000,7900,11000,29000,75000,75000,75000,75000,129000,147000,156000,53484,11447,4000.0,17930.400368321407,10.32850006595254,155991.02079099976,11.98427567122878
1728816723,4900,,Aggregated,270.100000,187.500000,4000,7900,11000,29000,75000,75000,75000,75000,129000,147000,156000,53733,11638,4000.0,17945.48582844216,10.32850006595254,155991.02079099976,11.94975154932723
1728816724,4910,,Aggregated,272.600000,193.600000,4000,7900,11000,29000,75000,75000,75000,75000,129000,147000,156000,54022,11850,4000.0,17949.553928328725,10.32850006595254,155991.02079099976,11.905575506275222
1728816725,4920,,Aggregated,274.800000,199.000000,4100,7900,11000,29000,75000,75000,75000,75000,129000,147000,156000,54322,12066,4100.0,17959.78453386153,10.32850006595254,155991.02079099976,11.870218327749347
1728816726,4930,,Aggregated,279.400000,204.700000,4100,7900,11000,29000,75000,75000,75000,75000,129000,147000,156000,54652,12328,4100.0,17969.430971538797,10.32850006595254,155991.02079099976,11.830399619410086
1728816727,4940,,Aggregated,282.600000,208.800000,4100,7900,11000,29000,75000,75000,75000,75000,128000,147000,156000,55021,12617,4100.0,17975.85642196456,10.32850006595254,155991.02079099976,11.779974918667419
1728816728,4950,,Aggregated,287.200000,214.900000,4200,7900,11000,28000,75000,75000,75000,75000,128000,147000,156000,55377,12885,4200.0,17976.21992060018,10.32850006595254,155991.02079099976,11.726348484027666
1728816729,4960,,Aggregated,295.200000,223.100000,4200,7900,11000,27000,75000,75000,75000,75000,128000,147000,156000,55720,13149,4200.0,17961.695556357736,10.32850006595254,155991.02079099976,11.673887293610912
1728816730,4970,,Aggregated,302.600000,230.400000,4200,7900,11000,27000,75000,75000,75000,75000,128000,147000,156000,56035,13398,4200.0,17963.599367726925,10.32850006595254,155991.02079099976,11.63599536004283
1728816731,4980,,Aggregated,305.400000,233.200000,4300,7900,11000,26000,75000,75000,75000,75000,128000,147000,156000,56448,13708,4300.0,17965.318970369466,10.32850006595254,155991.02079099976,11.576194019274377
1728816732,4990,,Aggregated,311.500000,239.100000,4300,7900,11000,26000,75000,75000,75000,75000,128000,147000,156000,56849,14022,4300.0,17962.145692477865,10.32850006595254,155991.02079099976,11.538355995707928
1728816733,5000,,Aggregated,318.500000,244.500000,4300,7900,11000,26000,75000,75000,75000,75000,128000,147000,156000,57189,14273,4300.0,17959.20178562095,10.32850006595254,155991.02079099976,11.491335746384795
1728816734,5010,,Aggregated,327.500000,250.100000,4400,7900,10000,25000,75000,75000,75000,75000,128000,147000,156000,57558,14554,4400.0,17951.157026589197,10.32850006595254,155991.02079099976,11.439052781542097
1728816735,5020,,Aggregated,339.200000,258.700000,4400,7900,10000,25000,75000,75000,75000,75000,128000,147000,156000,57946,14857,4400.0,17940.75612047724,10.32850006595254,155991.02079099976,11.385427812100922
1728816736,5030,,Aggregated,344.900000,263.200000,4400,7900,10000,24000,75000,75000,75000,75000,128000,147000,156000,58311,15146,4400.0,17925.626021942906,10.32850006595254,155991.02079099976,11.332338666803862
1728816737,5040,,Aggregated,354.600000,272.900000,4400,7900,10000,23000,75000,75000,75000,75000,128000,147000,156000,58729,15482,4400.0,17902.55716840922,10.32850006595254,155991.02079099976,11.271126700607876
1728816738,5050,,Aggregated,360.000000,276.600000,4500,7900,10000,23000,75000,75000,75000,75000,128000,147000,156000,59150,15816,4500.0,17900.30496933146,10.32850006595254,155991.02079099976,11.216770921386306
1728816739,5060,,Aggregated,362.200000,279.200000,4500,7900,10000,22000,75000,75000,75000,75000,128000,147000,156000,59559,16134,4500.0,17890.499584821242,10.32850006595254,155991.02079099976,11.160966436642656
1728816740,5070,,Aggregated,367.300000,284.600000,4500,7900,10000,22000,75000,75000,75000,75000,128000,147000,156000,59988,16480,4500.0,17878.774439546076,10.32850006595254,155991.02079099976,11.100353404014136
1728816741,5080,,Aggregated,376.200000,292.600000,4600,7900,10000,22000,75000,75000,75000,75000,128000,145000,156000,60399,16812,4600.0,17879.597951858625,10.32850006595254,155991.02079099976,11.05543138131426
1728816742,5090,,Aggregated,382.400000,298.200000,4600,7900,10000,21000,75000,75000,75000,75000,128000,145000,156000,60823,17148,4600.0,17859.303323256005,10.32850006595254,155991.02079099976,10.99850385544942
1728816743,5100,,Aggregated,390.100000,306.000000,4600,7900,10000,21000,75000,75000,75000,75000,128000,145000,156000,61228,17473,4600.0,17848.740724623807,10.32850006595254,155991.02079099976,10.951721434637747
1728816744,5110,,Aggregated,394.400000,310.500000,4700,7900,10000,20000,75000,75000,75000,75000,128000,145000,156000,61663,17824,4700.0,17825.083262709773,10.32850006595254,155991.02079099976,10.893469341420301
1728816745,5120,,Aggregated,399.100000,315.900000,4700,7900,10000,20000,75000,75000,75000,75000,128000,145000,156000,62092,18173,4700.0,17818.937677457885,10.32850006595254,155991.02079099976,10.836098048057721
1728816746,5130,,Aggregated,403.800000,320.700000,4700,7900,10000,19000,75000,75000,75000,75000,128000,145000,156000,62531,18524,4700.0,17793.339368025405,10.32850006595254,155991.02079099976,10.784378948041772
1728816747,5140,,Aggregated,412.100000,329.000000,4800,7900,10000,19000,75000,75000,75000,75000,128000,145000,156000,63003,18922,4800.0,17787.15709735101,10.32850006595254,155991.02079099976,10.720029204958495
1728816748,5150,,Aggregated,419.800000,336.400000,4800,7900,10000,19000,75000,75000,75000,75000,128000,145000,156000,63470,19314,4800.0,17765.996868786373,10.32850006595254,155991.02079099976,10.662628013234599
1728816749,5160,,Aggregated,420.500000,337.600000,4900,7900,10000,18000,75000,75000,75000,75000,128000,145000,156000,63927,19694,4900.0,17745.510099537463,10.32850006595254,155991.02079099976,10.603141082797565
1728816750,5170,,Aggregated,431.800000,348.900000,5000,7900,9900,18000,75000,75000,75000,75000,128000,145000,156000,64401,20097,5000.0,17718.986361680694,10.32850006595254,155991.02079099976,10.54042639089455
1728816751,5180,,Aggregated,433.200000,351.800000,5100,7900,9800,18000,75000,75000,75000,75000,128000,145000,156000,64860,20481,5100.0,17694.270769883347,10.32850006595254,155991.02079099976,10.481945729263028
1728816752,5190,,Aggregated,441.800000,361.000000,5200,7900,9600,18000,75000,75000,75000,75000,128000,145000,156000,65336,20880,5200.0,17672.23406823625,10.32850006595254,155991.02079099976,10.424268397208277
1728816753,5200,,Aggregated,443.100000,363.700000,5300,7900,9500,17000,75000,75000,75000,75000,128000,145000,156000,65818,21271,5300.0,17643.2451041278,10.32850006595254,155991.02079099976,10.367224771339147
1728816754,5210,,Aggregated,439.200000,362.000000,5400,7900,9400,17000,75000,75000,75000,75000,128000,145000,156000,66290,21649,5400.0,17625.18095020235,9.525542031042278,155991.02079099976,10.313169407150399
1728816755,5220,,Aggregated,455.700000,376.700000,5400,7900,9400,17000,75000,75000,75000,75000,128000,145000,156000,66818,22081,5400.0,17602.030012099538,9.525542031042278,155991.02079099976,10.25163877996947
1728816756,5230,,Aggregated,461.900000,382.100000,5500,7900,9300,17000,75000,75000,75000,75000,128000,145000,156000,67328,22501,5500.0,17576.32330190932,9.525542031042278,155991.02079099976,10.202025903041825
1728816757,5240,,Aggregated,460.200000,378.800000,5500,7900,9300,17000,75000,75000,75000,75000,128000,145000,156000,67867,22947,5500.0,17550.454897455616,9.525542031042278,155991.02079099976,10.140082809023532
1728816758,5250,,Aggregated,474.800000,393.100000,5600,7900,9200,16000,75000,75000,75000,75000,128000,145000,156000,68430,23423,5600.0,17515.743925053535,9.525542031042278,155991.02079099976,10.074251059476838
1728816759,5260,,Aggregated,486.600000,402.800000,5700,7900,9200,16000,75000,75000,75000,75000,128000,145000,156000,68947,23847,5700.0,17493.351184747084,9.525542031042278,155991.02079099976,10.017433680943332
1728816760,5270,,Aggregated,490.800000,406.400000,5700,7900,9200,16000,75000,75000,75000,75000,128000,145000,156000,69487,24301,5700.0,17471.031021779825,9.525542031042278,155991.02079099976,9.956754500841884
1728816761,5280,,Aggregated,502.400000,416.500000,5800,7900,9200,16000,75000,75000,75000,75000,128000,145000,156000,70035,24759,5800.0,17447.62524197311,9.525542031042278,155991.02079099976,9.896737345612907
1728816762,5290,,Aggregated,493.800000,406.400000,5900,7900,9100,16000,75000,75000,75000,75000,128000,145000,156000,70593,25217,5900.0,17419.76412556493,9.525542031042278,155991.02079099976,9.838199254883628
1728816763,5300,,Aggregated,513.500000,424.700000,6000,7900,9100,16000,75000,75000,75000,75000,126000,145000,156000,71082,25609,6000.0,17352.3508920066,9.525542031042278,155991.02079099976,9.789468501167665
1728816764,5310,,Aggregated,531.200000,438.700000,6100,7900,9000,15000,75000,75000,75000,75000,126000,145000,156000,71520,25946,6100.0,17290.96622286692,9.525542031042278,155991.02079099976,9.749133109619686
1728816765,5320,,Aggregated,526.900000,434.500000,6300,7900,9000,15000,75000,75000,75000,75000,126000,145000,156000,72107,26438,6300.0,17212.49766339751,9.525542031042278,155991.02079099976,9.688171744768193
1728816766,5330,,Aggregated,529.400000,436.300000,6400,7900,8900,15000,75000,75000,75000,75000,126000,145000,156000,72661,26903,6400.0,17141.751942260693,9.525542031042278,155991.02079099976,9.631384098759995
1728816767,5340,,Aggregated,534.500000,441.500000,6500,7900,8800,14000,75000,75000,75000,75000,126000,145000,156000,73204,27360,6500.0,17072.73061586146,9.525542031042278,155991.02079099976,9.576266324244576
1728816768,5350,,Aggregated,530.600000,437.600000,6600,7900,8600,14000,75000,75000,75000,75000,126000,145000,156000,73755,27817,6600.0,17001.75365219914,9.525542031042278,155991.02079099976,9.522473052674394
1728816769,5360,,Aggregated,531.100000,438.600000,6700,7900,8400,14000,75000,75000,75000,75000,125000,145000,156000,74262,28222,6700.0,16935.01780727508,9.525542031042278,155991.02079099976,9.476596374996634
1728816770,5370,,Aggregated,534.100000,441.500000,7000,7900,8200,13000,75000,75000,75000,75000,125000,145000,156000,74962,28808,7000.0,16858.11814149981,9.525542031042278,155991.02079099976,9.409287372268617
1728816771,5380,,Aggregated,531.200000,437.500000,7300,7900,8100,12000,75000,75000,75000,75000,125000,145000,156000,75527,29270,7300.0,16790.375640254613,9.525542031042278,155991.02079099976,9.357858778979702
1728816772,5390,,Aggregated,544.100000,449.700000,7600,7900,8100,12000,75000,75000,75000,75000,125000,145000,156000,76082,29719,7600.0,16727.274051723074,9.525542031042278,155991.02079099976,9.309048132278331
1728816773,5400,,Aggregated,540.100000,444.600000,7700,7900,8100,12000,75000,75000,75000,75000,125000,145000,156000,76535,30080,7700.0,16671.626743697634,9.525542031042278,155991.02079099976,9.270686613967467
1728816774,5410,,Aggregated,539.800000,444.000000,7900,7900,8100,12000,75000,75000,75000,75000,125000,145000,156000,77170,30594,7900.0,16595.688172119528,9.525542031042278,155991.02079099976,9.216146170791758
1728816775,5420,,Aggregated,533.800000,436.500000,7900,7900,8000,11000,75000,75000,75000,75000,125000,145000,156000,77742,31072,7900.0,16534.88331020614,9.525542031042278,155991.02079099976,9.165148825602634
1728816776,5430,,Aggregated,542.600000,445.500000,7900,7900,8000,11000,75000,75000,75000,75000,124000,145000,156000,78314,31547,7900.0,16471.567074541057,9.525542031042278,155991.02079099976,9.115471052429962
1728816777,5440,,Aggregated,542.500000,445.700000,7900,7900,8000,11000,75000,75000,75000,75000,124000,145000,156000,78874,32016,7900.0,16409.693868572336,9.525542031042278,155991.02079099976,9.072558764611912
1728816778,5450,,Aggregated,544.200000,447.100000,7900,7900,8000,11000,75000,75000,75000,75000,124000,145000,156000,79411,32468,7900.0,16347.398119958061,9.525542031042278,155991.02079099976,9.02606691768143
1728816779,5460,,Aggregated,548.400000,450.800000,7900,7900,8000,11000,75000,75000,75000,75000,124000,145000,156000,79947,32907,7900.0,16291.161107191763,9.525542031042278,155991.02079099976,8.984427183008743
1728816780,5470,,Aggregated,537.500000,440.800000,7900,7900,8000,11000,75000,75000,75000,75000,124000,141000,156000,80513,33402,7900.0,16230.738927527229,9.525542031042278,155991.02079099976,8.933575944257448
1728816781,5480,,Aggregated,545.900000,449.500000,7900,7900,7900,11000,75000,75000,75000,75000,123000,141000,156000,81043,33867,7900.0,16173.922282507863,9.525542031042278,155991.02079099976,8.886294929852054
1728816782,5490,,Aggregated,545.700000,449.900000,7900,7900,7900,10000,75000,75000,75000,75000,123000,141000,156000,81560,34315,7900.0,16120.15897318733,9.525542031042278,155991.02079099976,8.841760666993624
1728816783,5500,,Aggregated,542.800000,449.400000,7900,7900,7900,10000,75000,75000,75000,75000,124000,145000,156000,82067,34739,7900.0,16071.062882080487,9.525542031042278,156137.3388330685,8.805134828859346
1728816784,5510,,Aggregated,540.100000,450.500000,7900,7900,7900,10000,75000,75000,75000,75000,125000,145000,156000,82595,35171,7900.0,16022.164560805104,9.525542031042278,156137.3388330685,8.7726375688601
1728816785,5520,,Aggregated,542.300000,457.100000,7900,7900,7900,10000,75000,75000,75000,75000,125000,145000,156000,83137,35625,7900.0,15970.602194510544,9.525542031042278,156137.3388330685,8.730156248120572
1728816786,5530,,Aggregated,537.800000,453.600000,7900,7900,7900,10000,75000,75000,75000,75000,125000,145000,156000,83604,36014,7900.0,15922.351442150191,9.525542031042278,156137.3388330685,8.694368690493278
1728816787,5540,,Aggregated,543.000000,458.800000,7900,7900,7900,10000,75000,75000,75000,75000,125000,145000,156000,84081,36360,7900.0,15888.594576927522,9.525542031042278,156137.3388330685,8.666702346546781
1728816788,5550,,Aggregated,529.100000,445.200000,7900,7900,7900,10000,75000,75000,75000,75000,125000,145000,156000,84177,36360,7900.0,15882.000979602688,9.525542031042278,156137.3388330685,8.672689689582665
1728816789,5560,,Aggregated,543.300000,458.700000,7900,7900,7900,10000,75000,75000,75000,75000,125000,145000,156000,84300,36386,7900.0,15869.043249462762,9.525542031042278,156137.3388330685,8.67608540925267
1728816790,5570,,Aggregated,517.600000,431.100000,7900,7900,8000,10000,75000,75000,75000,75000,125000,145000,156000,85084,37069,7900.0,15798.033407019835,9.525542031042278,156137.3388330685,8.612676884020498
1728816791,5580,,Aggregated,466.700000,380.500000,7900,7900,8000,10000,75000,75000,75000,75000,125000,145000,156000,85970,37844,7900.0,15727.806792883068,9.525542031042278,156137.3388330685,8.54187507269978
1728816792,5590,,Aggregated,431.400000,344.700000,7900,7900,8000,11000,75000,75000,75000,75000,124000,145000,156000,86567,38336,7900.0,15687.907369575436,9.525542031042278,156137.3388330685,8.499832499682327
1728816793,5600,,Aggregated,458.400000,368.400000,7900,7900,8000,11000,75000,75000,75000,75000,124000,145000,156000,87151,38827,7900.0,15643.3985466373,9.525542031042278,156137.3388330685,8.457699854275912
1728816794,5610,,Aggregated,491.000000,396.800000,7900,7900,8100,11000,75000,75000,75000,75000,124000,145000,156000,87696,39280,7900.0,15605.072407180605,9.525542031042278,156137.3388330685,8.419791096515235
1728816795,5620,,Aggregated,500.100000,401.800000,7900,7900,8100,10000,75000,75000,75000,75000,123000,145000,156000,88207,39704,7900.0,15570.796874755102,9.525542031042278,156137.3388330685,8.384754044463591
1728816796,5630,,Aggregated,505.600000,406.500000,7900,7900,8200,10000,75000,75000,75000,75000,123000,145000,156000,88795,40166,7900.0,15527.241842660309,9.525542031042278,156137.3388330685,8.348961090151473
1728816797,5640,,Aggregated,503.100000,404.600000,7900,7900,8500,10000,75000,75000,75000,75000,123000,145000,156000,89548,40822,7900.0,15468.56990269586,9.525542031042278,156137.3388330685,8.293842408540671
1728816798,5650,,Aggregated,505.900000,407.900000,7900,7900,8700,10000,75000,75000,75000,75000,123000,145000,156000,89836,41018,7900.0,15442.612417510589,9.525542031042278,156137.3388330685,8.281501847811567
1728816799,5660,,Aggregated,499.600000,398.400000,7900,7900,8600,10000,75000,75000,75000,75000,123000,145000,156000,90106,41182,7900.0,15416.568207491156,9.525542031042278,156137.3388330685,8.273033982198744
1728816800,5670,,Aggregated,551.500000,451.100000,7900,7900,8400,10000,75000,75000,75000,75000,123000,145000,156000,90809,41782,7900.0,15360.886995781217,9.525542031042278,156137.3388330685,8.235340109460516
1728816801,5680,,Aggregated,566.500000,466.200000,7900,7900,8200,10000,75000,75000,75000,75000,123000,145000,156000,91672,42538,7900.0,15292.841681592834,9.525542031042278,156137.3388330685,8.174011693865085
1728816802,5690,,Aggregated,578.700000,477.400000,7900,7900,8200,10000,75000,75000,75000,75000,123000,145000,156000,92305,43073,7900.0,15242.409530741987,9.525542031042278,156137.3388330685,8.143112507448134
1728816803,5700,,Aggregated,570.500000,469.200000,7900,7900,8100,9700,75000,75000,75000,75000,123000,145000,156000,92896,43567,7900.0,15193.221368141183,9.525542031042278,156137.3388330685,8.105860316913537
1728816804,5710,,Aggregated,567.900000,466.900000,7900,7900,8100,9600,75000,75000,75000,75000,123000,145000,156000,93265,43825,7900.0,15165.466197432555,9.525542031042278,156137.3388330685,8.093668578780893
1728816805,5720,,Aggregated,571.400000,471.500000,7900,7900,8100,9600,75000,75000,75000,75000,123000,145000,156000,93376,43826,7900.0,15159.066137330554,9.525542031042278,156137.3388330685,8.102135452364633
1728816806,5730,,Aggregated,568.100000,467.700000,7900,7900,8200,9500,75000,75000,75000,75000,123000,145000,156000,93871,44218,7900.0,15126.728428977578,9.525542031042278,156137.3388330685,8.074698256117438
1728816807,5740,,Aggregated,553.200000,450.700000,7900,7900,8500,9500,75000,75000,75000,75000,122000,145000,156000,94421,44668,7900.0,15091.647195153584,9.525542031042278,156137.3388330685,8.04238463901039
1728816808,5750,,Aggregated,516.700000,412.200000,7900,7900,8900,9500,75000,75000,75000,75000,122000,145000,156000,95068,45227,7900.0,15049.950067947599,9.525542031042278,156137.3388330685,8.00052593932764
1728816809,5760,,Aggregated,505.000000,403.200000,7900,7900,9000,9500,75000,75000,75000,75000,122000,145000,156000,95563,45631,7900.0,15020.472801717024,9.525542031042278,156137.3388330685,7.972363780961251
1728816810,5770,,Aggregated,488.000000,385.600000,7900,7900,9100,9500,75000,75000,75000,75000,122000,145000,156000,95904,45875,7900.0,14996.633266724428,9.525542031042278,156137.3388330685,7.958103937270604
1728816811,5780,,Aggregated,528.300000,426.600000,7900,7900,9200,9500,75000,75000,75000,75000,122000,145000,156000,96193,46060,7900.0,14977.863909084155,9.525542031042278,156137.3388330685,7.949258262035699
1728816812,5790,,Aggregated,540.700000,440.500000,7900,7900,9100,9500,75000,75000,75000,75000,122000,145000,156000,96302,46060,7900.0,14966.441941333353,9.525542031042278,156137.3388330685,7.956044526593425
1728816813,5800,,Aggregated,500.100000,400.700000,7900,7900,9100,9500,75000,75000,75000,75000,122000,145000,156000,96414,46060,7900.0,14954.620550026784,9.525542031042278,156137.3388330685,7.962972182463128
1728816814,5810,,Aggregated,446.100000,346.500000,7900,7900,9100,9500,75000,75000,75000,75000,122000,145000,156000,96526,46061,7900.0,14944.713509079456,9.525542031042278,156137.3388330685,7.971344508215403
1728816815,5820,,Aggregated,393.900000,293.600000,7900,7900,9100,9500,75000,75000,75000,75000,122000,145000,156000,96641,46061,7900.0,14936.508935174901,9.525542031042278,156137.3388330685,7.978435653604578
1728816816,5830,,Aggregated,350.700000,249.300000,7900,7900,9100,9500,75000,75000,75000,75000,122000,145000,156000,96738,46062,7900.0,14925.690707240497,9.525542031042278,156137.3388330685,7.985889722756311
1728816817,5840,,Aggregated,325.000000,223.500000,7900,7900,9100,9500,75000,75000,75000,75000,122000,145000,156000,96847,46062,7900.0,14912.134774229697,9.525542031042278,156137.3388330685,7.9925449420219525
1728816818,5850,,Aggregated,325.800000,223.500000,7900,7900,9100,9500,75000,75000,75000,75000,122000,145000,156000,96961,46062,7900.0,14902.058369734086,9.525542031042278,156137.3388330685,7.99947401532575
1728816819,5860,,Aggregated,282.600000,181.100000,7900,7900,9100,9500,75000,75000,75000,75000,121000,145000,156000,97070,46062,7900.0,14889.303836155568,9.525542031042278,156137.3388330685,8.006088389821779
1728816821,5870,,Aggregated,182.700000,77.400000,7900,7900,9200,9500,75000,75000,75000,75000,121000,145000,156000,97462,46381,7900.0,14892.177577099357,9.525542031042278,156137.3388330685,7.984311834355954
1728816822,5880,,Aggregated,150.100000,43.100000,7900,7900,9300,10000,75000,75000,75000,75000,121000,145000,156000,98525,47310,7900.0,14907.118936536317,9.525542031042278,156137.3388330685,7.917137782288759
1728816823,5890,,Aggregated,153.600000,48.800000,7900,7900,9300,10000,75000,75000,75000,75000,121000,145000,156000,99084,47775,7900.0,14914.43038295281,9.525542031042278,156137.3388330685,7.8856223002704775
1728816824,5900,,Aggregated,229.100000,122.300000,7900,7900,9300,11000,75000,75000,75000,75000,121000,145000,156000,99759,48343,7900.0,14920.949845662117,9.525542031042278,156137.3388330685,7.847171683757856
1728816825,5910,,Aggregated,273.800000,168.100000,7900,7900,9300,11000,75000,75000,75000,75000,121000,145000,156000,100120,48599,7900.0,14916.698040897854,9.525542031042278,156137.3388330685,7.83348981222533
1728816826,5920,,Aggregated,331.500000,226.500000,7900,7900,9300,11000,75000,75000,75000,75000,121000,145000,156000,100358,48736,7900.0,14909.589351056515,9.525542031042278,156137.3388330685,7.8288327786524246
1728816827,5930,,Aggregated,357.200000,252.600000,7900,7900,9300,11000,75000,75000,75000,75000,121000,145000,156000,100776,49067,7900.0,14914.437575453932,9.525542031042278,156137.3388330685,7.8131301103437325
1728816828,5940,,Aggregated,369.300000,266.200000,7900,7900,9300,11000,75000,75000,75000,75000,121000,145000,156000,101229,49428,7900.0,14917.501820405017,9.525542031042278,156137.3388330685,7.79081093362574
1728816829,5950,,Aggregated,400.500000,298.000000,7900,7900,9300,11000,75000,75000,75000,75000,121000,145000,156000,101332,49428,7900.0,14905.586925165464,9.525542031042278,156137.3388330685,7.797063119251569
1728816830,5960,,Aggregated,437.300000,336.600000,7900,7900,9300,11000,75000,75000,75000,75000,121000,145000,156000,101434,49428,7900.0,14893.939713714473,9.525542031042278,156137.3388330685,7.803162647632943
1728816831,5970,,Aggregated,436.300000,336.600000,7900,7900,9300,11000,75000,75000,75000,75000,121000,145000,156000,101528,49428,7900.0,14884.29695743451,9.525542031042278,156137.3388330685,7.808840910881727
1728816832,5980,,Aggregated,435.500000,336.600000,7900,7900,9300,11000,75000,75000,75000,75000,121000,145000,156000,101627,49428,7900.0,14874.798223458092,9.525542031042278,156137.3388330685,7.8148031527054815
1728816833,5990,,Aggregated,405.700000,304.800000,7900,7900,9300,11000,75000,75000,75000,75000,121000,145000,156000,101730,49428,7900.0,14863.512570464662,9.525542031042278,156137.3388330685,7.820967266293128
1728816834,6000,,Aggregated,312.700000,214.500000,7900,7900,9300,11000,75000,75000,75000,75000,121000,145000,156000,101836,49428,7900.0,14852.531740216202,9.525542031042278,156137.3388330685,7.82734003692211
1728816835,6010,,Aggregated,267.800000,168.700000,7900,7900,9300,11000,75000,75000,75000,75000,121000,145000,156000,101932,49428,7900.0,14847.727128107388,9.525542031042278,156137.3388330685,7.833104422556214
1728816836,6020,,Aggregated,209.500000,110.300000,7900,7900,9300,11000,75000,75000,75000,75000,121000,145000,156000,102034,49428,7900.0,14838.271760422915,9.525542031042278,156137.3388330685,7.839210459258679
1728816837,6030,,Aggregated,182.500000,84.100000,7900,7900,9300,11000,75000,75000,75000,75000,121000,145000,156000,102132,49431,7900.0,14834.752745887192,9.525542031042278,156137.3388330685,7.848999334194963
1728816838,6040,,Aggregated,168.700000,70.500000,7900,7900,9300,11000,75000,75000,75000,75000,121000,145000,156000,102227,49431,7900.0,14828.756214284424,9.525542031042278,156137.3388330685,7.8546078824576675
1728816839,6050,,Aggregated,138.200000,38.900000,7900,7900,9300,11000,75000,75000,75000,75000,121000,145000,156000,102316,49432,7900.0,14821.425636576723,9.525542031042278,156137.3388330685,7.861302240118848
1728816840,6060,,Aggregated,99.800000,0.300000,7900,7900,9300,11000,75000,75000,75000,75000,121000,145000,156000,102412,49434,7900.0,14815.15856243758,9.525542031042278,156137.3388330685,7.869810178494707
1728816841,6070,,Aggregated,97.900000,0.400000,7900,7900,9300,11000,75000,75000,75000,75000,121000,145000,156000,102488,49434,7900.0,14810.67620254312,9.525542031042278,156137.3388330685,7.8742974787292175
1728816842,6080,,Aggregated,98.100000,0.600000,7900,7900,9300,11000,75000,75000,75000,75000,121000,145000,156000,102682,49573,7900.0,14827.5873583214,9.525542031042278,156137.3388330685,7.866899748738825
1728816843,6090,,Aggregated,96.300000,0.600000,7900,7900,9300,11000,75000,75000,75000,75000,121000,145000,156000,103432,50247,7900.0,14931.721506713331,9.525542031042278,156137.3388330685,7.822956145100163
1728816844,6100,,Aggregated,106.200000,14.500000,7900,7900,9400,11000,75000,75000,75000,75000,121000,145000,156000,103877,50598,7900.0,14982.842034147827,9.525542031042278,156137.3388330685,7.8081480982315625
1728816845,6110,,Aggregated,165.900000,78.000000,7900,7900,9500,12000,75000,75000,75000,75000,121000,145000,156000,104228,50838,7900.0,15014.970005365314,9.525542031042278,156137.3388330685,7.7966957055685615
1728816846,6120,,Aggregated,201.000000,114.200000,7900,7900,9500,12000,75000,75000,75000,75000,121000,145000,156000,104445,50956,7900.0,15027.917227962978,9.525542031042278,156137.3388330685,7.793633012590359
1728816847,6130,,Aggregated,225.700000,138.200000,7900,7900,9500,12000,75000,75000,75000,75000,121000,145000,156000,104556,50971,7900.0,15022.317586286781,9.525542031042278,156137.3388330685,7.798165576341865
1728816848,6140,,Aggregated,239.900000,152.100000,7900,7900,9500,12000,75000,75000,75000,75000,121000,145000,156000,104650,50983,7900.0,15021.744702561415,9.525542031042278,156137.3388330685,7.805112279025322
1728816849,6150,,Aggregated,241.600000,154.000000,7900,7900,9500,12000,75000,75000,75000,75000,121000,145000,156000,104755,50993,7900.0,15014.40995600818,9.525542031042278,156137.3388330685,7.809908834900482
1728816850,6160,,Aggregated,242.000000,155.200000,7900,7900,9500,12000,75000,75000,75000,75000,121000,145000,156000,104862,51003,7900.0,15006.953303750981,9.525542031042278,156137.3388330685,7.814804218878145
1728816851,6170,,Aggregated,243.300000,156.100000,7900,7900,9500,12000,75000,75000,75000,75000,121000,145000,156000,104961,51013,7900.0,15000.911129587188,9.525542031042278,156137.3388330685,7.819256676289289
1728816852,6180,,Aggregated,244.000000,156.900000,7900,7900,9500,12000,75000,75000,75000,75000,121000,145000,156000,105069,51023,7900.0,14995.90154001632,9.525542031042278,156137.3388330685,7.824210756740809
1728816853,6190,,Aggregated,244.000000,156.900000,7900,7900,9500,12000,75000,75000,75000,75000,121000,145000,156000,105165,51037,7900.0,14991.801857727263,9.525542031042278,156137.3388330685,7.832501307469215
1728816854,6200,,Aggregated,236.900000,145.000000,7900,7900,9500,12000,75000,75000,75000,75000,121000,145000,156000,105570,51304,7900.0,15021.92916230506,8.567583980038762,156137.3388330685,7.823662025196552
1728816855,6210,,Aggregated,178.600000,82.900000,7900,7900,9500,14000,75000,75000,75000,75000,121000,145000,156000,106263,51893,7900.0,15108.179671691136,8.567583980038762,156137.3388330685,7.78764951111864
1728816856,6220,,Aggregated,156.600000,60.300000,7900,7900,9500,15000,75000,75000,75000,75000,121000,145000,156000,107014,52542,7900.0,15201.063783165426,8.567583980038762,156137.3388330685,7.746266843590559
1728816857,6230,,Aggregated,181.400000,85.600000,7900,7900,9500,16000,75000,75000,75000,75000,121000,145000,156000,107647,53081,7900.0,15277.728516502608,8.567583980038762,156137.3388330685,7.712820608098693
1728816858,6240,,Aggregated,233.400000,137.600000,7900,7900,9500,17000,75000,75000,75000,75000,121000,145000,156000,108150,53486,7900.0,15329.535092990787,8.567583980038762,156137.3388330685,7.690966250577901
1728816859,6250,,Aggregated,291.100000,195.500000,7900,7900,9500,18000,75000,75000,75000,75000,121000,145000,156000,108450,53683,7900.0,15349.24440854506,8.567583980038762,156137.3388330685,7.682932226832642
1728816860,6260,,Aggregated,336.300000,239.000000,7900,7900,9700,18000,75000,75000,75000,75000,121000,145000,156000,108800,53925,7900.0,15375.115680568331,8.567583980038762,156137.3388330685,7.67203125
1728816861,6270,,Aggregated,362.600000,264.400000,7900,8000,10000,18000,75000,75000,75000,75000,121000,145000,156000,109267,54288,7900.0,15421.952942820933,8.567583980038762,156137.3388330685,7.652511737304035
1728816862,6280,,Aggregated,382.200000,283.300000,7900,8000,10000,18000,75000,75000,75000,75000,121000,145000,156000,109562,54477,7900.0,15440.059754767542,8.567583980038762,156137.3388330685,7.645360617732425
1728816863,6290,,Aggregated,417.500000,316.500000,7900,8000,10000,18000,75000,75000,75000,75000,121000,145000,156000,109682,54500,7900.0,15433.085342746617,8.567583980038762,156137.3388330685,7.649286118050364
1728816864,6300,,Aggregated,442.500000,340.700000,7900,8000,10000,18000,75000,75000,75000,75000,121000,145000,156000,109798,54510,7900.0,15423.200593923002,8.567583980038762,156137.3388330685,7.654629410371774
1728816865,6310,,Aggregated,448.000000,346.300000,7900,8000,10000,18000,75000,75000,75000,75000,121000,145000,156000,109913,54520,7900.0,15413.434302405989,8.567583980038762,156137.3388330685,7.659876447735937
1728816866,6320,,Aggregated,435.100000,333.700000,7900,8000,10000,18000,75000,75000,75000,75000,120000,145000,156000,110018,54530,7900.0,15408.060990221446,8.567583980038762,156137.3388330685,7.664600338126489
1728816867,6330,,Aggregated,387.700000,285.400000,7900,8000,10000,18000,75000,75000,75000,75000,120000,145000,156000,110124,54540,7900.0,15399.163482392334,8.567583980038762,156137.3388330685,7.6693091424212705
1728816868,6340,,Aggregated,322.600000,220.500000,7900,8000,10000,18000,75000,75000,75000,75000,120000,145000,156000,110225,54550,7900.0,15394.155989246026,8.567583980038762,156137.3388330685,7.67381265593105
1728816869,6350,,Aggregated,263.600000,161.400000,7900,8000,10000,18000,74000,75000,75000,75000,120000,145000,156000,110327,54561,7900.0,15390.715308062405,8.567583980038762,156137.3388330685,7.679597922539361
1728816870,6360,,Aggregated,218.900000,117.700000,7900,8000,10000,18000,74000,75000,75000,75000,120000,145000,156000,110418,54571,7900.0,15387.706378058941,8.567583980038762,156137.3388330685,7.683448350812368
1728816871,6370,,Aggregated,193.000000,92.400000,7900,8000,10000,18000,74000,75000,75000,75000,120000,145000,156000,110532,54581,7900.0,15380.98536559111,8.567583980038762,156137.3388330685,7.688624108855354
1728816872,6380,,Aggregated,172.200000,73.500000,7900,8000,10000,18000,74000,75000,75000,75000,120000,145000,156000,110663,54605,7900.0,15379.57944033364,8.567583980038762,156137.3388330685,7.713201341008286
1728816873,6390,,Aggregated,136.000000,39.300000,7900,8000,10000,18000,73000,75000,75000,75000,120000,145000,156000,110780,54615,7900.0,15373.98688946768,8.567583980038762,156137.3388330685,7.71853222603358
1728816874,6400,,Aggregated,114.800000,17.500000,7900,8000,10000,18000,73000,75000,75000,75000,120000,145000,156000,110900,54626,7900.0,15366.479408695312,8.567583980038762,156137.3388330685,7.723859332732191
1728816875,6410,,Aggregated,109.300000,11.500000,7900,8000,10000,18000,72000,75000,75000,75000,120000,145000,156000,111157,54773,7900.0,15377.089715519332,8.567583980038762,156137.3388330685,7.7197657367507215
1728816876,6420,,Aggregated,109.400000,10.700000,7900,8000,10000,18000,72000,75000,75000,75000,120000,145000,156000,111767,55278,7900.0,15432.321198386324,8.567583980038762,156137.3388330685,7.690695822559432
1728816877,6430,,Aggregated,113.300000,14.900000,7900,8000,11000,18000,70000,75000,75000,75000,120000,145000,156000,112636,56040,7900.0,15501.64069853553,8.567583980038762,156137.3388330685,7.644580773464967
1728816878,6440,,Aggregated,148.200000,48.600000,7900,8000,11000,18000,69000,75000,75000,75000,120000,145000,156000,113605,56905,7900.0,15565.878093262127,8.567583980038762,156137.3388330685,7.593415782756041
1728816879,6450,,Aggregated,214.900000,114.800000,7900,8000,11000,18000,68000,75000,75000,75000,120000,145000,156000,114515,57718,7900.0,15610.80198079861,8.567583980038762,156137.3388330685,7.54483692092739
1728816880,6460,,Aggregated,301.700000,200.400000,7900,8100,11000,18000,68000,75000,75000,75000,120000,145000,156000,115227,58344,7900.0,15640.688065672504,8.567583980038762,156137.3388330685,7.508561361486457
1728816881,6470,,Aggregated,387.600000,285.700000,7900,8100,12000,21000,67000,75000,75000,75000,120000,145000,156000,115725,58751,7900.0,15652.300307584974,8.567583980038762,156137.3388330685,7.487198098941456
1728816882,6480,,Aggregated,459.000000,356.000000,7900,8200,12000,21000,67000,75000,75000,75000,120000,145000,156000,116074,59021,7900.0,15659.618535584457,8.567583980038762,156137.3388330685,7.474154418732877
1728816883,6490,,Aggregated,508.700000,404.700000,7900,8200,12000,21000,66000,75000,75000,75000,120000,145000,156000,116503,59341,7900.0,15666.606023380751,8.567583980038762,156137.3388330685,7.459670566423182
1728816884,6500,,Aggregated,529.200000,430.100000,7900,8300,14000,21000,66000,75000,75000,75000,120000,145000,156000,116953,59668,7900.0,15671.469005956526,8.567583980038762,156137.3388330685,7.445623455576172
1728816885,6510,,Aggregated,556.100000,457.200000,7900,8500,14000,21000,66000,75000,75000,75000,119000,145000,156000,117252,59854,7900.0,15669.803008815521,8.567583980038762,156137.3388330685,7.440035137993382
1728816886,6520,,Aggregated,592.100000,492.200000,7900,8500,14000,21000,66000,75000,75000,75000,119000,145000,156000,117398,59907,7900.0,15664.911693904543,8.567583980038762,156137.3388330685,7.441838872893916
1728816887,6530,,Aggregated,612.900000,511.400000,7900,8500,14000,21000,66000,75000,75000,75000,119000,145000,156000,117514,59932,7900.0,15661.427145722013,8.567583980038762,156137.3388330685,7.452924757901187
1728816888,6540,,Aggregated,587.200000,487.300000,7900,8500,14000,21000,66000,75000,75000,75000,119000,145000,156000,117629,59954,7900.0,15652.551040453858,8.567583980038762,156137.3388330685,7.456630592795994
1728816889,6550,,Aggregated,521.500000,423.000000,7900,8500,14000,21000,66000,75000,75000,75000,119000,145000,156000,117747,59974,7900.0,15643.198510959244,8.567583980038762,156137.3388330685,7.460725114015644
1728816890,6560,,Aggregated,436.000000,338.500000,7900,8500,14000,21000,66000,75000,75000,75000,119000,145000,156000,117862,59991,7900.0,15634.919653162517,8.567583980038762,156137.3388330685,7.464992957865979
1728816891,6570,,Aggregated,351.800000,254.200000,7900,8400,14000,21000,66000,75000,75000,75000,119000,145000,156000,117979,60012,7900.0,15627.696449959312,8.567583980038762,156137.3388330685,7.468939387518118
1728816892,6580,,Aggregated,282.300000,184.600000,7900,8400,14000,21000,66000,75000,75000,75000,119000,145000,156000,118092,60030,7900.0,15618.589406262683,8.567583980038762,156137.3388330685,7.473004098499475
1728816893,6590,,Aggregated,234.800000,138.100000,7900,8400,14000,21000,65000,75000,75000,75000,119000,145000,156000,118203,60050,7900.0,15610.978486617989,8.567583980038762,156137.3388330685,7.476688408923631
1728816894,6600,,Aggregated,211.700000,111.000000,7900,8400,14000,21000,65000,75000,75000,75000,119000,145000,156000,118314,60072,7900.0,15603.561842976476,8.567583980038762,156137.3388330685,7.480120695775648
1728816895,6610,,Aggregated,184.700000,84.900000,7900,8400,14000,21000,65000,75000,75000,75000,119000,145000,156000,118419,60093,7900.0,15598.441267990178,8.567583980038762,156137.3388330685,7.4833430446127736
1728816896,6620,,Aggregated,148.900000,51.700000,7900,8400,14000,21000,65000,75000,75000,75000,119000,145000,156000,118521,60113,7900.0,15593.252096142276,8.567583980038762,156137.3388330685,7.486555125252065
1728816897,6630,,Aggregated,122.600000,29.600000,7900,8400,14000,21000,65000,75000,75000,75000,119000,145000,156000,118661,60169,7900.0,15587.880738585562,8.567583980038762,156137.3388330685,7.487582272187155
1728816898,6640,,Aggregated,113.100000,20.900000,7900,8600,15000,21000,65000,75000,75000,75000,119000,145000,156000,118980,60393,7900.0,15589.276362721832,8.567583980038762,156137.3388330685,7.478618255168936
1728816899,6650,,Aggregated,112.100000,20.400000,7900,8900,16000,21000,64000,75000,75000,75000,118000,145000,156000,119632,60958,7900.0,15608.273412943254,8.567583980038762,156137.3388330685,7.447957068342919
1728816900,6660,,Aggregated,121.200000,29.800000,7900,9100,17000,21000,64000,75000,75000,75000,118000,145000,156000,120444,61704,7900.0,15635.425946397892,8.567583980038762,156137.3388330685,7.405358506857959
1728816901,6670,,Aggregated,157.000000,66.800000,7900,9200,18000,21000,63000,75000,75000,75000,118000,145000,156000,121232,62430,7900.0,15661.705658580166,8.567583980038762,156137.3388330685,7.364326250494919
1728816902,6680,,Aggregated,221.000000,132.200000,7900,9300,18000,21000,62000,75000,75000,75000,116000,145000,156000,122171,63326,7900.0,15697.150090770667,8.567583980038762,156137.3388330685,7.312627382930483
1728816903,6690,,Aggregated,299.800000,213.900000,7900,9300,18000,21000,60000,75000,75000,75000,116000,145000,156000,122810,63917,7900.0,15718.216290816277,8.567583980038762,156137.3388330685,7.2800179138506635
1728816904,6700,,Aggregated,375.200000,294.100000,7900,9300,18000,21000,58000,75000,75000,75000,116000,145000,156000,123282,64342,7900.0,15733.597904409658,8.567583980038762,156137.3388330685,7.2587482357521775
1728816905,6710,,Aggregated,435.600000,359.800000,7900,9300,18000,21000,57000,75000,75000,75000,116000,145000,156000,123649,64654,7900.0,15741.939881199474,8.567583980038762,156137.3388330685,7.243398652637708
1728816906,6720,,Aggregated,468.500000,398.200000,7900,9300,18000,21000,57000,75000,75000,75000,116000,145000,156000,124042,64978,7900.0,15750.295943820865,8.567583980038762,156137.3388330685,7.228204962835169
1728816907,6730,,Aggregated,509.400000,440.600000,7900,9300,18000,21000,56000,75000,75000,75000,116000,145000,156000,124405,65285,7900.0,15758.852577821823,8.567583980038762,156137.3388330685,7.213383706442667
1728816908,6740,,Aggregated,535.900000,469.700000,7900,9300,18000,21000,56000,75000,75000,75000,116000,145000,156000,124641,65456,7900.0,15761.097038882715,8.567583980038762,156137.3388330685,7.206962396001316
1728816909,6750,,Aggregated,564.500000,500.800000,7900,9300,18000,21000,56000,75000,75000,75000,116000,145000,156000,124764,65517,7900.0,15759.402031466494,8.567583980038762,156137.3388330685,7.206814465711263
1728816910,6760,,Aggregated,573.900000,513.300000,7900,9300,18000,21000,56000,75000,75000,75000,116000,145000,156000,124908,65558,7900.0,15752.45331404959,8.567583980038762,156137.3388330685,7.209938514746853
1728816911,6770,,Aggregated,544.400000,486.000000,7900,9300,18000,21000,56000,75000,75000,75000,116000,145000,156000,125017,65586,7900.0,15749.145279440138,8.567583980038762,156137.3388330685,7.2126750761896385
1728816912,6780,,Aggregated,479.800000,423.200000,7900,9300,18000,21000,55000,75000,75000,75000,116000,145000,156000,125137,65619,7900.0,15748.361587908123,8.567583980038762,156137.3388330685,7.220206653507756
1728816913,6790,,Aggregated,400.600000,342.300000,7900,9300,18000,21000,55000,75000,75000,75000,116000,145000,156000,125253,65648,7900.0,15741.825887933957,8.567583980038762,156137.3388330685,7.223164315425579
1728816914,6800,,Aggregated,324.700000,263.000000,7900,9300,18000,21000,55000,75000,75000,75000,116000,145000,156000,125372,65680,7900.0,15740.439501388015,8.567583980038762,156137.3388330685,7.225959544395878
1728816915,6810,,Aggregated,265.000000,198.800000,7900,9300,18000,21000,55000,75000,75000,75000,116000,145000,156000,125497,65712,7900.0,15737.476762077122,8.567583980038762,156137.3388330685,7.232921902515598
1728816916,6820,,Aggregated,232.700000,161.200000,7900,9300,18000,21000,55000,75000,75000,75000,116000,145000,156000,125612,65742,7900.0,15733.690154592286,8.567583980038762,156137.3388330685,7.23568608094768
1728816917,6830,,Aggregated,193.100000,119.800000,7900,9300,18000,21000,52000,75000,75000,75000,116000,145000,156000,125721,65774,7900.0,15728.726175096881,8.567583980038762,156137.3388330685,7.237947518712069
1728816918,6840,,Aggregated,168.300000,92.000000,7900,9300,18000,21000,51000,75000,75000,75000,116000,145000,156000,125825,65799,7900.0,15723.350095480293,8.567583980038762,156137.3388330685,7.241986886548778
1728816919,6850,,Aggregated,141.000000,61.900000,7900,9300,18000,21000,50000,75000,75000,75000,116000,145000,156000,125960,65848,7900.0,15717.301537671152,8.567583980038762,156137.3388330685,7.24373610670054
1728816920,6860,,Aggregated,121.400000,40.700000,7900,9300,18000,21000,49000,75000,75000,75000,113000,145000,156000,126182,65979,7900.0,15714.59734432356,8.567583980038762,156137.3388330685,7.241024868840246
1728816921,6870,,Aggregated,113.900000,31.500000,7900,9300,18000,21000,45000,75000,75000,75000,113000,145000,156000,126623,66328,7900.0,15721.066610855865,8.567583980038762,156137.3388330685,7.22596210798986
1728816922,6880,,Aggregated,116.300000,32.300000,7900,9400,18000,21000,40000,75000,75000,75000,111000,145000,156000,127392,67002,7900.0,15742.14650412547,8.567583980038762,156137.3388330685,7.192767206731977
1728816923,6890,,Aggregated,130.600000,45.500000,7900,9500,21000,21000,39000,75000,75000,75000,111000,145000,156000,128267,67783,7900.0,15765.370265227079,8.567583980038762,156137.3388330685,7.1539133214310775
1728816924,6900,,Aggregated,167.300000,81.000000,7900,9500,21000,21000,38000,75000,75000,75000,111000,145000,156000,128979,68423,7900.0,15785.159175154395,8.567583980038762,156137.3388330685,7.122205940501942
1728816925,6910,,Aggregated,235.300000,148.300000,7900,9500,21000,21000,35000,75000,75000,75000,110000,142000,156000,130072,69392,7900.0,15817.4459125046,8.567583980038762,156137.3388330685,7.075596592656375
1728816926,6920,,Aggregated,311.900000,224.400000,7900,9500,21000,21000,34000,75000,75000,75000,110000,142000,156000,130695,69927,7900.0,15830.608334212038,8.567583980038762,156137.3388330685,7.051241439993879
1728816927,6930,,Aggregated,365.500000,277.300000,7900,9500,21000,21000,34000,75000,75000,75000,110000,142000,156000,131140,70286,7900.0,15838.835031297749,8.567583980038762,156137.3388330685,7.036380966905597
1728816928,6940,,Aggregated,458.400000,369.300000,7900,9500,21000,21000,34000,75000,75000,75000,111000,142000,156000,131552,70624,7900.0,15855.674352465498,8.567583980038762,156137.3388330685,7.022166139625395
1728816929,6950,,Aggregated,508.500000,419.200000,7900,9700,21000,21000,33000,75000,75000,75000,111000,142000,156000,131977,70941,7900.0,15859.38841647408,8.567583980038762,156137.3388330685,7.01094887745592
1728816930,6960,,Aggregated,541.500000,451.600000,7900,9900,21000,21000,33000,75000,75000,75000,110000,142000,156000,132304,71184,7900.0,15864.612617844137,8.567583980038762,156137.3388330685,7.004776877494256
1728816931,6970,,Aggregated,573.000000,482.900000,7900,9900,21000,21000,32000,75000,75000,75000,110000,142000,156000,132523,71310,7900.0,15861.039836761367,8.567583980038762,156137.3388330685,7.002995706405681
1728816932,6980,,Aggregated,601.100000,509.500000,7900,10000,21000,21000,32000,75000,75000,75000,110000,142000,156000,132697,71376,7900.0,15854.192194827046,8.567583980038762,156137.3388330685,7.0099625462519874
1728816933,6990,,Aggregated,608.200000,517.100000,7900,10000,21000,21000,32000,75000,75000,75000,110000,142000,156000,132844,71433,7900.0,15848.97907918662,8.567583980038762,156137.3388330685,7.02180753364849
1728816934,7000,,Aggregated,582.300000,491.500000,7900,10000,21000,21000,32000,75000,75000,75000,110000,142000,156000,132968,71464,7900.0,15844.132970467504,8.567583980038762,156137.3388330685,7.024930810420552
1728816935,7010,,Aggregated,519.400000,427.300000,7900,10000,21000,21000,32000,75000,75000,75000,110000,142000,156000,133112,71502,7900.0,15836.853263362818,8.567583980038762,156137.3388330685,7.028412164192559
1728816936,7020,,Aggregated,445.700000,353.900000,7900,10000,21000,21000,32000,75000,75000,75000,110000,142000,156000,133255,71553,7900.0,15832.697194127137,8.567583980038762,156137.3388330685,7.036141232974373
1728816937,7030,,Aggregated,392.800000,300.800000,7900,10000,21000,21000,32000,75000,75000,75000,110000,142000,156000,133380,71591,7900.0,15825.597249949322,8.567583980038762,156137.3388330685,7.041033138401559
1728816939,7040,,Aggregated,302.100000,209.400000,7900,10000,21000,21000,32000,75000,75000,75000,110000,142000,156000,133516,71635,7900.0,15819.13438864251,8.567583980038762,156137.3388330685,7.0434404865334495
1728816940,7050,,Aggregated,254.200000,161.200000,7900,10000,21000,21000,32000,75000,75000,75000,110000,142000,156000,133655,71678,7900.0,15814.895082700814,8.567583980038762,156137.3388330685,7.04612622049306
1728816941,7060,,Aggregated,194.700000,100.300000,7900,10000,21000,21000,32000,75000,75000,75000,110000,142000,156000,133784,71718,7900.0,15811.886228074798,8.567583980038762,156137.3388330685,7.050843150152485
1728816942,7070,,Aggregated,167.000000,72.900000,7900,10000,21000,21000,32000,75000,75000,75000,110000,142000,156000,133914,71758,7900.0,15805.86512791107,8.567583980038762,156137.3388330685,7.056954463312275
1728816943,7080,,Aggregated,147.600000,53.100000,7900,10000,21000,21000,32000,75000,75000,75000,110000,142000,156000,134059,71828,7900.0,15803.753541714212,8.567583980038762,156137.3388330685,7.057109183270053
1728816944,7090,,Aggregated,138.400000,44.500000,7900,10000,21000,21000,32000,75000,75000,75000,110000,142000,156000,134592,72274,7900.0,15800.904759879524,8.567583980038762,156137.3388330685,7.038152341892535
1728816945,7100,,Aggregated,135.900000,45.000000,7900,10000,21000,21000,32000,75000,75000,75000,110000,142000,156000,135425,73000,7900.0,15800.485677154422,8.567583980038762,156137.3388330685,7.005877792135869
1728816946,7110,,Aggregated,173.300000,83.100000,7900,11000,21000,21000,32000,75000,75000,75000,110000,142000,156000,136274,73742,7900.0,15811.624773313766,8.567583980038762,156137.3388330685,6.9801796380821
1728816947,7120,,Aggregated,244.000000,152.500000,7900,11000,21000,21000,32000,75000,75000,75000,109000,142000,156000,137370,74763,7900.0,15836.478748625346,8.567583980038762,156137.3388330685,6.932095799665138
1728816948,7130,,Aggregated,244.000000,152.500000,7900,11000,21000,21000,32000,75000,75000,75000,109000,142000,156000,138056,75395,7900.0,15853.447097884864,8.567583980038762,156137.3388330685,6.903090050414325
1728816949,7140,,Aggregated,409.700000,319.700000,7900,11000,21000,21000,32000,75000,75000,75000,109000,142000,156000,139187,76406,7900.0,15878.130002715854,8.567583980038762,156137.3388330685,6.858966713845402
1728816950,7150,,Aggregated,467.600000,380.400000,7900,12000,21000,21000,32000,75000,75000,75000,109000,142000,156000,139841,77005,7900.0,15893.472348180672,8.567583980038762,156137.3388330685,6.832338155476577
1728816951,7160,,Aggregated,566.400000,477.000000,7900,12000,21000,21000,32000,75000,75000,75000,108000,141000,156000,140220,77319,7900.0,15899.939675781972,8.567583980038762,156137.3388330685,6.822614462986735
1728816952,7170,,Aggregated,615.500000,529.700000,7900,13000,21000,21000,32000,75000,75000,75000,108000,141000,156000,140753,77684,7900.0,15897.199622817234,8.567583980038762,156137.3388330685,6.816778327993009
1728816953,7180,,Aggregated,643.400000,559.800000,7900,13000,21000,21000,32000,75000,75000,75000,108000,141000,156000,140922,77742,7900.0,15889.29530727767,8.567583980038762,156137.3388330685,6.825967556520628
1728816954,7190,,Aggregated,682.000000,592.100000,7900,13000,21000,21000,32000,75000,75000,75000,108000,141000,156000,141085,77801,7900.0,15878.914534617881,8.567583980038762,156137.3388330685,6.828330439096998
1728816955,7200,,Aggregated,681.900000,590.600000,7900,13000,21000,21000,32000,75000,75000,75000,108000,141000,156000,141210,77843,7900.0,15871.934835273009,8.567583980038762,156137.3388330685,6.830451101196799
1728816956,7210,,Aggregated,646.800000,552.500000,7900,13000,21000,21000,32000,75000,75000,75000,108000,141000,156000,141354,77898,7900.0,15862.824127646307,8.567583980038762,156137.3388330685,6.832279242186284
1728816957,7220,,Aggregated,577.100000,484.600000,7900,13000,21000,21000,32000,75000,75000,75000,108000,141000,156000,141443,77903,7900.0,15856.482549791137,8.567583980038762,156137.3388330685,6.8373832568596535
1728816958,7230,,Aggregated,508.500000,418.200000,7900,13000,21000,21000,32000,75000,75000,75000,108000,141000,156000,141537,77903,7900.0,15851.560746403606,8.567583980038762,156137.3388330685,6.842090760719811
1728816959,7240,,Aggregated,406.800000,315.200000,7900,13000,21000,21000,32000,75000,75000,75000,108000,141000,156000,141624,77903,7900.0,15846.557738057993,8.567583980038762,156137.3388330685,6.846424334858499
1728816960,7250,,Aggregated,345.400000,250.800000,7900,12000,21000,21000,32000,75000,75000,75000,108000,141000,156000,141710,77903,7900.0,15841.736116825325,8.567583980038762,156137.3388330685,6.850680968174441
1728816961,7260,,Aggregated,242.200000,149.800000,7900,12000,21000,21000,32000,75000,75000,75000,108000,141000,156000,141794,77906,7900.0,15841.727246945857,8.567583980038762,156137.3388330685,6.857751385813222
1728816962,7270,,Aggregated,188.500000,92.800000,7900,12000,21000,21000,32000,75000,75000,75000,108000,141000,156000,141846,77906,7900.0,15839.09879203728,8.567583980038762,156137.3388330685,6.860320347419032
1728816963,7280,,Aggregated,155.400000,58.700000,7900,13000,21000,21000,32000,75000,75000,75000,108000,141000,156000,141986,77977,7900.0,15836.839049338085,8.567583980038762,156137.3388330685,6.860317214373248
1728816964,7290,,Aggregated,109.800000,22.800000,7900,13000,21000,21000,32000,75000,75000,75000,108000,141000,156000,142380,78291,7900.0,15836.615129526455,8.567583980038762,156137.3388330685,6.849143138081192
1728816965,7300,,Aggregated,106.300000,21.800000,7900,13000,21000,21000,32000,75000,75000,75000,108000,141000,156000,143082,78909,7900.0,15843.276366228816,8.567583980038762,156137.3388330685,6.823702492277156
1728816966,7310,,Aggregated,119.500000,38.800000,7900,13000,21000,21000,32000,75000,75000,75000,108000,141000,156000,144018,79757,7900.0,15852.926584601175,8.567583980038762,156137.3388330685,6.788949992362066
1728816967,7320,,Aggregated,154.800000,75.900000,7900,14000,21000,21000,32000,75000,75000,75000,108000,141000,156000,145005,80660,7900.0,15864.917042818563,8.567583980038762,156137.3388330685,6.750801696493224
1728816968,7330,,Aggregated,242.000000,161.400000,7900,16000,21000,21000,32000,75000,75000,75000,108000,141000,156000,145968,81529,7900.0,15874.471115762177,8.567583980038762,156137.3388330685,6.715218404033761
1728816969,7340,,Aggregated,326.300000,246.100000,7900,17000,21000,21000,32000,75000,75000,75000,108000,141000,156000,146844,82317,7900.0,15882.242871287306,8.567583980038762,156137.3388330685,6.683514477949388
1728816970,7350,,Aggregated,419.400000,338.800000,7900,18000,21000,21000,32000,75000,75000,75000,108000,141000,156000,147624,83001,7900.0,15889.338752441005,8.567583980038762,156137.3388330685,6.657250853519753
1728816971,7360,,Aggregated,499.800000,419.200000,7900,18000,21000,21000,32000,75000,75000,75000,108000,141000,156000,148158,83473,7900.0,15897.741799846952,8.567583980038762,156137.3388330685,6.639067751994492
1728816972,7370,,Aggregated,551.300000,470.700000,7900,18000,21000,21000,32000,75000,75000,75000,108000,141000,156000,148573,83804,7900.0,15898.161221359267,8.567583980038762,156137.3388330685,6.628398161173295
1728816973,7380,,Aggregated,622.600000,542.200000,7900,18000,21000,21000,32000,75000,75000,75000,108000,141000,156000,148809,83950,7900.0,15896.538895903544,8.567583980038762,156137.3388330685,6.626326364668803
1728816974,7390,,Aggregated,666.200000,583.600000,7900,18000,21000,21000,32000,75000,75000,75000,108000,141000,156000,149017,84001,7900.0,15885.51287429686,8.567583980038762,156137.3388330685,6.63177355603723
1728816975,7400,,Aggregated,685.200000,599.100000,7900,18000,21000,21000,32000,75000,75000,75000,108000,141000,156000,149126,84001,7900.0,15880.382591296737,8.567583980038762,156137.3388330685,6.637118946394324
1728816976,7410,,Aggregated,672.000000,582.400000,7900,18000,21000,21000,32000,75000,75000,75000,108000,141000,156000,149206,84001,7900.0,15875.331839990053,8.567583980038762,156137.3388330685,6.641019798131443
1728816977,7420,,Aggregated,634.800000,540.700000,7900,18000,21000,21000,32000,75000,75000,75000,108000,141000,156000,149311,84025,7900.0,15869.488288220891,8.567583980038762,156137.3388330685,6.643884241616492
1728816978,7430,,Aggregated,543.400000,450.300000,7900,18000,21000,21000,32000,75000,75000,75000,108000,141000,156000,149475,84096,7900.0,15864.777757953769,8.567583980038762,156137.3388330685,6.6452450242515475
1728816979,7440,,Aggregated,456.100000,363.800000,7900,18000,21000,21000,32000,75000,75000,75000,108000,141000,156000,149628,84146,7900.0,15858.700020812239,8.567583980038762,156137.3388330685,6.6480271072259205
1728816980,7450,,Aggregated,368.800000,277.100000,7900,18000,21000,21000,32000,75000,75000,75000,108000,141000,156000,149767,84185,7900.0,15852.062498170573,8.567583980038762,156137.3388330685,6.6522131043554324
1728816981,7460,,Aggregated,295.700000,203.400000,7900,18000,21000,21000,32000,75000,75000,75000,108000,141000,156000,149875,84200,7900.0,15847.57426197116,8.567583980038762,156137.3388330685,6.6560600500417015
1728816982,7470,,Aggregated,249.200000,156.400000,7900,18000,21000,21000,32000,75000,75000,75000,108000,141000,156000,149992,84210,7900.0,15839.100574822602,8.567583980038762,156137.3388330685,6.6607685743239635
1728816983,7480,,Aggregated,182.300000,87.500000,7900,18000,21000,21000,32000,75000,75000,75000,108000,139000,156000,150097,84220,7900.0,15832.023879831875,8.567583980038762,156137.3388330685,6.6649166872089385
1728816984,7490,,Aggregated,143.500000,45.800000,7900,18000,21000,21000,32000,75000,75000,75000,108000,139000,156000,150206,84230,7900.0,15825.25510318771,8.567583980038762,156137.3388330685,6.669247566675099
1728816985,7500,,Aggregated,123.900000,26.700000,7900,18000,21000,21000,32000,75000,75000,75000,108000,139000,156000,150312,84244,7900.0,15818.694293065657,8.567583980038762,156137.3388330685,6.6730334238118045
1728816986,7510,,Aggregated,117.600000,21.900000,7900,18000,21000,21000,32000,75000,75000,75000,108000,139000,156000,150468,84311,7900.0,15814.636738481151,8.567583980038762,156137.3388330685,6.674336071457054
1728816987,7520,,Aggregated,116.900000,22.900000,7900,18000,21000,21000,32000,75000,75000,75000,108000,139000,156000,150771,84527,7900.0,15817.255518185937,8.567583980038762,156137.3388330685,6.668921742244861
1728816988,7530,,Aggregated,119.000000,25.400000,7900,18000,21000,21000,32000,75000,75000,75000,108000,139000,156000,151314,84982,7900.0,15828.283196129067,8.567583980038762,156137.3388330685,6.653085636491006
1728816989,7540,,Aggregated,132.700000,37.900000,7900,18000,21000,21000,32000,75000,75000,75000,108000,139000,156000,152083,85670,7900.0,15849.41332048152,8.567583980038762,156137.3388330685,6.626855072559064
1728816990,7550,,Aggregated,157.000000,61.400000,7900,18000,21000,21000,32000,75000,75000,75000,108000,139000,156000,153006,86514,7900.0,15876.453530232351,8.567583980038762,156137.3388330685,6.594061670784153
1728816991,7560,,Aggregated,211.600000,118.300000,7900,18000,21000,21000,32000,75000,75000,75000,108000,139000,156000,153800,87223,7900.0,15896.561877200538,8.567583980038762,156137.3388330685,6.567711313394018
1728816992,7570,,Aggregated,281.400000,189.100000,7900,18000,21000,21000,32000,75000,75000,75000,108000,139000,156000,154959,88300,7900.0,15931.94889744119,8.567583980038762,156137.3388330685,6.525945572699875
1728816993,7580,,Aggregated,365.800000,275.400000,7900,18000,21000,21000,32000,75000,75000,75000,107000,139000,156000,155663,88917,7900.0,15948.786639087633,8.567583980038762,156137.3388330685,6.504223868228159
1728816994,7590,,Aggregated,455.500000,366.800000,7900,18000,21000,21000,32000,75000,75000,75000,107000,139000,156000,155747,88917,7900.0,15943.407021405474,8.567583980038762,156137.3388330685,6.508208825852184
1728816995,7600,,Aggregated,528.100000,440.300000,7900,18000,21000,21000,32000,75000,75000,75000,107000,139000,156000,155836,88917,7900.0,15937.646166373093,8.567583980038762,156137.3388330685,6.512429733822737
1728816996,7610,,Aggregated,555.500000,469.700000,7900,18000,21000,21000,32000,75000,75000,75000,107000,139000,156000,155954,88917,7900.0,15929.017523521115,8.567583980038762,156137.3388330685,6.518024545699373
1728816997,7620,,Aggregated,554.200000,468.700000,7900,18000,21000,21000,32000,75000,75000,75000,107000,139000,156000,156062,88917,7900.0,15920.49749095848,8.567583980038762,156137.3388330685,6.523086978252233
1728816998,7630,,Aggregated,551.900000,466.200000,7900,18000,21000,21000,32000,75000,75000,75000,107000,139000,156000,156155,88917,7900.0,15914.087870089852,8.567583980038762,156137.3388330685,6.527469501456886
1728816999,7640,,Aggregated,543.600000,453.700000,7900,18000,21000,21000,32000,75000,75000,75000,107000,139000,156000,156257,88917,7900.0,15905.516535443792,8.567583980038762,156137.3388330685,6.532264154565875
1728817000,7650,,Aggregated,513.400000,424.100000,7900,18000,21000,21000,32000,75000,75000,75000,107000,139000,156000,156347,88917,7900.0,15898.672894918354,8.567583980038762,156137.3388330685,6.536518129545178
1728817001,7660,,Aggregated,452.100000,360.500000,7900,18000,21000,21000,32000,75000,75000,75000,107000,139000,156000,156440,88917,7900.0,15892.218607791612,8.567583980038762,156137.3388330685,6.5409166453592436
1728817002,7670,,Aggregated,377.900000,285.200000,7900,18000,21000,21000,32000,75000,75000,75000,107000,139000,156000,156541,88917,7900.0,15887.506503323946,8.567583980038762,156137.3388330685,6.54568451715525
1728817003,7680,,Aggregated,290.600000,196.300000,7900,18000,21000,21000,32000,75000,75000,75000,107000,139000,156000,156649,88917,7900.0,15878.241712359848,8.567583980038762,156137.3388330685,6.5507982815083405
1728817004,7690,,Aggregated,200.000000,104.900000,7900,18000,21000,21000,32000,75000,75000,75000,107000,139000,156000,156753,88917,7900.0,15871.32976436496,8.567583980038762,156137.3388330685,6.555683144820195
1728817005,7700,,Aggregated,127.100000,30.400000,7900,18000,21000,21000,32000,75000,75000,75000,107000,139000,156000,156859,88917,7900.0,15867.122987119266,8.567583980038762,156137.3388330685,6.560656385671208
1728817006,7710,,Aggregated,100.000000,0.000000,7900,18000,21000,21000,32000,75000,75000,75000,106000,139000,156000,157425,89367,7900.0,15911.542154887467,8.567583980038762,156137.3388330685,6.5473018897887885
1728817007,7720,,Aggregated,100.800000,0.000000,7900,18000,21000,21000,32000,75000,75000,75000,106000,139000,156000,157968,89809,7900.0,15954.716969505329,8.567583980038762,156137.3388330685,6.533703028461461
1728817008,7730,,Aggregated,111.200000,8.500000,7900,19000,21000,21000,32000,75000,75000,75000,106000,139000,156000,158485,90226,7900.0,15995.846493403613,8.567583980038762,156137.3388330685,6.521166040950248
1728817009,7740,,Aggregated,169.900000,69.300000,7900,19000,21000,21000,32000,75000,75000,75000,106000,139000,156000,158832,90419,7900.0,16006.773129653853,8.567583980038762,156137.3388330685,6.520398912058024
1728817010,7750,,Aggregated,215.300000,113.500000,7900,19000,21000,21000,32000,75000,75000,75000,106000,139000,156000,158976,90459,7900.0,16003.026327056543,8.567583980038762,156137.3388330685,6.523588466183575
1728817011,7760,,Aggregated,241.500000,138.900000,7900,19000,21000,21000,32000,75000,75000,75000,105000,139000,156000,159096,90471,7900.0,15995.247053560253,8.567583980038762,156137.3388330685,6.528127671343088
1728817012,7770,,Aggregated,254.000000,150.300000,7900,19000,21000,21000,32000,75000,75000,75000,105000,139000,156000,159216,90486,7900.0,15987.956649983684,8.567583980038762,156137.3388330685,6.532402522359562
1728817013,7780,,Aggregated,259.200000,154.200000,7900,19000,21000,21000,32000,75000,75000,75000,105000,139000,156000,159365,90530,7900.0,15988.320998350035,8.567583980038762,156137.3388330685,6.535456342358736
1728817014,7790,,Aggregated,261.700000,155.400000,7900,19000,21000,21000,32000,75000,75000,75000,105000,139000,156000,159542,90602,7900.0,15989.870495180014,8.567583980038762,156137.3388330685,6.537369470108184
1728817015,7800,,Aggregated,263.400000,157.000000,7900,19000,21000,21000,32000,75000,75000,75000,105000,139000,156000,159709,90660,7900.0,15988.481528877306,8.567583980038762,156137.3388330685,6.540057229085399
1728817016,7810,,Aggregated,267.800000,161.700000,7900,19000,21000,21000,32000,75000,75000,75000,105000,139000,156000,159860,90709,7900.0,15985.748606546982,8.567583980038762,156137.3388330685,6.542743650694358
1728817017,7820,,Aggregated,275.100000,168.800000,7900,19000,21000,21000,32000,75000,75000,75000,105000,139000,156000,159980,90730,7900.0,15980.204382356302,8.567583980038762,156137.3388330685,6.5464620577572195
1728817018,7830,,Aggregated,272.400000,166.200000,7900,19000,21000,21000,32000,75000,75000,75000,104000,139000,156000,160104,90755,7900.0,15975.368975112158,8.567583980038762,156137.3388330685,6.552003697596562
1728817019,7840,,Aggregated,215.700000,110.200000,7900,19000,21000,21000,32000,75000,75000,75000,104000,139000,156000,160228,90777,7900.0,15970.570256151575,8.567583980038762,156137.3388330685,6.556806550665302
1728817020,7850,,Aggregated,173.100000,67.800000,7900,19000,21000,21000,32000,75000,75000,75000,104000,139000,156000,160325,90795,7900.0,15966.893778521426,8.567583980038762,156137.3388330685,6.559694370809294
1728817021,7860,,Aggregated,149.600000,45.000000,7900,19000,21000,21000,32000,75000,75000,75000,104000,139000,156000,160420,90835,7900.0,15967.15736151448,8.567583980038762,156137.3388330685,6.560572247849396
1728817022,7870,,Aggregated,139.500000,35.700000,7900,19000,21000,21000,32000,75000,75000,75000,104000,139000,156000,160627,90972,7900.0,15980.425432711503,8.567583980038762,156137.3388330685,6.559133894052681
1728817023,7880,,Aggregated,135.000000,33.700000,7900,19000,21000,21000,32000,75000,75000,75000,106000,139000,156000,161040,91290,7900.0,16019.056517621613,8.567583980038762,156137.3388330685,6.577347242921014
1728817025,7890,,Aggregated,141.200000,48.700000,7900,19000,21000,21000,32000,75000,75000,75000,106000,139000,156000,161368,91546,7900.0,16044.592610917494,8.567583980038762,156137.3388330685,6.570205988795796
1728817026,7900,,Aggregated,167.800000,76.300000,7900,19000,21000,21000,34000,75000,75000,75000,106000,139000,156000,162568,92643,7900.0,16161.33691619254,8.567583980038762,156137.3388330685,6.530541065892426
1728817027,7910,,Aggregated,182.000000,93.800000,7900,19000,21000,21000,34000,75000,75000,75000,105000,139000,156000,163507,93495,7900.0,16251.33216587979,8.567583980038762,156137.3388330685,6.500461753931025
1728817028,7920,,Aggregated,270.000000,184.200000,7900,19000,21000,21000,34000,75000,75000,75000,104000,139000,156000,164451,94351,7900.0,16339.33032067022,8.567583980038762,156137.3388330685,6.470596104614748
1728817029,7930,,Aggregated,348.500000,264.000000,7900,19000,21000,21000,34000,75000,75000,75000,104000,139000,156000,165411,95215,7900.0,16425.680483225897,8.567583980038762,156137.3388330685,6.441107302416405
1728817030,7940,,Aggregated,437.600000,354.400000,7900,19000,21000,21000,34000,75000,75000,75000,104000,139000,156000,165857,95558,7900.0,16454.814938408057,8.567583980038762,156137.3388330685,6.432438787630308
1728817031,7950,,Aggregated,512.700000,429.800000,7900,19000,21000,21000,34000,75000,75000,75000,104000,139000,156000,165982,95593,7900.0,16452.446371611357,8.567583980038762,156137.3388330685,6.4351134460363175
1728817032,7960,,Aggregated,543.200000,463.600000,7900,19000,21000,21000,34000,75000,75000,75000,103000,139000,156000,166063,95593,7900.0,16446.972949439652,8.567583980038762,156137.3388330685,6.438743127608197
1728817033,7970,,Aggregated,564.100000,479.700000,7900,19000,21000,21000,34000,75000,75000,75000,103000,139000,156000,166202,95612,7900.0,16440.328827987447,8.567583980038762,156137.3388330685,6.4617032286013405
1728817034,7980,,Aggregated,562.900000,475.600000,7900,19000,21000,21000,34000,75000,75000,75000,104000,139000,156000,166306,95615,7900.0,16437.89467923894,8.567583980038762,156137.3388330685,6.468984883287434
1728817035,7990,,Aggregated,553.300000,461.900000,7900,19000,21000,21000,34000,75000,75000,75000,104000,139000,156000,166412,95615,7900.0,16429.64114883378,8.567583980038762,156137.3388330685,6.473727856164219
1728817036,8000,,Aggregated,524.300000,431.800000,7900,19000,21000,21000,34000,75000,75000,75000,104000,139000,156000,166512,95615,7900.0,16422.77335801735,8.567583980038762,156137.3388330685,6.4781997693859905
1728817037,8010,,Aggregated,502.300000,407.200000,7900,19000,21000,21000,34000,75000,75000,75000,104000,139000,156000,166613,95615,7900.0,16414.529664860132,8.567583980038762,156137.3388330685,6.4827294388793195
1728817038,8020,,Aggregated,407.900000,310.900000,7900,19000,21000,21000,34000,75000,75000,75000,104000,139000,156000,166711,95615,7900.0,16406.788360514674,8.567583980038762,156137.3388330685,6.487118426498552
1728817039,8030,,Aggregated,324.900000,226.300000,7900,19000,21000,21000,34000,75000,75000,75000,104000,139000,156000,166811,95615,7900.0,16399.966673607763,8.567583980038762,156137.3388330685,6.491574296659093
1728817040,8040,,Aggregated,233.600000,134.100000,7900,19000,21000,21000,34000,75000,75000,75000,104000,139000,156000,166910,95615,7900.0,16393.302832036843,8.567583980038762,156137.3388330685,6.495967886885148
1728817041,8050,,Aggregated,155.500000,56.100000,7900,19000,21000,21000,34000,75000,75000,75000,103000,139000,156000,167027,95615,7900.0,16384.362738846008,8.567583980038762,156137.3388330685,6.5011884306130145
1728817042,8060,,Aggregated,122.900000,20.200000,7900,19000,21000,21000,34000,75000,75000,75000,103000,139000,156000,167130,95615,7900.0,16377.159672745653,8.567583980038762,156137.3388330685,6.505750014958416
1728817043,8070,,Aggregated,103.700000,2.200000,7900,19000,21000,21000,34000,75000,75000,75000,103000,139000,156000,167240,95615,7900.0,16368.418716459997,8.567583980038762,156137.3388330685,6.510625448457307
1728817044,8080,,Aggregated,105.600000,2.200000,7900,19000,21000,21000,34000,75000,75000,75000,103000,139000,156000,167338,95615,7900.0,16360.835329580339,8.567583980038762,156137.3388330685,6.5149577501822655
1728817045,8090,,Aggregated,105.100000,2.200000,7900,19000,21000,21000,34000,75000,75000,75000,103000,139000,156000,167444,95615,7900.0,16352.716928976928,8.567583980038762,156137.3388330685,6.519612527173264
1728817046,8100,,Aggregated,102.400000,0.000000,7900,19000,21000,21000,34000,75000,75000,75000,103000,139000,156000,167545,95615,7900.0,16345.182430774257,8.567583980038762,156137.3388330685,6.5240681607926225
1728817047,8110,,Aggregated,102.500000,0.000000,7900,19000,21000,21000,34000,75000,75000,75000,104000,139000,156000,167633,95617,7900.0,16340.97441370132,8.567583980038762,156137.3388330685,6.529555636420037
1728817048,8120,,Aggregated,102.600000,0.000000,7900,19000,21000,21000,34000,75000,75000,75000,104000,139000,156000,167734,95617,7900.0,16333.906729881051,8.567583980038762,156137.3388330685,6.533976415038096
1728817049,8130,,Aggregated,101.300000,0.200000,7900,19000,21000,21000,34000,75000,75000,75000,104000,139000,156000,167826,95617,7900.0,16331.393570509734,8.567583980038762,156137.3388330685,6.538009605186324
1728817050,8140,,Aggregated,101.700000,0.200000,7900,19000,21000,21000,34000,75000,75000,75000,104000,139000,156000,167911,95617,7900.0,16325.776095515079,8.567583980038762,156137.3388330685,6.5417393738349485
1728817051,8150,,Aggregated,101.000000,0.200000,7900,19000,21000,21000,34000,75000,75000,75000,104000,139000,156000,167999,95617,7900.0,16319.95388884701,8.567583980038762,156137.3388330685,6.545586580872505
1728817052,8160,,Aggregated,100.400000,0.200000,7900,19000,21000,21000,34000,75000,75000,75000,104000,139000,156000,168100,95617,7900.0,16313.385982267237,8.567583980038762,156137.3388330685,6.550005948839976
1728817053,8170,,Aggregated,97.200000,0.200000,7900,19000,21000,21000,34000,75000,75000,75000,104000,139000,156000,168196,95617,7900.0,16308.637290676697,8.567583980038762,156137.3388330685,6.554216509310566
1728817054,8180,,Aggregated,96.200000,0.200000,7900,19000,21000,21000,34000,75000,75000,75000,104000,139000,156000,168303,95617,7900.0,16300.63653854255,8.567583980038762,156137.3388330685,6.558896751691889
1728817055,8190,,Aggregated,95.700000,0.200000,7900,19000,21000,21000,34000,75000,75000,75000,104000,139000,156000,168406,95617,7900.0,16293.8658879842,8.567583980038762,156137.3388330685,6.563388477845208
1728817056,8200,,Aggregated,95.900000,0.200000,7900,19000,21000,21000,34000,75000,75000,75000,104000,139000,156000,168515,95617,7900.0,16286.009429579635,8.567583980038762,156137.3388330685,6.568163071536659
1728817057,8210,,Aggregated,95.900000,0.200000,7900,19000,21000,21000,34000,75000,75000,75000,104000,139000,156000,168617,95617,7900.0,16278.600491663228,8.567583980038762,156137.3388330685,6.572575718936999
1728817058,8220,,Aggregated,96.400000,0.200000,7900,19000,21000,21000,34000,75000,75000,75000,104000,139000,156000,168713,95617,7900.0,16271.332290106966,8.567583980038762,156137.3388330685,6.576784243063664
1728817059,8230,,Aggregated,97.800000,0.000000,7900,19000,21000,21000,34000,75000,75000,75000,104000,139000,156000,168820,95617,7900.0,16264.009724597594,8.567583980038762,156137.3388330685,6.581400308020377
1728817060,8240,,Aggregated,97.600000,0.000000,7900,19000,21000,21000,34000,75000,75000,75000,104000,139000,156000,168922,95617,7900.0,16259.776358467587,8.567583980038762,156137.3388330685,6.585838434306958
1728817061,8250,,Aggregated,98.900000,0.000000,7900,19000,21000,21000,34000,75000,75000,75000,103000,139000,156000,169030,95617,7900.0,16252.268427314808,8.567583980038762,156137.3388330685,6.59050464414601
1728817062,8260,,Aggregated,99.800000,0.000000,7900,19000,21000,21000,34000,75000,75000,75000,103000,139000,156000,169132,95617,7900.0,16246.654583169624,8.567583980038762,156137.3388330685,6.5949022065605565
1728817063,8270,,Aggregated,101.900000,0.000000,7900,19000,21000,21000,34000,75000,75000,75000,103000,139000,156000,169230,95617,7900.0,16239.212939065794,8.567583980038762,156137.3388330685,6.59917272351238
1728817064,8280,,Aggregated,103.300000,0.000000,7900,19000,21000,21000,34000,75000,75000,75000,103000,139000,156000,169340,95617,7900.0,16231.076386354518,8.567583980038762,156137.3388330685,6.6039329160269284
1728817065,8290,,Aggregated,102.800000,0.000000,7900,19000,21000,21000,34000,75000,75000,75000,103000,139000,156000,169454,95617,7900.0,16225.162681353657,8.567583980038762,156137.3388330685,6.608820092768539
1728817066,8300,,Aggregated,103.200000,0.000000,7900,19000,21000,21000,34000,75000,75000,75000,103000,139000,156000,169561,95617,7900.0,16217.49339375053,8.567583980038762,156137.3388330685,6.613413461821999
1728817067,8310,,Aggregated,104.600000,0.000000,7900,19000,21000,21000,34000,75000,75000,75000,103000,139000,156000,169661,95617,7900.0,16210.362936468047,8.567583980038762,156137.3388330685,6.617720041730274
1728817068,8320,,Aggregated,104.600000,0.000000,7900,19000,21000,21000,34000,75000,75000,75000,103000,139000,156000,169753,95617,7900.0,16203.792168990032,8.567583980038762,156137.3388330685,6.62166795284914
1728817069,8330,,Aggregated,104.600000,0.000000,7900,19000,21000,21000,34000,75000,75000,75000,103000,139000,156000,169860,95617,7900.0,16196.934571573263,8.567583980038762,156137.3388330685,6.6262451430589895
1728817070,8340,,Aggregated,104.100000,0.000000,7900,19000,21000,21000,34000,75000,75000,75000,103000,139000,156000,169964,95617,7900.0,16189.152074636024,8.567583980038762,156137.3388330685,6.63068649831729
1728817071,8350,,Aggregated,104.200000,0.000000,7900,19000,21000,21000,34000,75000,75000,75000,103000,139000,156000,170067,95617,7900.0,16181.796637105155,8.567583980038762,156137.3388330685,6.635102636019922
1728817072,8360,,Aggregated,104.500000,0.000000,7900,19000,21000,21000,34000,75000,75000,75000,103000,139000,156000,170179,95627,7900.0,16178.304968104536,8.567583980038762,156137.3388330685,6.63903301817498
1728817073,8370,,Aggregated,104.000000,0.000000,7900,19000,21000,21000,34000,75000,75000,75000,103000,139000,156000,170297,95637,7900.0,16173.967150254772,8.567583980038762,156137.3388330685,6.643282030805006
1728817074,8380,,Aggregated,104.500000,1.000000,7900,19000,21000,21000,34000,75000,75000,75000,103000,139000,156000,170439,95675,7900.0,16178.120253839248,8.567583980038762,156137.3388330685,6.646219468548865
1728817075,8390,,Aggregated,107.200000,2.000000,7900,19000,21000,21000,34000,75000,75000,75000,103000,139000,156000,170628,95766,7900.0,16196.336110018461,8.567583980038762,156137.3388330685,6.646863351853154
1728817076,8400,,Aggregated,107.600000,3.100000,7900,19000,21000,21000,34000,75000,75000,75000,103000,139000,156000,170787,95815,7900.0,16202.087067022696,8.567583980038762,156137.3388330685,6.649622043832376
1728817077,8410,,Aggregated,117.000000,13.600000,7900,19000,21000,21000,34000,75000,75000,75000,103000,139000,156000,170929,95849,7900.0,16205.0118077692,8.567583980038762,156137.3388330685,6.652931919100913
1728817078,8420,,Aggregated,121.900000,19.400000,7900,19000,21000,21000,34000,75000,75000,75000,102000,139000,156000,171078,95902,7900.0,16213.772441458801,8.567583980038762,156137.3388330685,6.654952711628614
1728817079,8430,,Aggregated,126.000000,22.700000,7900,19000,21000,21000,34000,75000,75000,75000,102000,139000,156000,171247,95971,7900.0,16227.230039060645,8.567583980038762,156137.3388330685,6.656531209305856
1728817080,8440,,Aggregated,131.200000,27.000000,7900,19000,21000,21000,34000,75000,75000,75000,102000,139000,156000,171486,96092,7900.0,16252.926052404566,8.567583980038762,156137.3388330685,6.656829128908482
1728817081,8450,,Aggregated,137.700000,34.200000,7900,19000,21000,21000,34000,75000,75000,75000,102000,139000,156000,171622,96161,7900.0,16267.448488615886,8.567583980038762,156137.3388330685,6.656984535782126
1728817082,8460,,Aggregated,144.800000,42.400000,7900,19000,21000,21000,34000,75000,75000,75000,102000,139000,156000,172554,97034,7900.0,16473.006598140902,8.567583980038762,156137.3388330685,6.625780914959955
1728817083,8470,,Aggregated,150.400000,50.500000,7900,19000,21000,22000,34000,75000,75000,75000,101000,139000,156000,173804,98215,7900.0,16768.162993460322,8.567583980038762,156137.3388330685,6.583657453223171
1728817084,8480,,Aggregated,160.000000,64.400000,7900,19000,21000,22000,35000,75000,75000,75000,100000,139000,156000,175098,99419,7900.0,17086.970620069445,8.567583980038762,156137.3388330685,6.542164959051503
1728817085,8490,,Aggregated,264.800000,174.200000,7900,19000,21000,22000,54000,75000,75000,75000,100000,139000,156000,176455,100689,7900.0,17390.266587970014,8.567583980038762,156137.3388330685,6.498710719446884
1728817086,8500,,Aggregated,372.800000,284.700000,7900,19000,21000,22000,54000,75000,75000,75000,100000,139000,156000,177113,101266,7900.0,17523.215215235232,8.567583980038762,156137.3388330685,6.480924607453998
1728817087,8510,,Aggregated,505.300000,419.000000,7900,19000,21000,22000,54000,75000,75000,75000,100000,139000,156000,177385,101469,7900.0,17566.569144788453,8.567583980038762,156137.3388330685,6.4763931561293235
1728817088,8520,,Aggregated,599.300000,514.400000,7900,19000,21000,22000,54000,75000,75000,75000,102000,139000,156000,177805,101826,7900.0,17659.54683521773,8.567583980038762,156137.3388330685,6.466027389555975
1728817089,8530,,Aggregated,631.400000,549.700000,7900,19000,21000,22000,54000,75000,75000,75000,102000,139000,156000,178393,102323,7900.0,17780.0344522044,8.567583980038762,156137.3388330685,6.4518226612030745
1728817091,8540,,Aggregated,647.100000,568.200000,7900,19000,21000,22000,54000,75000,75000,75000,102000,139000,156000,178788,102633,7900.0,17851.101986528596,8.567583980038762,156137.3388330685,6.444213258160503
1728817092,8550,,Aggregated,722.700000,647.000000,7900,19000,21000,22000,54000,75000,75000,75000,102000,139000,156000,178964,102644,7900.0,17842.027952942903,8.567583980038762,156137.3388330685,6.450666055743055
1728817093,8560,,Aggregated,724.900000,651.100000,7900,19000,21000,22000,54000,75000,75000,75000,101000,139000,156000,179055,102655,7900.0,17838.873622339834,8.567583980038762,156137.3388330685,6.45362039596772
1728817094,8570,,Aggregated,719.800000,637.300000,7900,19000,21000,22000,54000,75000,75000,75000,101000,139000,156000,179143,102665,7900.0,17834.867208293654,8.567583980038762,156137.3388330685,6.456478902329424
1728817095,8580,,Aggregated,612.300000,527.600000,7900,19000,21000,22000,54000,75000,75000,75000,101000,139000,156000,179223,102675,7900.0,17831.253330812815,8.567583980038762,156137.3388330685,6.4590370655552025
1728817096,8590,,Aggregated,502.100000,417.000000,7900,19000,21000,22000,54000,75000,75000,75000,101000,139000,156000,179305,102685,7900.0,17828.19992914265,8.567583980038762,156137.3388330685,6.461660299489696
1728817097,8600,,Aggregated,357.000000,273.200000,7900,19000,21000,22000,54000,75000,75000,75000,101000,139000,156000,179377,102694,7900.0,17825.244073307444,8.567583980038762,156137.3388330685,6.463955802583386
1728817098,8610,,Aggregated,255.000000,173.000000,7900,19000,21000,22000,54000,75000,75000,75000,101000,139000,156000,179449,102704,7900.0,17823.108319512103,8.567583980038762,156137.3388330685,6.466160301812772
1728817099,8620,,Aggregated,216.100000,135.300000,7900,19000,21000,22000,54000,75000,75000,75000,101000,139000,156000,179527,102714,7900.0,17820.555175332494,8.567583980038762,156137.3388330685,6.468620318949239
1728817100,8630,,Aggregated,192.800000,113.500000,7900,19000,21000,22000,54000,75000,75000,75000,101000,139000,156000,179620,102724,7900.0,17816.835657276722,8.567583980038762,156137.3388330685,6.4716902349404295
1728817101,8640,,Aggregated,159.000000,79.200000,7900,19000,21000,22000,54000,75000,75000,75000,101000,139000,156000,179721,102734,7900.0,17812.748886371133,8.567583980038762,156137.3388330685,6.475091948075072
1728817102,8650,,Aggregated,99.500000,21.300000,7900,19000,21000,22000,54000,75000,75000,75000,101000,139000,156000,179815,102744,7900.0,17808.630114483673,8.567583980038762,156137.3388330685,6.478174790757167
1728817103,8660,,Aggregated,90.600000,9.100000,7900,19000,21000,22000,54000,75000,75000,75000,101000,139000,156000,179910,102754,7900.0,17804.27817333322,8.567583980038762,156137.3388330685,6.481323995330999
1728817104,8670,,Aggregated,85.500000,10.000000,7900,19000,21000,22000,54000,75000,75000,75000,101000,139000,156000,180008,102762,7900.0,17801.54581484693,8.567583980038762,156137.3388330685,6.484767343673615
1728817105,8680,,Aggregated,85.000000,9.900000,7900,19000,21000,22000,54000,75000,75000,75000,101000,139000,156000,180105,102772,7900.0,17800.02063246512,8.567583980038762,156137.3388330685,6.4879875628105825
1728817106,8690,,Aggregated,86.100000,9.700000,7900,19000,21000,22000,54000,75000,75000,75000,101000,139000,156000,180208,102783,7900.0,17794.517932755058,8.567583980038762,156137.3388330685,6.492258945218858
1728817107,8700,,Aggregated,88.000000,9.700000,7900,19000,21000,22000,54000,75000,75000,75000,101000,139000,156000,180292,102793,7900.0,17791.98603582296,8.567583980038762,156137.3388330685,6.494958178954141
1728817108,8710,,Aggregated,90.100000,9.800000,7900,19000,21000,22000,54000,75000,75000,75000,101000,139000,156000,180384,102804,7900.0,17789.342400964088,8.567583980038762,156137.3388330685,6.498785923363491
1728817109,8720,,Aggregated,90.700000,9.900000,7900,19000,21000,22000,54000,75000,75000,75000,101000,139000,156000,180475,102814,7900.0,17785.531917387925,8.567583980038762,156137.3388330685,6.501770328300319
1728817110,8730,,Aggregated,93.100000,10.000000,7900,19000,21000,22000,54000,75000,75000,75000,101000,139000,156000,180568,102824,7900.0,17781.25065080377,8.567583980038762,156137.3388330685,6.504818129458155
1728817111,8740,,Aggregated,94.900000,10.000000,7900,19000,21000,22000,54000,75000,75000,75000,101000,139000,156000,180651,102834,7900.0,17778.63524782291,8.567583980038762,156137.3388330685,6.507470204980875
1728817112,8750,,Aggregated,95.000000,10.000000,7900,19000,21000,22000,54000,75000,75000,75000,102000,139000,156000,180752,102846,7900.0,17776.597720646503,8.567583980038762,156137.3388330685,6.513349783128264
1728817113,8760,,Aggregated,94.400000,11.000000,7900,19000,21000,22000,54000,75000,75000,75000,102000,139000,156000,180848,102856,7900.0,17773.75876277063,8.567583980038762,156137.3388330685,6.51647792621428
1728817114,8770,,Aggregated,93.000000,9.900000,7900,19000,21000,22000,54000,75000,75000,75000,102000,139000,156000,180954,102866,7900.0,17768.1648049608,8.567583980038762,156137.3388330685,6.520049294295788
1728817115,8780,,Aggregated,93.400000,10.200000,7900,19000,21000,22000,54000,75000,75000,75000,101000,139000,156000,181055,102876,7900.0,17765.142177728474,8.567583980038762,156137.3388330685,6.523415536715363
1728817116,8790,,Aggregated,94.000000,10.400000,7900,19000,21000,22000,54000,75000,75000,75000,101000,139000,156000,181156,102886,7900.0,17761.386280893534,8.567583980038762,156137.3388330685,6.526755945152244
1728817117,8800,,Aggregated,94.000000,10.400000,7900,19000,21000,22000,54000,75000,75000,75000,101000,139000,156000,181258,102896,7900.0,17758.04690521937,8.567583980038762,156137.3388330685,6.530155910359818
1728817118,8810,,Aggregated,94.100000,10.300000,7900,19000,21000,22000,54000,75000,75000,75000,101000,139000,156000,181345,102905,7900.0,17754.183158579897,8.567583980038762,156137.3388330685,6.532989605448179
1728817119,8820,,Aggregated,95.700000,10.300000,7900,19000,21000,22000,54000,75000,75000,75000,101000,139000,156000,181442,102915,7900.0,17750.801384316837,8.567583980038762,156137.3388330685,6.53614378148389
1728817120,8830,,Aggregated,95.500000,10.100000,7900,19000,21000,22000,54000,75000,75000,75000,101000,139000,156000,181544,102925,7900.0,17745.41199987446,8.567583980038762,156137.3388330685,6.539511082712731
1728817121,8840,,Aggregated,95.600000,10.100000,7900,19000,21000,22000,54000,75000,75000,75000,101000,139000,156000,181634,102935,7900.0,17741.123937919805,8.567583980038762,156137.3388330685,6.542414966360924
1728817122,8850,,Aggregated,96.500000,10.100000,7900,19000,21000,22000,54000,75000,75000,75000,101000,139000,156000,181729,102945,7900.0,17738.02097791768,8.567583980038762,156137.3388330685,6.545499067292507
1728817123,8860,,Aggregated,97.400000,10.100000,7900,19000,21000,22000,54000,75000,75000,75000,103000,139000,156000,181819,102955,7900.0,17736.04508847742,8.567583980038762,156137.3388330685,6.548380532287605
1728817124,8870,,Aggregated,97.100000,10.200000,7900,19000,21000,22000,54000,75000,75000,75000,103000,139000,156000,181929,102965,7900.0,17730.22286236595,8.567583980038762,156137.3388330685,6.552078008453847
1728817125,8880,,Aggregated,96.800000,9.900000,7900,19000,21000,22000,54000,75000,75000,75000,102000,139000,156000,182034,102975,7900.0,17725.13018224867,8.567583980038762,156137.3388330685,6.555561049034796
1728817126,8890,,Aggregated,96.800000,9.900000,7900,19000,21000,22000,54000,75000,75000,75000,102000,139000,156000,182133,102985,7900.0,17721.883483427824,8.567583980038762,156137.3388330685,6.558783965563626
1728817127,8900,,Aggregated,97.500000,9.900000,7900,19000,21000,22000,54000,75000,75000,75000,102000,139000,156000,182244,103007,7900.0,17719.69378912399,8.567583980038762,156137.3388330685,6.5706196088760125
